canal,marca_canal,item_id,model_id,seller_sku,sinal_kit,fonte_do_sinal,ativo,escopo,preco_observado,sku_protheus_candidato,metodo,status_ponte,marca_kit_interno,marca_divergente_do_canal,fonte_composicao,rota_empirica,pedidos_de_evidencia,ultima_nf_evidencia,n_componentes,unidades,sem_ref,sem_custo,sem_est,cruza_marca,desconto_pct,reference_base,kit_reference_price,motivo_ref,kit_unit_cost,motivo_custo,kit_available_units,motivo_disp,aprovacao_humana_necessaria
tiktok,kokeshi,1736333598178182419,,40110,kit_suspected,title,True,in_scope,170.9,,produto_interno_sem_codigo_protheus,UNMAPPED,,False,,,,,,,,,,,,,,sem composicao alcancavel,,sem composicao alcancavel,,sem composicao alcancavel,False
shopee,lescent,58158576082,,KIT007,kit_suspected,sku_prefix,True,in_scope,69.93,KIT007,bom_empirica_nf,CANDIDATE_REVIEW,lescent,True,nf_empirica,pedido_marketplace,12,2026-09-23 15:10:35,5,5.0,2,0,3,3,0.15,,,2 componente(s) sem referencia B2B,40.866,,,3 de 5 componente(s) sem saldo utilizavel,True
shopee,lescent,54408581546,,KIT010,kit_suspected,sku_prefix,True,in_scope,69.93,KIT010,bom_empirica_nf,CANDIDATE_REVIEW,lescent,True,nf_empirica,pedido_marketplace,4,2026-08-31 15:06:28,4,4.0,4,0,1,2,0.15,,,4 componente(s) sem referencia B2B,50.5686,,,1 de 4 componente(s) sem saldo utilizavel,True
shopee,rituaria,23493696563,,MLLIMPDUPL,kit_confirmed,channel_flag,True,in_scope,130.13,,produto_interno_sem_codigo_protheus,UNMAPPED,,False,,,,,,,,,,,,,,sem composicao alcancavel,,sem composicao alcancavel,,sem composicao alcancavel,False
shopee,rituaria,23393735263,,MLANTIOXNFABU,kit_confirmed,channel_flag,True,in_scope,168.63,MLANTIOXNFABU,bom_empirica_nf,CANDIDATE_REVIEW,rituaria,False,nf_empirica,pedido_marketplace,7,2026-09-01 21:55:41,2,2.0,2,2,2,0,0.05,,,2 componente(s) sem referencia B2B,,2 componente(s) sem custo,,2 de 2 componente(s) sem saldo utilizavel,True
shopee,barbours,47513375815,,BB02090,kit_suspected,title,True,in_scope,79.73,,produto_interno_sem_codigo_protheus,UNMAPPED,,False,,,,,,,,,,,,,,sem composicao alcancavel,,sem composicao alcancavel,,sem composicao alcancavel,False
shopee,lescent,52258586269,,KIT012,kit_suspected,sku_prefix,True,in_scope,69.93,KIT012,bom_empirica_nf,CANDIDATE_REVIEW,lescent,True,nf_empirica,pedido_marketplace,3,2026-09-13 19:53:11,4,4.0,3,0,2,3,0.15,,,3 componente(s) sem referencia B2B,39.5235,,,2 de 4 componente(s) sem saldo utilizavel,True
shopee,lescent,28294565754,,KIT006,kit_suspected,sku_prefix,True,in_scope,69.93,KIT006,bom_empirica_nf,CANDIDATE_REVIEW,lescent,True,nf_empirica,pedido_marketplace,2,2026-09-20 20:40:44,4,4.0,2,1,2,2,0.15,,,2 componente(s) sem referencia B2B,,1 componente(s) sem custo,,2 de 4 componente(s) sem saldo utilizavel,True
shopee,apice,58265759217,,01346,kit_suspected,title,True,in_scope,19.53,,produto_interno_sem_codigo_protheus,UNMAPPED,,False,,,,,,,,,,,,,,sem composicao alcancavel,,sem composicao alcancavel,,sem composicao alcancavel,False
shopee,lescent,50408581234,,KIT005,kit_suspected,sku_prefix,True,in_scope,69.93,KIT005,bom_empirica_nf,CANDIDATE_REVIEW,lescent,True,nf_empirica,pedido_marketplace,6,2026-09-23 22:00:25,7,7.0,3,2,4,5,0.15,,,3 componente(s) sem referencia B2B,,2 componente(s) sem custo,,4 de 7 componente(s) sem saldo utilizavel,True
shopee,barbours,20498290475,,KIT045,kit_confirmed,channel_flag,False,in_scope,242.9,KIT045,bom_empirica_nf,CANDIDATE_REVIEW,barbours,False,nf_empirica,pedido_marketplace,4,2026-09-09 23:44:40,2,2.0,0,0,2,2,0.05,99.8,94.81,,17.0483,,,2 de 2 componente(s) sem saldo utilizavel,True
shopee,barbours,22598846773,,KIT039,kit_confirmed,channel_flag,True,in_scope,256.9,,produto_interno_sem_codigo_protheus,UNMAPPED,,False,,,,,,,,,,,,,,sem composicao alcancavel,,sem composicao alcancavel,,sem composicao alcancavel,False
shopee,barbours,22198866598,,KIT059,kit_confirmed,channel_flag,False,in_scope,356.9,,produto_interno_sem_codigo_protheus,UNMAPPED,,False,,,,,,,,,,,,,,sem composicao alcancavel,,sem composicao alcancavel,,sem composicao alcancavel,False
shopee,barbours,22194353816,,KIT001,kit_confirmed,channel_flag,False,in_scope,199.9,KIT001,bom_empirica_nf,CANDIDATE_REVIEW,barbours,False,nf_empirica,pedido_marketplace,48,2026-09-24 22:31:33,5,5.0,3,1,2,3,0.15,,,3 componente(s) sem referencia B2B,,1 componente(s) sem custo,,2 de 5 componente(s) sem saldo utilizavel,True
shopee,barbours,23498842442,,KIT081,kit_confirmed,channel_flag,False,in_scope,256.9,KIT081,bom_empirica_nf,CANDIDATE_REVIEW,barbours,True,nf_empirica,pedido_marketplace,3,2026-09-22 21:27:59,6,6.0,2,1,6,6,0.15,,,2 componente(s) sem referencia B2B,,1 componente(s) sem custo,,6 de 6 componente(s) sem saldo utilizavel,True
shopee,barbours,23098838412,,KIT079,kit_confirmed,channel_flag,False,in_scope,185.9,,produto_interno_sem_codigo_protheus,UNMAPPED,,True,,,,,,,,,,,,,,sem composicao alcancavel,,sem composicao alcancavel,,sem composicao alcancavel,False
shopee,barbours,19498296747,,KIT056,kit_confirmed,channel_flag,True,in_scope,139.9,KIT056,bom_empirica_nf,CANDIDATE_REVIEW,barbours,False,nf_empirica,pedido_marketplace,7,2026-08-29 11:31:34,4,4.0,0,0,4,4,0.15,195.6,166.26,,44.5101,,,4 de 4 componente(s) sem saldo utilizavel,True
shopee,barbours,21998275002,,KIT011,kit_confirmed,channel_flag,False,in_scope,199.9,KIT011,bom_empirica_nf,CANDIDATE_REVIEW,barbours,False,nf_empirica,pedido_marketplace,3,2026-09-19 20:14:05,8,8.0,3,0,5,7,0.15,,,3 componente(s) sem referencia B2B,80.7362,,,5 de 8 componente(s) sem saldo utilizavel,True
shopee,barbours,23298849446,,KIT092,kit_confirmed,channel_flag,True,in_scope,112.9,KIT092,bom_empirica_nf,CANDIDATE_REVIEW,barbours,False,nf_empirica,pedido_marketplace,53,2026-09-24 16:03:14,2,2.0,1,0,2,2,0.05,,,1 componente(s) sem referencia B2B,24.406,,,2 de 2 componente(s) sem saldo utilizavel,True
shopee,barbours,22594354568,,KIT047,kit_confirmed,channel_flag,False,in_scope,285.9,KIT047,bom_empirica_nf,CANDIDATE_REVIEW,barbours,True,nf_empirica,pedido_marketplace,13,2026-09-04 21:50:02,3,3.0,0,0,3,3,0.1,179.7,161.73,,30.7383,,,3 de 3 componente(s) sem saldo utilizavel,True
shopee,barbours,23498837953,,KIT065,kit_confirmed,channel_flag,False,in_scope,175.9,,produto_interno_sem_codigo_protheus,UNMAPPED,,False,,,,,,,,,,,,,,sem composicao alcancavel,,sem composicao alcancavel,,sem composicao alcancavel,False
shopee,barbours,22998837024,,KIT040,kit_confirmed,channel_flag,False,in_scope,112.9,,produto_interno_sem_codigo_protheus,UNMAPPED,,False,,,,,,,,,,,,,,sem composicao alcancavel,,sem composicao alcancavel,,sem composicao alcancavel,False
shopee,barbours,22394353191,,KIT022,kit_confirmed,channel_flag,False,in_scope,270.9,KIT022,bom_empirica_nf,CANDIDATE_REVIEW,barbours,False,nf_empirica,pedido_marketplace,1,2026-07-29 14:55:55,6,6.0,1,0,4,4,0.15,,,1 componente(s) sem referencia B2B,76.5855,,,4 de 6 componente(s) sem saldo utilizavel,True
shopee,barbours,23298841779,,KIT051,kit_confirmed,channel_flag,True,in_scope,100.03,KIT051,bom_empirica_nf,CANDIDATE_REVIEW,barbours,False,nf_empirica,pedido_marketplace,3,2026-09-12 13:03:21,2,2.0,1,0,1,1,0.05,,,1 componente(s) sem referencia B2B,30.2833,,,1 de 2 componente(s) sem saldo utilizavel,True
shopee,barbours,23094341513,,KIT064,kit_confirmed,channel_flag,False,in_scope,102.9,,produto_interno_sem_codigo_protheus,UNMAPPED,,False,,,,,,,,,,,,,,sem composicao alcancavel,,sem composicao alcancavel,,sem composicao alcancavel,False
shopee,barbours,23994338858,,KIT084,kit_confirmed,channel_flag,False,in_scope,185.9,KIT084,bom_empirica_nf,CANDIDATE_REVIEW,barbours,False,nf_empirica,pedido_marketplace,45,2026-09-21 06:51:01,2,2.0,0,0,2,2,0.05,108.8,103.36,,32.3736,,,2 de 2 componente(s) sem saldo utilizavel,True
shopee,barbours,23794340994,,KIT072,kit_confirmed,channel_flag,False,in_scope,247.9,,codigo_nao_encontrado_em_nenhuma_ponte,UNMAPPED,,False,,,,,,,,,,,,,,sem composicao alcancavel,,sem composicao alcancavel,,sem composicao alcancavel,False
shopee,barbours,23994341744,,KIT083,kit_confirmed,channel_flag,False,in_scope,185.9,,produto_interno_sem_codigo_protheus,UNMAPPED,,True,,,,,,,,,,,,,,sem composicao alcancavel,,sem composicao alcancavel,,sem composicao alcancavel,False
shopee,barbours,23998832834,,KIT067,kit_confirmed,channel_flag,False,in_scope,242.9,,produto_interno_sem_codigo_protheus,UNMAPPED,,False,,,,,,,,,,,,,,sem composicao alcancavel,,sem composicao alcancavel,,sem composicao alcancavel,False
shopee,lescent,54958581448,,KIT008,kit_suspected,sku_prefix,True,in_scope,69.93,KIT008,bom_empirica_nf,CANDIDATE_REVIEW,lescent,True,nf_empirica,pedido_marketplace,3,2026-09-24 10:44:32,10,10.0,5,0,8,8,0.15,,,5 componente(s) sem referencia B2B,123.2273,,,8 de 10 componente(s) sem saldo utilizavel,True
shopee,lescent,40079944298,,KIT014,kit_suspected,sku_prefix,True,in_scope,69.93,KIT014,bom_empirica_nf,CANDIDATE_REVIEW,lescent,True,nf_empirica,pedido_marketplace,1,2026-07-12 10:43:07,2,2.0,2,0,0,0,0.05,,,2 componente(s) sem referencia B2B,15.5714,,438,,True
shopee,lescent,43379940371,,KIT013,kit_suspected,sku_prefix,True,in_scope,99.9,KIT013,bom_empirica_nf,CANDIDATE_REVIEW,lescent,True,nf_empirica,pedido_marketplace,43,2026-09-10 12:57:56,2,2.0,0,0,2,2,0.05,99.8,94.81,,40.8647,,,2 de 2 componente(s) sem saldo utilizavel,True
shopee,lescent,47458596911,,KIT011,kit_suspected,sku_prefix,True,in_scope,69.93,KIT011,bom_empirica_nf,CANDIDATE_REVIEW,lescent,True,nf_empirica,pedido_marketplace,3,2026-09-19 20:14:05,8,8.0,3,0,5,5,0.15,,,3 componente(s) sem referencia B2B,80.7362,,,5 de 8 componente(s) sem saldo utilizavel,True
shopee,lescent,46458597611,,KIT016,kit_suspected,sku_prefix,True,in_scope,79.03,KIT016,bom_empirica_nf,CANDIDATE_REVIEW,lescent,True,nf_empirica,pedido_marketplace,1,2026-09-22 02:11:13,4,4.0,4,1,0,1,0.15,,,4 componente(s) sem referencia B2B,,1 componente(s) sem custo,854,,True
shopee,barbours,23998839741,,KIT085,kit_confirmed,channel_flag,False,in_scope,185.9,KIT085,bom_empirica_nf,CANDIDATE_REVIEW,barbours,True,nf_empirica,pedido_marketplace,4,2026-09-14 12:09:06,3,3.0,0,0,3,3,0.1,155.02,139.52,,29.8933,,,3 de 3 componente(s) sem saldo utilizavel,True
shopee,lescent,46408597345,,KIT015,kit_suspected,sku_prefix,True,in_scope,99.9,KIT015,bom_empirica_nf,CANDIDATE_REVIEW,lescent,True,nf_empirica,pedido_marketplace,2,2026-09-05 22:46:50,5,5.0,2,0,3,3,0.15,,,2 componente(s) sem referencia B2B,74.0102,,,3 de 5 componente(s) sem saldo utilizavel,True
shopee,lescent,45308605838,,KIT009,kit_suspected,sku_prefix,True,in_scope,99.9,KIT009,bom_empirica_nf,CANDIDATE_REVIEW,lescent,True,nf_empirica,pedido_marketplace,185,2026-09-24 16:11:39,4,4.0,0,0,4,4,0.15,204.6,173.91,,33.7517,,,4 de 4 componente(s) sem saldo utilizavel,True
shopee,rituaria,23099016219,179409834773,MLUNIFHIDRA,kit_confirmed,channel_flag,True,in_scope,160.9,MLUNIFHIDRA,bom_empirica_nf,CANDIDATE_REVIEW,rituaria,False,nf_empirica,pedido_bling,1,2025-11-30 00:53:10,2,2.0,2,2,2,0,0.05,,,2 componente(s) sem referencia B2B,,2 componente(s) sem custo,,2 de 2 componente(s) sem saldo utilizavel,True
shopee,rituaria,22694210842,219609311610,MLROSALUMI,kit_confirmed,channel_flag,True,in_scope,89.53,MLROSALUMI,bom_empirica_nf,CANDIDATE_REVIEW,rituaria,False,nf_empirica,pedido_marketplace,1,2026-07-11 09:12:07,2,2.0,2,1,2,0,0.05,,,2 componente(s) sem referencia B2B,,1 componente(s) sem custo,,2 de 2 componente(s) sem saldo utilizavel,True
shopee,apice,22694751159,239434621350,KIT029,kit_confirmed,channel_flag,True,in_scope,299.53,KIT029,bom_empirica_nf,CANDIDATE_REVIEW,apice,True,nf_empirica,pedido_marketplace,45,2026-09-22 09:36:46,6,6.0,0,0,6,0,0.15,320.4,272.34,,112.343,,,6 de 6 componente(s) sem saldo utilizavel,True
shopee,rituaria,22395177148,199192150731,MLBRAIN4MAG,kit_confirmed,channel_flag,True,in_scope,100.03,MLBRAIN4MAG,bom_empirica_nf,CANDIDATE_REVIEW,rituaria,False,nf_empirica,pedido_marketplace,142,2026-09-22 19:40:08,2,2.0,2,2,2,0,0.05,,,2 componente(s) sem referencia B2B,,2 componente(s) sem custo,,2 de 2 componente(s) sem saldo utilizavel,True
shopee,rituaria,23599138278,219181440300,MKPPRENACMAG,kit_confirmed,channel_flag,True,in_scope,200.13,MKPPRENACMAG,bom_empirica_nf,CANDIDATE_REVIEW,rituaria,False,nf_empirica,pedido_marketplace,902,2026-09-22 09:49:52,3,3.0,3,3,3,0,0.1,,,3 componente(s) sem referencia B2B,,3 componente(s) sem custo,,3 de 3 componente(s) sem saldo utilizavel,True
shopee,rituaria,23899002262,228792598668,MLESSENCIAL,kit_confirmed,channel_flag,True,in_scope,233.73,MLESSENCIAL,bom_empirica_nf,CANDIDATE_REVIEW,rituaria,False,nf_empirica,pedido_marketplace,5,2026-06-26 13:43:26,2,2.0,2,2,2,0,0.05,,,2 componente(s) sem referencia B2B,,2 componente(s) sem custo,,2 de 2 componente(s) sem saldo utilizavel,True
shopee,rituaria,21999901662,109870653608,RITUAL-FABULOSO_SHOP,kit_confirmed,channel_flag,True,in_scope,168.63,RITUAL-FABULOSO_SHOP,bom_empirica_nf,CANDIDATE_REVIEW,rituaria,False,nf_empirica,pedido_marketplace,1,2026-07-18 13:11:44,2,2.0,2,2,2,0,0.05,,,2 componente(s) sem referencia B2B,,2 componente(s) sem custo,,2 de 2 componente(s) sem saldo utilizavel,True
shopee,apice,22894400716,109725389303,KIT048,kit_confirmed,channel_flag,True,in_scope,93.03,KIT048,bom_empirica_nf,CANDIDATE_REVIEW,apice,True,nf_empirica,pedido_marketplace,5,2026-09-24 23:11:28,5,5.0,1,1,4,3,0.15,,,1 componente(s) sem referencia B2B,,1 componente(s) sem custo,,4 de 5 componente(s) sem saldo utilizavel,True
shopee,apice,23094400746,219179354818,KIT057,kit_confirmed,channel_flag,True,in_scope,499.9,KIT057,bom_empirica_nf,CANDIDATE_REVIEW,apice,True,nf_empirica,pedido_marketplace,3,2026-07-23 08:50:27,3,3.0,1,1,1,3,0.1,,,1 componente(s) sem referencia B2B,,1 componente(s) sem custo,,1 de 3 componente(s) sem saldo utilizavel,True
shopee,apice,58255312733,238801381198,KIT073,kit_confirmed,channel_flag,True,in_scope,209.93,KIT073,bom_empirica_nf,CANDIDATE_REVIEW,apice,False,nf_empirica,pedido_marketplace,60,2026-09-21 16:42:00,5,5.0,0,0,5,0,0.15,250.5,212.92,,100.473,,,5 de 5 componente(s) sem saldo utilizavel,True
shopee,apice,58206173762,228801256842,KIT077,kit_confirmed,channel_flag,True,in_scope,165.13,,codigo_nao_encontrado_em_nenhuma_ponte,UNMAPPED,,False,,,,,,,,,,,,,,sem composicao alcancavel,,sem composicao alcancavel,,sem composicao alcancavel,False
shopee,apice,58253753809,149789730214,KIT015,kit_confirmed,channel_flag,True,in_scope,139.93,KIT015,bom_empirica_nf,CANDIDATE_REVIEW,apice,True,nf_empirica,pedido_marketplace,2,2026-09-05 22:46:50,5,5.0,2,0,3,2,0.15,,,2 componente(s) sem referencia B2B,74.0102,,,3 de 5 componente(s) sem saldo utilizavel,True
shopee,apice,58252401987,139837549638,KIT019,kit_confirmed,channel_flag,True,in_scope,132.93,KIT019,bom_empirica_nf,CANDIDATE_REVIEW,apice,False,nf_empirica,pedido_marketplace,48,2026-09-22 13:08:44,3,3.0,0,0,3,0,0.1,154.7,139.23,,61.6447,,,3 de 3 componente(s) sem saldo utilizavel,True
shopee,barbours,20598294782,129835346654,KIT017,kit_confirmed,channel_flag,False,in_scope,112.9,KIT017,bom_empirica_nf,CANDIDATE_REVIEW,barbours,False,nf_empirica,pedido_marketplace,5,2026-09-09 12:30:29,5,5.0,2,1,3,4,0.15,,,2 componente(s) sem referencia B2B,,1 componente(s) sem custo,,3 de 5 componente(s) sem saldo utilizavel,True
shopee,rituaria,23599011004,239430000114,MLTRIOUNIF,kit_confirmed,channel_flag,True,in_scope,249.83,,produto_interno_sem_codigo_protheus,UNMAPPED,,False,,,,,,,,,,,,,,sem composicao alcancavel,,sem composicao alcancavel,,sem composicao alcancavel,False
shopee,rituaria,23299450869,149554085875,MLMAGCOMB,kit_confirmed,channel_flag,True,in_scope,119.63,MLMAGCOMB,bom_empirica_nf,CANDIDATE_REVIEW,rituaria,False,nf_empirica,pedido_marketplace,112,2026-09-21 07:37:56,2,2.0,2,2,2,0,0.05,,,2 componente(s) sem referencia B2B,,2 componente(s) sem custo,,2 de 2 componente(s) sem saldo utilizavel,True
shopee,rituaria,23798987231,199612951514,ML2UNIFO,kit_confirmed,channel_flag,True,in_scope,170.03,,produto_interno_sem_codigo_protheus,UNMAPPED,,False,,,,,,,,,,,,,,sem composicao alcancavel,,sem composicao alcancavel,,sem composicao alcancavel,False
shopee,apice,22298920322,239428314320,KIT038,kit_confirmed,channel_flag,True,in_scope,456.9,,produto_interno_sem_codigo_protheus,UNMAPPED,,True,,,,,,,,,,,,,,sem composicao alcancavel,,sem composicao alcancavel,,sem composicao alcancavel,False
shopee,barbours,22398906909,238791814945,KIT091,kit_confirmed,channel_flag,False,in_scope,112.9,KIT091,bom_empirica_nf,CANDIDATE_REVIEW,barbours,False,nf_empirica,pedido_marketplace,39,2026-09-23 12:54:18,2,2.0,0,0,2,2,0.05,102.8,97.66,,34.0343,,,2 de 2 componente(s) sem saldo utilizavel,True
shopee,barbours,23294399392,239428310133,KIT029,kit_confirmed,channel_flag,True,in_scope,149.73,KIT029,bom_empirica_nf,CANDIDATE_REVIEW,barbours,False,nf_empirica,pedido_marketplace,45,2026-09-22 09:36:46,6,6.0,0,0,6,6,0.15,320.4,272.34,,112.343,,,6 de 6 componente(s) sem saldo utilizavel,True
shopee,apice,22494413963,238791815656,KIT047,kit_confirmed,channel_flag,True,in_scope,170.03,KIT047,bom_empirica_nf,CANDIDATE_REVIEW,apice,False,nf_empirica,pedido_marketplace,13,2026-09-04 21:50:02,3,3.0,0,0,3,0,0.1,179.7,161.73,,30.7383,,,3 de 3 componente(s) sem saldo utilizavel,True
shopee,rituaria,19998328534,169721299197,MLESSENPREBI,kit_confirmed,channel_flag,True,in_scope,324.03,MLESSENPREBI,bom_empirica_nf,CANDIDATE_REVIEW,rituaria,False,nf_empirica,pedido_bling,2,2025-11-13 16:44:48,3,3.0,3,3,3,0,0.1,,,3 componente(s) sem referencia B2B,,3 componente(s) sem custo,,3 de 3 componente(s) sem saldo utilizavel,True
shopee,rituaria,20499901747,199180499922,MLRITUALINTER,kit_confirmed,channel_flag,True,in_scope,387.03,MLRITUALINTER,bom_empirica_nf,CANDIDATE_REVIEW,rituaria,False,nf_empirica,pedido_marketplace,1,2026-05-20 09:10:47,4,4.0,3,3,4,0,0.15,,,3 componente(s) sem referencia B2B,,3 componente(s) sem custo,,4 de 4 componente(s) sem saldo utilizavel,True
shopee,rituaria,23794510124,159549294463,MLRITUALIMUNI,kit_confirmed,channel_flag,True,in_scope,179.83,MLRITUALIMUNI,bom_empirica_nf,CANDIDATE_REVIEW,rituaria,False,nf_empirica,pedido_marketplace,23,2026-09-21 19:30:22,2,2.0,2,2,2,0,0.05,,,2 componente(s) sem referencia B2B,,2 componente(s) sem custo,,2 de 2 componente(s) sem saldo utilizavel,True
shopee,rituaria,58265385859,209192547739,MLFEMMEMIXER,kit_confirmed,channel_flag,True,in_scope,332.9,,produto_interno_sem_codigo_protheus,UNMAPPED,,False,,,,,,,,,,,,,,sem composicao alcancavel,,sem composicao alcancavel,,sem composicao alcancavel,False
shopee,rituaria,58206307902,139655495291,RITUAL-FABULOSO_SHOP,kit_confirmed,channel_flag,True,in_scope,170.03,RITUAL-FABULOSO_SHOP,bom_empirica_nf,CANDIDATE_REVIEW,rituaria,False,nf_empirica,pedido_marketplace,1,2026-07-18 13:11:44,2,2.0,2,2,2,0,0.05,,,2 componente(s) sem referencia B2B,,2 componente(s) sem custo,,2 de 2 componente(s) sem saldo utilizavel,True
shopee,rituaria,58265374223,209625006989,MLFEMMEJUICYMIX,kit_confirmed,channel_flag,True,in_scope,463.9,,produto_interno_sem_codigo_protheus,UNMAPPED,,False,,,,,,,,,,,,,,sem composicao alcancavel,,sem composicao alcancavel,,sem composicao alcancavel,False
shopee,rituaria,58214776557,199192156793,MLNUTRI4MAG,kit_confirmed,channel_flag,True,in_scope,89.53,MLNUTRI4MAG,bom_empirica_nf,CANDIDATE_REVIEW,rituaria,False,nf_empirica,pedido_marketplace,5,2026-09-21 19:07:51,2,2.0,2,2,2,0,0.05,,,2 componente(s) sem referencia B2B,,2 componente(s) sem custo,,2 de 2 componente(s) sem saldo utilizavel,True
shopee,apice,23294395562,219611806527,KIT061,kit_confirmed,channel_flag,True,in_scope,307.9,,produto_interno_sem_codigo_protheus,UNMAPPED,,False,,,,,,,,,,,,,,sem composicao alcancavel,,sem composicao alcancavel,,sem composicao alcancavel,False
shopee,barbours,23594844921,119872514139,KIT056,kit_confirmed,channel_flag,False,in_scope,285.9,KIT056,bom_empirica_nf,CANDIDATE_REVIEW,barbours,False,nf_empirica,pedido_marketplace,7,2026-08-29 11:31:34,4,4.0,0,0,4,4,0.15,195.6,166.26,,44.5101,,,4 de 4 componente(s) sem saldo utilizavel,True
shopee,barbours,23798895891,209611801817,KIT036,kit_confirmed,channel_flag,True,in_scope,256.9,,produto_interno_sem_codigo_protheus,UNMAPPED,,False,,,,,,,,,,,,,,sem composicao alcancavel,,sem composicao alcancavel,,sem composicao alcancavel,False
shopee,barbours,23694395476,129652358777,KIT030,kit_confirmed,channel_flag,False,in_scope,213.9,,produto_interno_sem_codigo_protheus,UNMAPPED,,False,,,,,,,,,,,,,,sem composicao alcancavel,,sem composicao alcancavel,,sem composicao alcancavel,False
shopee,barbours,58208917279,189188308776,KIT108,kit_confirmed,channel_flag,True,in_scope,139.93,KIT108,bom_empirica_nf,CANDIDATE_REVIEW,barbours,False,nf_empirica,pedido_marketplace,3,2026-09-04 16:34:08,3,3.0,1,0,2,1,0.1,,,1 componente(s) sem referencia B2B,38.3493,,,2 de 3 componente(s) sem saldo utilizavel,True
shopee,rituaria,22594400903,229428147904,ML3FABULOSA,kit_confirmed,channel_flag,True,in_scope,209.93,,produto_interno_sem_codigo_protheus,UNMAPPED,,False,,,,,,,,,,,,,,sem composicao alcancavel,,sem composicao alcancavel,,sem composicao alcancavel,False
shopee,rituaria,23498987107,189612946361,MKPUNIFANTI,kit_confirmed,channel_flag,True,in_scope,219.73,MKPUNIFANTI,bom_empirica_nf,CANDIDATE_REVIEW,rituaria,False,nf_empirica,pedido_marketplace,2,2026-05-18 22:39:09,2,2.0,2,2,2,0,0.05,,,2 componente(s) sem referencia B2B,,2 componente(s) sem custo,,2 de 2 componente(s) sem saldo utilizavel,True
shopee,rituaria,58201692468,169411745347,MLIPECIRCU,kit_confirmed,channel_flag,True,in_scope,179.83,MLIPECIRCU,bom_empirica_nf,CANDIDATE_REVIEW,rituaria,False,nf_empirica,pedido_marketplace,13,2026-09-21 00:01:00,2,2.0,1,1,2,0,0.05,,,1 componente(s) sem referencia B2B,,1 componente(s) sem custo,,2 de 2 componente(s) sem saldo utilizavel,True
shopee,rituaria,22994391535,239428143405,ML2PREBIOTICA,kit_confirmed,channel_flag,True,in_scope,159.53,,produto_interno_sem_codigo_protheus,UNMAPPED,,False,,,,,,,,,,,,,,sem composicao alcancavel,,sem composicao alcancavel,,sem composicao alcancavel,False
shopee,barbours,58209360688,129656328698,KIT011,kit_confirmed,channel_flag,False,in_scope,125.9,KIT011,bom_empirica_nf,CANDIDATE_REVIEW,barbours,False,nf_empirica,pedido_marketplace,3,2026-09-19 20:14:05,8,8.0,3,0,5,7,0.15,,,3 componente(s) sem referencia B2B,80.7362,,,5 de 8 componente(s) sem saldo utilizavel,True
shopee,rituaria,18999901264,199180499562,IMUNO-ANTIOXI90-SHOP,kit_confirmed,channel_flag,True,in_scope,249.83,IMUNO-ANTIOXI90-SHOP,bom_empirica_nf,CANDIDATE_REVIEW,rituaria,False,nf_empirica,pedido_bling,1,2025-11-26 13:07:59,2,2.0,2,2,2,0,0.05,,,2 componente(s) sem referencia B2B,,2 componente(s) sem custo,,2 de 2 componente(s) sem saldo utilizavel,True
shopee,rituaria,19099892403,219180503225,DFASJKHR_SHOP,kit_confirmed,channel_flag,True,in_scope,196.9,,produto_interno_sem_codigo_protheus,UNMAPPED,,False,,,,,,,,,,,,,,sem composicao alcancavel,,sem composicao alcancavel,,sem composicao alcancavel,False
shopee,rituaria,58264768320,229446985581,MLFEMMEJUICY,kit_confirmed,channel_flag,True,in_scope,299.53,MLFEMMEJUICY,bom_empirica_nf,CANDIDATE_REVIEW,rituaria,False,nf_empirica,pedido_marketplace,1,2026-07-29 11:16:18,2,2.0,2,0,2,0,0.05,,,2 componente(s) sem referencia B2B,85.9708,,,2 de 2 componente(s) sem saldo utilizavel,True
shopee,rituaria,23094519494,219180498388,MLRITURUGA,kit_confirmed,channel_flag,True,in_scope,158.13,MLRITURUGA,bom_empirica_nf,CANDIDATE_REVIEW,rituaria,False,nf_empirica,pedido_marketplace,2,2026-05-15 13:48:43,2,2.0,2,2,2,0,0.05,,,2 componente(s) sem referencia B2B,,2 componente(s) sem custo,,2 de 2 componente(s) sem saldo utilizavel,True
shopee,rituaria,22998888040,189611676278,ML3PREBIOTICA,kit_confirmed,channel_flag,True,in_scope,200.13,,produto_interno_sem_codigo_protheus,UNMAPPED,,False,,,,,,,,,,,,,,sem composicao alcancavel,,sem composicao alcancavel,,sem composicao alcancavel,False
shopee,rituaria,20798322847,239430010728,MLCOMPLETAO,kit_confirmed,channel_flag,True,in_scope,564.83,,produto_interno_sem_codigo_protheus,UNMAPPED,,False,,,,,,,,,,,,,,sem composicao alcancavel,,sem composicao alcancavel,,sem composicao alcancavel,False
shopee,rituaria,58214770281,139841223549,MLNUTRIPREB4MAG,kit_confirmed,channel_flag,True,in_scope,149.73,MLNUTRIPREB4MAG,bom_empirica_nf,CANDIDATE_REVIEW,rituaria,False,nf_empirica,pedido_marketplace,7,2026-09-21 09:55:56,3,3.0,3,3,3,0,0.1,,,3 componente(s) sem referencia B2B,,3 componente(s) sem custo,,3 de 3 componente(s) sem saldo utilizavel,True
shopee,rituaria,58210270004,199189159573,MLMAPINACOMB,kit_confirmed,channel_flag,True,in_scope,170.03,MLMAPINACOMB,bom_empirica_nf,CANDIDATE_REVIEW,rituaria,False,nf_empirica,pedido_marketplace,930,2026-09-22 16:16:47,4,4.0,4,4,4,0,0.15,,,4 componente(s) sem referencia B2B,,4 componente(s) sem custo,,4 de 4 componente(s) sem saldo utilizavel,True
shopee,rituaria,58206312204,169414273563,MLESSENCIAL,kit_confirmed,channel_flag,True,in_scope,259.63,MLESSENCIAL,bom_empirica_nf,CANDIDATE_REVIEW,rituaria,False,nf_empirica,pedido_marketplace,5,2026-06-26 13:43:26,2,2.0,2,2,2,0,0.05,,,2 componente(s) sem referencia B2B,,2 componente(s) sem custo,,2 de 2 componente(s) sem saldo utilizavel,True
shopee,lescent,58251338955,239433372822,KIT003,kit_confirmed,channel_flag,True,in_scope,130.13,KIT003,bom_empirica_nf,CANDIDATE_REVIEW,lescent,True,nf_empirica,pedido_marketplace,3,2026-09-19 17:33:12,9,9.0,5,2,3,7,0.15,,,5 componente(s) sem referencia B2B,,2 componente(s) sem custo,,3 de 9 componente(s) sem saldo utilizavel,True
shopee,lescent,58250181152,109726127569,KIT001,kit_confirmed,channel_flag,True,in_scope,100.03,KIT001,bom_empirica_nf,CANDIDATE_REVIEW,lescent,True,nf_empirica,pedido_marketplace,48,2026-09-24 22:31:33,5,5.0,3,1,2,4,0.15,,,3 componente(s) sem referencia B2B,,1 componente(s) sem custo,,2 de 5 componente(s) sem saldo utilizavel,True
shopee,lescent,58268320373,228812634727,KIT018,kit_confirmed,channel_flag,True,in_scope,279.9,,produto_interno_sem_codigo_protheus,UNMAPPED,,True,,,,,,,,,,,,,,sem composicao alcancavel,,sem composicao alcancavel,,sem composicao alcancavel,False
shopee,apice,21098297872,149786695726,KIT001,kit_confirmed,channel_flag,True,in_scope,75.53,KIT001,bom_empirica_nf,CANDIDATE_REVIEW,apice,True,nf_empirica,pedido_marketplace,48,2026-09-24 22:31:33,5,5.0,3,1,2,3,0.15,,,3 componente(s) sem referencia B2B,,1 componente(s) sem custo,,2 de 5 componente(s) sem saldo utilizavel,True
shopee,apice,22098920198,189179346549,KIT006,kit_confirmed,channel_flag,True,in_scope,413.9,KIT006,bom_empirica_nf,CANDIDATE_REVIEW,apice,True,nf_empirica,pedido_marketplace,2,2026-09-20 20:40:44,4,4.0,2,1,2,4,0.15,,,2 componente(s) sem referencia B2B,,1 componente(s) sem custo,,2 de 4 componente(s) sem saldo utilizavel,True
shopee,apice,22198920251,169720462296,KIT008,kit_confirmed,channel_flag,True,in_scope,427.9,KIT008,bom_empirica_nf,CANDIDATE_REVIEW,apice,True,nf_empirica,pedido_marketplace,3,2026-09-24 10:44:32,10,10.0,5,0,8,2,0.15,,,5 componente(s) sem referencia B2B,123.2273,,,8 de 10 componente(s) sem saldo utilizavel,True
shopee,apice,20198297966,238791758619,KIT002,kit_confirmed,channel_flag,True,in_scope,263.9,KIT002,bom_empirica_nf,CANDIDATE_REVIEW,apice,True,nf_empirica,pedido_marketplace,4,2026-07-26 13:15:02,2,2.0,1,1,0,2,0.05,,,1 componente(s) sem referencia B2B,,1 componente(s) sem custo,435,,True
shopee,apice,22998901214,219611803664,KIT064,kit_confirmed,channel_flag,True,in_scope,285.9,,produto_interno_sem_codigo_protheus,UNMAPPED,,True,,,,,,,,,,,,,,sem composicao alcancavel,,sem composicao alcancavel,,sem composicao alcancavel,False
shopee,apice,18798300349,229428318998,KIT032,kit_confirmed,channel_flag,True,in_scope,285.9,,produto_interno_sem_codigo_protheus,UNMAPPED,,True,,,,,,,,,,,,,,sem composicao alcancavel,,sem composicao alcancavel,,sem composicao alcancavel,False
shopee,apice,22898897116,189611803673,KIT050,kit_confirmed,channel_flag,True,in_scope,174.93,,produto_interno_sem_codigo_protheus,UNMAPPED,,True,,,,,,,,,,,,,,sem composicao alcancavel,,sem composicao alcancavel,,sem composicao alcancavel,False
shopee,apice,18398314747,179720467501,KIT031,kit_confirmed,channel_flag,True,in_scope,86.73,KIT031,bom_empirica_nf,CANDIDATE_REVIEW,apice,True,nf_empirica,pedido_marketplace,51,2026-09-21 07:18:52,2,2.0,0,0,2,0,0.05,99.8,94.81,,14.845,,,2 de 2 componente(s) sem saldo utilizavel,True
shopee,apice,19098294990,139652358414,KIT033,kit_confirmed,channel_flag,True,in_scope,139.93,KIT033,bom_empirica_nf,CANDIDATE_REVIEW,apice,True,nf_empirica,pedido_marketplace,6,2026-09-09 21:00:51,3,3.0,0,0,3,0,0.1,145.7,131.13,,21.1172,,,3 de 3 componente(s) sem saldo utilizavel,True
shopee,apice,22198920417,179409023318,KIT036,kit_confirmed,channel_flag,True,in_scope,427.9,,produto_interno_sem_codigo_protheus,UNMAPPED,,True,,,,,,,,,,,,,,sem composicao alcancavel,,sem composicao alcancavel,,sem composicao alcancavel,False
shopee,apice,19698294968,189179349498,KIT007,kit_confirmed,channel_flag,True,in_scope,149.73,KIT007,bom_empirica_nf,CANDIDATE_REVIEW,apice,False,nf_empirica,pedido_marketplace,12,2026-09-23 15:10:35,5,5.0,2,0,3,2,0.15,,,2 componente(s) sem referencia B2B,40.866,,,3 de 5 componente(s) sem saldo utilizavel,True
shopee,apice,22494409921,239428308261,KIT012,kit_confirmed,channel_flag,True,in_scope,456.9,KIT012,bom_empirica_nf,CANDIDATE_REVIEW,apice,True,nf_empirica,pedido_marketplace,3,2026-09-13 19:53:11,4,4.0,3,0,2,4,0.15,,,3 componente(s) sem referencia B2B,39.5235,,,2 de 4 componente(s) sem saldo utilizavel,True
shopee,apice,22498910617,139835689213,KIT049,kit_confirmed,channel_flag,True,in_scope,285.9,,produto_interno_sem_codigo_protheus,UNMAPPED,,True,,,,,,,,,,,,,,sem composicao alcancavel,,sem composicao alcancavel,,sem composicao alcancavel,False
shopee,apice,22999659381,219624706594,KIT089,kit_confirmed,channel_flag,True,in_scope,79.73,KIT089,bom_empirica_nf,CANDIDATE_REVIEW,apice,False,nf_empirica,pedido_marketplace,8,2026-09-21 07:03:34,2,2.0,0,0,2,0,0.05,102.8,97.66,,21.281,,,2 de 2 componente(s) sem saldo utilizavel,True
shopee,apice,22698906996,149786697755,KIT070,kit_confirmed,channel_flag,True,in_scope,184.73,KIT070,bom_empirica_nf,CANDIDATE_REVIEW,apice,True,nf_empirica,pedido_marketplace,540,2026-09-24 22:16:02,5,5.0,0,0,5,0,0.15,250.5,212.92,,42.9289,,,5 de 5 componente(s) sem saldo utilizavel,True
shopee,apice,21499886753,239428304615,KIT003,kit_confirmed,channel_flag,True,in_scope,105.63,KIT003,bom_empirica_nf,CANDIDATE_REVIEW,apice,True,nf_empirica,pedido_marketplace,3,2026-09-19 17:33:12,9,9.0,5,2,3,6,0.15,,,5 componente(s) sem referencia B2B,,2 componente(s) sem custo,,3 de 9 componente(s) sem saldo utilizavel,True
shopee,apice,20798313514,179720465881,KIT009,kit_confirmed,channel_flag,True,in_scope,149.73,KIT009,bom_empirica_nf,CANDIDATE_REVIEW,apice,True,nf_empirica,pedido_marketplace,185,2026-09-24 16:11:39,4,4.0,0,0,4,0,0.15,204.6,173.91,,33.7517,,,4 de 4 componente(s) sem saldo utilizavel,True
shopee,apice,22894404953,229428323817,KIT060,kit_confirmed,channel_flag,True,in_scope,132.9,,produto_interno_sem_codigo_protheus,UNMAPPED,,True,,,,,,,,,,,,,,sem composicao alcancavel,,sem composicao alcancavel,,sem composicao alcancavel,False
shopee,apice,22694408784,209611798617,KIT014,kit_confirmed,channel_flag,True,in_scope,292.9,KIT014,bom_empirica_nf,CANDIDATE_REVIEW,apice,True,nf_empirica,pedido_marketplace,1,2026-07-12 10:43:07,2,2.0,2,0,0,2,0.05,,,2 componente(s) sem referencia B2B,15.5714,,438,,True
shopee,apice,22594656395,189181439634,KIT072,kit_confirmed,channel_flag,True,in_scope,456.9,,codigo_nao_encontrado_em_nenhuma_ponte,UNMAPPED,,False,,,,,,,,,,,,,,sem composicao alcancavel,,sem composicao alcancavel,,sem composicao alcancavel,False
shopee,apice,22794400970,209611801269,KIT067,kit_confirmed,channel_flag,True,in_scope,220.9,,produto_interno_sem_codigo_protheus,UNMAPPED,,True,,,,,,,,,,,,,,sem composicao alcancavel,,sem composicao alcancavel,,sem composicao alcancavel,False
shopee,apice,22598907000,189179353004,KIT043,kit_confirmed,channel_flag,True,in_scope,403.9,,produto_interno_sem_codigo_protheus,UNMAPPED,,True,,,,,,,,,,,,,,sem composicao alcancavel,,sem composicao alcancavel,,sem composicao alcancavel,False
shopee,apice,22594414034,219179354723,KIT052,kit_confirmed,channel_flag,True,in_scope,206.9,KIT052,bom_empirica_nf,CANDIDATE_REVIEW,apice,True,nf_empirica,pedido_marketplace,9,2026-07-31 13:26:27,3,3.0,0,0,3,0,0.1,149.7,134.73,,37.8184,,,3 de 3 componente(s) sem saldo utilizavel,True
shopee,apice,22298924708,229428320098,KIT044,kit_confirmed,channel_flag,True,in_scope,842.9,,produto_interno_sem_codigo_protheus,UNMAPPED,,True,,,,,,,,,,,,,,sem composicao alcancavel,,sem composicao alcancavel,,sem composicao alcancavel,False
shopee,apice,22494413830,219179352550,KIT046,kit_confirmed,channel_flag,True,in_scope,139.93,KIT046,bom_empirica_nf,CANDIDATE_REVIEW,apice,True,nf_empirica,pedido_marketplace,48,2026-09-23 19:26:21,3,3.0,1,0,3,0,0.1,,,1 componente(s) sem referencia B2B,28.2383,,,3 de 3 componente(s) sem saldo utilizavel,True
shopee,apice,20699886828,209179352158,KIT037,kit_confirmed,channel_flag,True,in_scope,119.63,KIT037,bom_empirica_nf,CANDIDATE_REVIEW,apice,True,nf_empirica,pedido_marketplace,167,2026-09-24 12:04:19,3,3.0,0,0,3,0,0.1,154.7,139.23,,28.5917,,,3 de 3 componente(s) sem saldo utilizavel,True
shopee,apice,22998897083,109870262883,KIT054,kit_confirmed,channel_flag,True,in_scope,149.73,KIT054,bom_empirica_nf,CANDIDATE_REVIEW,apice,False,nf_empirica,pedido_marketplace,24,2026-09-21 10:03:59,3,3.0,0,0,3,0,0.1,154.7,139.23,,50.6437,,,3 de 3 componente(s) sem saldo utilizavel,True
shopee,apice,22194812005,229435200632,KIT074,kit_confirmed,channel_flag,True,in_scope,89.53,KIT074,bom_empirica_nf,CANDIDATE_REVIEW,apice,False,nf_empirica,pedido_marketplace,148,2026-09-24 18:48:49,2,2.0,0,0,2,0,0.05,100.8,95.76,,38.79,,,2 de 2 componente(s) sem saldo utilizavel,True
shopee,apice,23298891926,238791810203,KIT018,kit_confirmed,channel_flag,True,in_scope,417.9,,produto_interno_sem_codigo_protheus,UNMAPPED,,True,,,,,,,,,,,,,,sem composicao alcancavel,,sem composicao alcancavel,,sem composicao alcancavel,False
shopee,apice,23598895922,179720467030,KIT027,kit_confirmed,channel_flag,True,in_scope,219.73,KIT027,bom_empirica_nf,CANDIDATE_REVIEW,apice,True,nf_empirica,pedido_marketplace,3,2026-09-09 20:47:37,4,4.0,0,0,4,0,0.15,219.6,186.66,,73.553,,,4 de 4 componente(s) sem saldo utilizavel,True
shopee,apice,21699882254,209611800831,KIT040,kit_confirmed,channel_flag,True,in_scope,285.9,,produto_interno_sem_codigo_protheus,UNMAPPED,,True,,,,,,,,,,,,,,sem composicao alcancavel,,sem composicao alcancavel,,sem composicao alcancavel,False
shopee,apice,21198308847,219179349113,KIT010,kit_confirmed,channel_flag,True,in_scope,570.9,KIT010,bom_empirica_nf,CANDIDATE_REVIEW,apice,True,nf_empirica,pedido_marketplace,4,2026-08-31 15:06:28,4,4.0,4,0,1,4,0.15,,,4 componente(s) sem referencia B2B,50.5686,,,1 de 4 componente(s) sem saldo utilizavel,True
shopee,apice,18598314629,199179349095,KIT005,kit_confirmed,channel_flag,True,in_scope,130.13,KIT005,bom_empirica_nf,CANDIDATE_REVIEW,apice,True,nf_empirica,pedido_marketplace,6,2026-09-23 22:00:25,7,7.0,3,2,4,4,0.15,,,3 componente(s) sem referencia B2B,,2 componente(s) sem custo,,4 de 7 componente(s) sem saldo utilizavel,True
shopee,apice,23495167295,179730669301,KIT079,kit_confirmed,channel_flag,True,in_scope,284.83,,produto_interno_sem_codigo_protheus,UNMAPPED,,False,,,,,,,,,,,,,,sem composicao alcancavel,,sem composicao alcancavel,,sem composicao alcancavel,False
shopee,apice,21499882230,199611794985,KIT011,kit_confirmed,channel_flag,True,in_scope,189.63,KIT011,bom_empirica_nf,CANDIDATE_REVIEW,apice,True,nf_empirica,pedido_marketplace,3,2026-09-19 20:14:05,8,8.0,3,0,5,4,0.15,,,3 componente(s) sem referencia B2B,80.7362,,,5 de 8 componente(s) sem saldo utilizavel,True
shopee,apice,22098920381,209179352085,KIT034,kit_confirmed,channel_flag,True,in_scope,413.9,,produto_interno_sem_codigo_protheus,UNMAPPED,,True,,,,,,,,,,,,,,sem composicao alcancavel,,sem composicao alcancavel,,sem composicao alcancavel,False
shopee,apice,20599871166,159786667151,KIT004,kit_confirmed,channel_flag,True,in_scope,327.9,KIT004,bom_empirica_nf,CANDIDATE_REVIEW,apice,True,nf_empirica,pedido_marketplace,168,2026-09-24 21:37:40,3,3.0,3,1,0,3,0.1,,,3 componente(s) sem referencia B2B,,1 componente(s) sem custo,7904,,True
shopee,apice,23699670436,199193873774,KIT094,kit_confirmed,channel_flag,True,in_scope,165.13,KIT094,bom_empirica_nf,CANDIDATE_REVIEW,apice,True,nf_empirica,pedido_marketplace,28,2026-09-24 16:55:25,5,5.0,1,1,5,0,0.15,,,1 componente(s) sem referencia B2B,,1 componente(s) sem custo,,5 de 5 componente(s) sem saldo utilizavel,True
shopee,apice,23098892295,109870262915,KIT059,kit_confirmed,channel_flag,True,in_scope,570.9,,produto_interno_sem_codigo_protheus,UNMAPPED,,True,,,,,,,,,,,,,,sem composicao alcancavel,,sem composicao alcancavel,,sem composicao alcancavel,False
shopee,apice,22694408992,199179355086,KIT056,kit_confirmed,channel_flag,True,in_scope,270.9,KIT056,bom_empirica_nf,CANDIDATE_REVIEW,apice,True,nf_empirica,pedido_marketplace,7,2026-08-29 11:31:34,4,4.0,0,0,4,0,0.15,195.6,166.26,,44.5101,,,4 de 4 componente(s) sem saldo utilizavel,True
shopee,apice,23294395358,219179347071,KIT017,kit_confirmed,channel_flag,True,in_scope,132.93,KIT017,bom_empirica_nf,CANDIDATE_REVIEW,apice,True,nf_empirica,pedido_marketplace,5,2026-09-09 12:30:29,5,5.0,2,1,3,2,0.15,,,2 componente(s) sem referencia B2B,,1 componente(s) sem custo,,3 de 5 componente(s) sem saldo utilizavel,True
shopee,apice,22994400340,159786685099,KIT013,kit_confirmed,channel_flag,True,in_scope,93.03,KIT013,bom_empirica_nf,CANDIDATE_REVIEW,apice,True,nf_empirica,pedido_marketplace,43,2026-09-10 12:57:56,2,2.0,0,0,2,0,0.05,99.8,94.81,,40.8647,,,2 de 2 componente(s) sem saldo utilizavel,True
shopee,apice,22794400879,189611803542,KIT045,kit_confirmed,channel_flag,True,in_scope,100.03,KIT045,bom_empirica_nf,CANDIDATE_REVIEW,apice,True,nf_empirica,pedido_marketplace,4,2026-09-09 23:44:40,2,2.0,0,0,2,0,0.05,99.8,94.81,,17.0483,,,2 de 2 componente(s) sem saldo utilizavel,True
shopee,apice,22998897171,149786701763,KIT055,kit_confirmed,channel_flag,True,in_scope,462.9,,produto_interno_sem_codigo_protheus,UNMAPPED,,False,,,,,,,,,,,,,,sem composicao alcancavel,,sem composicao alcancavel,,sem composicao alcancavel,False
shopee,apice,23299298743,189184055208,KIT076,kit_confirmed,channel_flag,True,in_scope,170.03,,codigo_nao_encontrado_em_nenhuma_ponte,UNMAPPED,,False,,,,,,,,,,,,,,sem composicao alcancavel,,sem composicao alcancavel,,sem composicao alcancavel,False
shopee,apice,22598910526,229428323475,KIT065,kit_confirmed,channel_flag,True,in_scope,199.9,,produto_interno_sem_codigo_protheus,UNMAPPED,,True,,,,,,,,,,,,,,sem composicao alcancavel,,sem composicao alcancavel,,sem composicao alcancavel,False
shopee,apice,22498906664,169409017873,KIT071,kit_confirmed,channel_flag,True,in_scope,240.03,KIT071,bom_empirica_nf,CANDIDATE_REVIEW,apice,True,nf_empirica,pedido_marketplace,15,2026-09-21 07:04:54,5,5.0,0,0,5,0,0.15,250.5,212.92,,40.7134,,,5 de 5 componente(s) sem saldo utilizavel,True
shopee,apice,22994400686,229428320525,KIT053,kit_confirmed,channel_flag,True,in_scope,427.9,,produto_interno_sem_codigo_protheus,UNMAPPED,,True,,,,,,,,,,,,,,sem composicao alcancavel,,sem composicao alcancavel,,sem composicao alcancavel,False
shopee,apice,22498906914,229428319732,KIT042,kit_confirmed,channel_flag,True,in_scope,570.9,,produto_interno_sem_codigo_protheus,UNMAPPED,,False,,,,,,,,,,,,,,sem composicao alcancavel,,sem composicao alcancavel,,sem composicao alcancavel,False
shopee,apice,22494413879,228790933734,KIT066,kit_confirmed,channel_flag,True,in_scope,109.13,KIT066,bom_empirica_nf,CANDIDATE_REVIEW,apice,True,nf_empirica,pedido_marketplace,143,2026-09-24 14:50:02,3,3.0,0,0,3,0,0.1,149.7,134.73,,37.26,,,3 de 3 componente(s) sem saldo utilizavel,True
shopee,apice,23698891983,199179350783,KIT021,kit_confirmed,channel_flag,True,in_scope,159.53,,produto_interno_sem_codigo_protheus,UNMAPPED,,True,,,,,,,,,,,,,,sem composicao alcancavel,,sem composicao alcancavel,,sem composicao alcancavel,False
shopee,apice,22794404886,179409021923,KIT016,kit_confirmed,channel_flag,True,in_scope,413.9,KIT016,bom_empirica_nf,CANDIDATE_REVIEW,apice,True,nf_empirica,pedido_marketplace,1,2026-09-22 02:11:13,4,4.0,4,1,0,4,0.15,,,4 componente(s) sem referencia B2B,,1 componente(s) sem custo,854,,True
shopee,apice,23298892270,179720460107,KIT063,kit_confirmed,channel_flag,True,in_scope,442.9,,produto_interno_sem_codigo_protheus,UNMAPPED,,True,,,,,,,,,,,,,,sem composicao alcancavel,,sem composicao alcancavel,,sem composicao alcancavel,False
shopee,apice,23298892102,238791821346,KIT062,kit_confirmed,channel_flag,True,in_scope,213.9,,produto_interno_sem_codigo_protheus,UNMAPPED,,False,,,,,,,,,,,,,,sem composicao alcancavel,,sem composicao alcancavel,,sem composicao alcancavel,False
shopee,apice,58202403407,229434626482,KIT025,kit_confirmed,channel_flag,True,in_scope,184.03,KIT025,bom_empirica_nf,CANDIDATE_REVIEW,apice,True,nf_empirica,pedido_marketplace,10,2026-09-18 06:44:48,7,7.0,1,0,6,3,0.15,,,1 componente(s) sem referencia B2B,127.1324,,,6 de 7 componente(s) sem saldo utilizavel,True
shopee,apice,23893750807,179720458556,KIT024,kit_confirmed,channel_flag,True,in_scope,365.9,KIT024,bom_empirica_nf,CANDIDATE_REVIEW,apice,True,nf_empirica,pedido_marketplace,3,2026-07-14 06:18:47,3,3.0,3,1,2,3,0.1,,,3 componente(s) sem referencia B2B,,1 componente(s) sem custo,,2 de 3 componente(s) sem saldo utilizavel,True
shopee,apice,58215220074,219624868926,KIT093,kit_confirmed,channel_flag,True,in_scope,185.9,KIT093,bom_empirica_nf,CANDIDATE_REVIEW,apice,True,nf_empirica,pedido_marketplace,3,2026-09-14 12:24:17,2,2.0,1,1,2,0,0.05,,,1 componente(s) sem referencia B2B,,1 componente(s) sem custo,,2 de 2 componente(s) sem saldo utilizavel,True
shopee,apice,58208741413,219620627766,VKN35231,kit_suspected,title,True,in_scope,79.9,VKN35231,bom_empirica_nf,CANDIDATE_REVIEW,apice,False,nf_empirica,pedido_marketplace,204,2026-09-24 14:22:02,2,2.0,1,0,2,0,0.05,,,1 componente(s) sem referencia B2B,26.6936,,,2 de 2 componente(s) sem saldo utilizavel,True
shopee,apice,58208741413,219620627767,VKN35232,kit_suspected,title,True,in_scope,79.9,VKN35232,bom_empirica_nf,CANDIDATE_REVIEW,apice,False,nf_empirica,pedido_marketplace,224,2026-08-08 04:49:20,2,2.0,1,0,2,0,0.05,,,1 componente(s) sem referencia B2B,26.6903,,,2 de 2 componente(s) sem saldo utilizavel,True
shopee,apice,58208741413,219620627765,VKN35230,kit_suspected,title,True,in_scope,79.9,,produto_interno_sem_codigo_protheus,UNMAPPED,,False,,,,,,,,,,,,,,sem composicao alcancavel,,sem composicao alcancavel,,sem composicao alcancavel,False
shopee,apice,58217568157,228811926555,KIT099,kit_confirmed,channel_flag,True,in_scope,114.73,,produto_interno_sem_codigo_protheus,UNMAPPED,,True,,,,,,,,,,,,,,sem composicao alcancavel,,sem composicao alcancavel,,sem composicao alcancavel,False
shopee,apice,58209321811,229441785622,KIT084,kit_confirmed,channel_flag,True,in_scope,100.03,KIT084,bom_empirica_nf,CANDIDATE_REVIEW,apice,True,nf_empirica,pedido_marketplace,45,2026-09-21 06:51:01,2,2.0,0,0,2,0,0.05,108.8,103.36,,32.3736,,,2 de 2 componente(s) sem saldo utilizavel,True
shopee,apice,58217573057,179419582316,KIT098,kit_confirmed,channel_flag,True,in_scope,119.63,,produto_interno_sem_codigo_protheus,UNMAPPED,,True,,,,,,,,,,,,,,sem composicao alcancavel,,sem composicao alcancavel,,sem composicao alcancavel,False
shopee,apice,58202946314,169412497254,KIT080,kit_confirmed,channel_flag,False,in_scope,237.9,KIT080,bom_empirica_nf,CANDIDATE_REVIEW,apice,False,nf_empirica,pedido_marketplace,5,2026-09-14 12:27:45,5,5.0,2,1,5,0,0.15,,,2 componente(s) sem referencia B2B,,1 componente(s) sem custo,,5 de 5 componente(s) sem saldo utilizavel,True
shopee,apice,58217575971,129842003967,KIT100,kit_confirmed,channel_flag,True,in_scope,109.83,KIT100,bom_empirica_nf,CANDIDATE_REVIEW,apice,False,nf_empirica,pedido_marketplace,5,2026-09-24 13:40:42,2,2.0,2,2,2,0,0.05,,,2 componente(s) sem referencia B2B,,2 componente(s) sem custo,,2 de 2 componente(s) sem saldo utilizavel,True
shopee,apice,23994386091,238791811124,KIT026,kit_confirmed,channel_flag,True,in_scope,415.9,KIT026,bom_empirica_nf,CANDIDATE_REVIEW,apice,True,nf_empirica,pedido_marketplace,22,2026-07-29 21:07:14,3,3.0,1,1,2,3,0.1,,,1 componente(s) sem referencia B2B,,1 componente(s) sem custo,,2 de 3 componente(s) sem saldo utilizavel,True
shopee,lescent,22399138793,238794840146,KIT002,kit_confirmed,channel_flag,True,in_scope,170.9,KIT002,bom_empirica_nf,CANDIDATE_REVIEW,lescent,True,nf_empirica,pedido_marketplace,4,2026-07-26 13:15:02,2,2.0,1,1,0,2,0.05,,,1 componente(s) sem referencia B2B,,1 componente(s) sem custo,435,,True
shopee,apice,23098892159,239428318519,KIT058,kit_confirmed,channel_flag,True,in_scope,200.13,KIT058,bom_empirica_nf,CANDIDATE_REVIEW,apice,True,nf_empirica,pedido_marketplace,3,2026-09-17 07:39:37,7,7.0,2,0,6,3,0.15,,,2 componente(s) sem referencia B2B,102.8174,,,6 de 7 componente(s) sem saldo utilizavel,True
shopee,apice,58264918936,179418335587,KIT090,kit_confirmed,channel_flag,True,in_scope,79.73,KIT090,bom_empirica_nf,CANDIDATE_REVIEW,apice,False,nf_empirica,pedido_marketplace,45,2026-09-24 16:24:37,2,2.0,0,0,2,0,0.05,102.8,97.66,,22.121,,,2 de 2 componente(s) sem saldo utilizavel,True
shopee,apice,58266858619,209625972755,KIT081,kit_confirmed,channel_flag,True,in_scope,184.73,KIT081,bom_empirica_nf,CANDIDATE_REVIEW,apice,False,nf_empirica,pedido_marketplace,3,2026-09-22 21:27:59,6,6.0,2,1,6,0,0.15,,,2 componente(s) sem referencia B2B,,1 componente(s) sem custo,,6 de 6 componente(s) sem saldo utilizavel,True
shopee,apice,58263035177,239445229118,KIT087,kit_confirmed,channel_flag,True,in_scope,165.13,KIT087,bom_empirica_nf,CANDIDATE_REVIEW,apice,True,nf_empirica,pedido_marketplace,7,2026-09-23 21:08:47,4,4.0,0,0,4,0,0.15,202.24,171.9,,37.876,,,4 de 4 componente(s) sem saldo utilizavel,True
shopee,apice,58265211361,119874811159,KIT095,kit_confirmed,channel_flag,True,in_scope,280.9,,produto_interno_sem_codigo_protheus,UNMAPPED,,True,,,,,,,,,,,,,,sem composicao alcancavel,,sem composicao alcancavel,,sem composicao alcancavel,False
shopee,barbours,20598290623,238790785714,KIT075,kit_confirmed,channel_flag,False,in_scope,112.9,KIT075,bom_empirica_nf,CANDIDATE_REVIEW,barbours,False,nf_empirica,pedido_marketplace,7,2026-09-18 06:49:09,2,2.0,0,0,2,2,0.05,100.8,95.76,,28.422,,,2 de 2 componente(s) sem saldo utilizavel,True
shopee,barbours,18798300080,189179288868,KIT008,kit_confirmed,channel_flag,True,in_scope,134.9,KIT008,bom_empirica_nf,CANDIDATE_REVIEW,barbours,False,nf_empirica,pedido_marketplace,3,2026-09-24 10:44:32,10,10.0,5,0,8,10,0.15,,,5 componente(s) sem referencia B2B,123.2273,,,8 de 10 componente(s) sem saldo utilizavel,True
shopee,barbours,20899886818,229428319315,KIT073,kit_confirmed,channel_flag,False,in_scope,112.9,KIT073,bom_empirica_nf,CANDIDATE_REVIEW,barbours,False,nf_empirica,pedido_marketplace,60,2026-09-21 16:42:00,5,5.0,0,0,5,5,0.15,250.5,212.92,,100.473,,,5 de 5 componente(s) sem saldo utilizavel,True
shopee,barbours,20598297785,209179280757,KIT003,kit_confirmed,channel_flag,True,in_scope,98.9,KIT003,bom_empirica_nf,CANDIDATE_REVIEW,barbours,False,nf_empirica,pedido_marketplace,3,2026-09-19 17:33:12,9,9.0,5,2,3,6,0.15,,,5 componente(s) sem referencia B2B,,2 componente(s) sem custo,,3 de 9 componente(s) sem saldo utilizavel,True
shopee,barbours,21099886732,239428314326,KIT076,kit_confirmed,channel_flag,False,in_scope,112.9,,codigo_nao_encontrado_em_nenhuma_ponte,UNMAPPED,,False,,,,,,,,,,,,,,sem composicao alcancavel,,sem composicao alcancavel,,sem composicao alcancavel,False
shopee,lescent,58264495386,228809029406,KIT017,kit_confirmed,channel_flag,True,in_scope,69.93,KIT017,bom_empirica_nf,CANDIDATE_REVIEW,lescent,True,nf_empirica,pedido_marketplace,5,2026-09-09 12:30:29,5,5.0,2,1,3,4,0.15,,,2 componente(s) sem referencia B2B,,1 componente(s) sem custo,,3 de 5 componente(s) sem saldo utilizavel,True
shopee,barbours,18599922618,169721651445,KIT109,kit_confirmed,channel_flag,True,in_scope,139.93,KIT109,bom_empirica_nf,CANDIDATE_REVIEW,barbours,False,nf_empirica,pedido_marketplace,1,2026-08-11 12:38:14,3,3.0,1,0,0,1,0.1,,,1 componente(s) sem referencia B2B,38.0427,,435,,True
shopee,barbours,22094428432,228790917683,KIT023,kit_confirmed,channel_flag,True,in_scope,204.9,KIT023,bom_empirica_nf,CANDIDATE_REVIEW,barbours,False,nf_empirica,pedido_marketplace,7,2026-09-21 06:47:29,4,4.0,0,0,4,4,0.15,195.6,166.26,,79.693,,,4 de 4 componente(s) sem saldo utilizavel,True
shopee,apice,22794400858,199179352818,KIT068,kit_confirmed,channel_flag,True,in_scope,185.9,,produto_interno_sem_codigo_protheus,UNMAPPED,,True,,,,,,,,,,,,,,sem composicao alcancavel,,sem composicao alcancavel,,sem composicao alcancavel,False
shopee,barbours,20698295066,169408484819,KIT037,kit_confirmed,channel_flag,False,in_scope,256.9,KIT037,bom_empirica_nf,CANDIDATE_REVIEW,barbours,False,nf_empirica,pedido_marketplace,167,2026-09-24 12:04:19,3,3.0,0,0,3,3,0.1,154.7,139.23,,28.5917,,,3 de 3 componente(s) sem saldo utilizavel,True
shopee,barbours,21898313333,179409014638,KIT044,kit_confirmed,channel_flag,False,in_scope,242.9,,produto_interno_sem_codigo_protheus,UNMAPPED,,False,,,,,,,,,,,,,,sem composicao alcancavel,,sem composicao alcancavel,,sem composicao alcancavel,False
shopee,rituaria,58259495589,199621104991,MLPICNACMAG,kit_confirmed,channel_flag,True,in_scope,149.73,MLPICNACMAG,bom_empirica_nf,CANDIDATE_REVIEW,rituaria,False,nf_empirica,pedido_marketplace,1403,2026-09-22 14:57:30,3,3.0,3,3,3,0,0.1,,,3 componente(s) sem referencia B2B,,3 componente(s) sem custo,,3 de 3 componente(s) sem saldo utilizavel,True
shopee,barbours,20798297797,229428234465,KIT004,kit_confirmed,channel_flag,True,in_scope,98.9,KIT004,bom_empirica_nf,CANDIDATE_REVIEW,barbours,False,nf_empirica,pedido_marketplace,168,2026-09-24 21:37:40,3,3.0,3,1,0,2,0.1,,,3 componente(s) sem referencia B2B,,1 componente(s) sem custo,7904,,True
shopee,barbours,21398308883,199611802874,KIT080,kit_confirmed,channel_flag,False,in_scope,185.9,KIT080,bom_empirica_nf,CANDIDATE_REVIEW,barbours,True,nf_empirica,pedido_marketplace,5,2026-09-14 12:27:45,5,5.0,2,1,5,5,0.15,,,2 componente(s) sem referencia B2B,,1 componente(s) sem custo,,5 de 5 componente(s) sem saldo utilizavel,True
shopee,barbours,18899877000,169409027537,KIT034,kit_confirmed,channel_flag,True,in_scope,199.9,,produto_interno_sem_codigo_protheus,UNMAPPED,,False,,,,,,,,,,,,,,sem composicao alcancavel,,sem composicao alcancavel,,sem composicao alcancavel,False
shopee,apice,58213193483,159555143253,KIT088,kit_confirmed,channel_flag,True,in_scope,179.83,KIT088,bom_empirica_nf,CANDIDATE_REVIEW,apice,False,nf_empirica,pedido_marketplace,49,2026-09-24 22:32:53,5,5.0,0,0,5,0,0.15,292.5,248.62,,49.5018,,,5 de 5 componente(s) sem saldo utilizavel,True
shopee,barbours,22499360747,169413739400,KIT001,kit_confirmed,channel_flag,True,in_scope,98.63,KIT001,bom_empirica_nf,CANDIDATE_REVIEW,barbours,False,nf_empirica,pedido_marketplace,48,2026-09-24 22:31:33,5,5.0,3,1,2,3,0.15,,,3 componente(s) sem referencia B2B,,1 componente(s) sem custo,,2 de 5 componente(s) sem saldo utilizavel,True
shopee,apice,58262828233,149793067535,KIT085,kit_confirmed,channel_flag,True,in_scope,139.93,KIT085,bom_empirica_nf,CANDIDATE_REVIEW,apice,False,nf_empirica,pedido_marketplace,4,2026-09-14 12:09:06,3,3.0,0,0,3,0,0.1,155.02,139.52,,29.8933,,,3 de 3 componente(s) sem saldo utilizavel,True
shopee,barbours,22298864923,199611021113,KIT028,kit_confirmed,channel_flag,False,in_scope,285.9,,produto_interno_sem_codigo_protheus,UNMAPPED,,False,,,,,,,,,,,,,,sem composicao alcancavel,,sem composicao alcancavel,,sem composicao alcancavel,False
shopee,barbours,22198957959,199612349981,KIT097,kit_confirmed,channel_flag,True,in_scope,112.9,KIT097,bom_empirica_nf,CANDIDATE_REVIEW,barbours,False,nf_empirica,pedido_marketplace,6,2026-09-21 16:31:40,3,3.0,3,3,3,3,0.1,,,3 componente(s) sem referencia B2B,,3 componente(s) sem custo,,3 de 3 componente(s) sem saldo utilizavel,True
shopee,barbours,22294461652,149548985088,KIT077,kit_confirmed,channel_flag,False,in_scope,185.9,,codigo_nao_encontrado_em_nenhuma_ponte,UNMAPPED,,False,,,,,,,,,,,,,,sem composicao alcancavel,,sem composicao alcancavel,,sem composicao alcancavel,False
shopee,apice,58264925719,219624706976,KIT092,kit_confirmed,channel_flag,True,in_scope,79.73,KIT092,bom_empirica_nf,CANDIDATE_REVIEW,apice,False,nf_empirica,pedido_marketplace,53,2026-09-24 16:03:14,2,2.0,1,0,2,0,0.05,,,1 componente(s) sem referencia B2B,24.406,,,2 de 2 componente(s) sem saldo utilizavel,True
shopee,barbours,22294457674,189612350249,KIT069,kit_confirmed,channel_flag,False,in_scope,107.9,KIT069,bom_empirica_nf,CANDIDATE_REVIEW,barbours,False,nf_empirica,pedido_marketplace,11,2026-09-22 11:45:20,5,5.0,0,0,5,5,0.15,250.5,212.92,,66.2404,,,5 de 5 componente(s) sem saldo utilizavel,True
shopee,apice,58266588610,228811028413,KIT080,kit_confirmed,channel_flag,True,in_scope,154.63,KIT080,bom_empirica_nf,CANDIDATE_REVIEW,apice,False,nf_empirica,pedido_marketplace,5,2026-09-14 12:27:45,5,5.0,2,1,5,0,0.15,,,2 componente(s) sem referencia B2B,,1 componente(s) sem custo,,5 de 5 componente(s) sem saldo utilizavel,True
shopee,barbours,22194971513,209621019204,KIT004,kit_confirmed,channel_flag,False,in_scope,199.9,KIT004,bom_empirica_nf,CANDIDATE_REVIEW,barbours,False,nf_empirica,pedido_marketplace,168,2026-09-24 21:37:40,3,3.0,3,1,0,2,0.1,,,3 componente(s) sem referencia B2B,,1 componente(s) sem custo,7904,,True
shopee,barbours,22498906887,228790933318,KIT096,kit_confirmed,channel_flag,True,in_scope,213.9,KIT096,bom_empirica_nf,CANDIDATE_REVIEW,barbours,False,nf_empirica,pedido_marketplace,94,2026-09-24 14:18:59,2,2.0,0,0,2,2,0.05,100.8,95.76,,20.0189,,,2 de 2 componente(s) sem saldo utilizavel,True
shopee,apice,23194395753,199179355278,KIT069,kit_confirmed,channel_flag,True,in_scope,244.93,KIT069,bom_empirica_nf,CANDIDATE_REVIEW,apice,True,nf_empirica,pedido_marketplace,11,2026-09-22 11:45:20,5,5.0,0,0,5,0,0.15,250.5,212.92,,66.2404,,,5 de 5 componente(s) sem saldo utilizavel,True
shopee,barbours,22094428796,149548670583,KIT046,kit_confirmed,channel_flag,True,in_scope,285.9,KIT046,bom_empirica_nf,CANDIDATE_REVIEW,barbours,False,nf_empirica,pedido_marketplace,48,2026-09-23 19:26:21,3,3.0,1,0,3,3,0.1,,,1 componente(s) sem referencia B2B,28.2383,,,3 de 3 componente(s) sem saldo utilizavel,True
shopee,rituaria,58206316111,199186643629,MLESSENPREBI,kit_confirmed,channel_flag,True,in_scope,324.03,MLESSENPREBI,bom_empirica_nf,CANDIDATE_REVIEW,rituaria,False,nf_empirica,pedido_bling,2,2025-11-13 16:44:48,3,3.0,3,3,3,0,0.1,,,3 componente(s) sem referencia B2B,,3 componente(s) sem custo,,3 de 3 componente(s) sem saldo utilizavel,True
shopee,barbours,18999873897,159786300876,KIT074,kit_confirmed,channel_flag,False,in_scope,112.9,KIT074,bom_empirica_nf,CANDIDATE_REVIEW,barbours,False,nf_empirica,pedido_marketplace,148,2026-09-24 18:48:49,2,2.0,0,0,2,2,0.05,100.8,95.76,,38.79,,,2 de 2 componente(s) sem saldo utilizavel,True
shopee,barbours,22099562504,129841033229,KIT151,kit_confirmed,channel_flag,True,in_scope,139.93,,produto_interno_sem_codigo_protheus,UNMAPPED,,False,,,,,,,,,,,,,,sem composicao alcancavel,,sem composicao alcancavel,,sem composicao alcancavel,False
shopee,barbours,22198958095,229429132485,KIT078,kit_confirmed,channel_flag,False,in_scope,185.9,KIT078,bom_empirica_nf,CANDIDATE_REVIEW,barbours,False,nf_empirica,pedido_marketplace,2,2026-09-22 10:52:27,4,4.0,0,0,4,4,0.15,216.6,184.11,,49.435,,,4 de 4 componente(s) sem saldo utilizavel,True
shopee,apice,23694395445,129835689182,KIT020,kit_confirmed,channel_flag,True,in_scope,427.9,KIT020,bom_empirica_nf,CANDIDATE_REVIEW,apice,True,nf_empirica,pedido_marketplace,1,2026-07-08 17:03:37,3,3.0,2,1,0,3,0.1,,,2 componente(s) sem referencia B2B,,1 componente(s) sem custo,915,,True
shopee,barbours,22099336389,159551521571,KIT057,kit_confirmed,channel_flag,True,in_scope,149.73,KIT057,bom_empirica_nf,CANDIDATE_REVIEW,barbours,False,nf_empirica,pedido_marketplace,3,2026-07-23 08:50:27,3,3.0,1,1,1,1,0.1,,,1 componente(s) sem referencia B2B,,1 componente(s) sem custo,,1 de 3 componente(s) sem saldo utilizavel,True
shopee,barbours,22594410060,239428314567,KIT098,kit_confirmed,channel_flag,False,in_scope,112.9,,produto_interno_sem_codigo_protheus,UNMAPPED,,False,,,,,,,,,,,,,,sem composicao alcancavel,,sem composicao alcancavel,,sem composicao alcancavel,False
shopee,barbours,22194982098,228804869251,KIT141,kit_confirmed,channel_flag,True,in_scope,197.33,KIT141,bom_empirica_nf,CANDIDATE_REVIEW,barbours,False,nf_empirica,pedido_marketplace,1,2026-09-04 16:45:44,4,4.0,2,1,0,2,0.15,,,2 componente(s) sem referencia B2B,,1 componente(s) sem custo,462,,True
shopee,barbours,20998297793,238791733158,KIT005,kit_confirmed,channel_flag,True,in_scope,98.63,KIT005,bom_empirica_nf,CANDIDATE_REVIEW,barbours,False,nf_empirica,pedido_marketplace,6,2026-09-23 22:00:25,7,7.0,3,2,4,6,0.15,,,3 componente(s) sem referencia B2B,,2 componente(s) sem custo,,4 de 7 componente(s) sem saldo utilizavel,True
shopee,barbours,22298958103,199179901568,KIT063,kit_confirmed,channel_flag,False,in_scope,62.9,,produto_interno_sem_codigo_protheus,UNMAPPED,,False,,,,,,,,,,,,,,sem composicao alcancavel,,sem composicao alcancavel,,sem composicao alcancavel,False
shopee,apice,58217572851,159794829089,KIT097,kit_confirmed,channel_flag,True,in_scope,165.13,KIT097,bom_empirica_nf,CANDIDATE_REVIEW,apice,True,nf_empirica,pedido_marketplace,6,2026-09-21 16:31:40,3,3.0,3,3,3,0,0.1,,,3 componente(s) sem referencia B2B,,3 componente(s) sem custo,,3 de 3 componente(s) sem saldo utilizavel,True
shopee,barbours,20398313524,219179353854,KIT062,kit_confirmed,channel_flag,False,in_scope,256.9,,produto_interno_sem_codigo_protheus,UNMAPPED,,True,,,,,,,,,,,,,,sem composicao alcancavel,,sem composicao alcancavel,,sem composicao alcancavel,False
shopee,barbours,22394410294,228790931053,KIT090,kit_confirmed,channel_flag,False,in_scope,112.9,KIT090,bom_empirica_nf,CANDIDATE_REVIEW,barbours,False,nf_empirica,pedido_marketplace,45,2026-09-24 16:24:37,2,2.0,0,0,2,2,0.05,102.8,97.66,,22.121,,,2 de 2 componente(s) sem saldo utilizavel,True
shopee,barbours,22198913288,159548632761,KIT012,kit_confirmed,channel_flag,True,in_scope,79.03,KIT012,bom_empirica_nf,CANDIDATE_REVIEW,barbours,False,nf_empirica,pedido_marketplace,3,2026-09-13 19:53:11,4,4.0,3,0,2,1,0.15,,,3 componente(s) sem referencia B2B,39.5235,,,2 de 4 componente(s) sem saldo utilizavel,True
shopee,rituaria,58206322590,219186643920,MLRITUALINTER,kit_confirmed,channel_flag,True,in_scope,478.03,MLRITUALINTER,bom_empirica_nf,CANDIDATE_REVIEW,rituaria,False,nf_empirica,pedido_marketplace,1,2026-05-20 09:10:47,4,4.0,3,3,4,0,0.15,,,3 componente(s) sem referencia B2B,,3 componente(s) sem custo,,4 de 4 componente(s) sem saldo utilizavel,True
shopee,rituaria,58214753427,219192140005,MLBRAINPREB4MAG,kit_confirmed,channel_flag,True,in_scope,159.53,MLBRAINPREB4MAG,bom_empirica_nf,CANDIDATE_REVIEW,rituaria,False,nf_empirica,pedido_marketplace,44,2026-09-22 14:33:33,3,3.0,3,3,3,0,0.1,,,3 componente(s) sem referencia B2B,,3 componente(s) sem custo,,3 de 3 componente(s) sem saldo utilizavel,True
shopee,barbours,20098313597,139835688871,KIT060,kit_confirmed,channel_flag,False,in_scope,285.9,,produto_interno_sem_codigo_protheus,UNMAPPED,,False,,,,,,,,,,,,,,sem composicao alcancavel,,sem composicao alcancavel,,sem composicao alcancavel,False
shopee,barbours,22094433099,139652358563,KIT093,kit_confirmed,channel_flag,True,in_scope,119.63,KIT093,bom_empirica_nf,CANDIDATE_REVIEW,barbours,False,nf_empirica,pedido_marketplace,3,2026-09-14 12:24:17,2,2.0,1,1,2,2,0.05,,,1 componente(s) sem referencia B2B,,1 componente(s) sem custo,,2 de 2 componente(s) sem saldo utilizavel,True
shopee,barbours,22098919985,199611780140,KIT024,kit_confirmed,channel_flag,True,in_scope,204.9,KIT024,bom_empirica_nf,CANDIDATE_REVIEW,barbours,False,nf_empirica,pedido_marketplace,3,2026-07-14 06:18:47,3,3.0,3,1,2,1,0.1,,,3 componente(s) sem referencia B2B,,1 componente(s) sem custo,,2 de 3 componente(s) sem saldo utilizavel,True
shopee,barbours,22098920068,189611792341,KIT026,kit_confirmed,channel_flag,True,in_scope,242.9,KIT026,bom_empirica_nf,CANDIDATE_REVIEW,barbours,False,nf_empirica,pedido_marketplace,22,2026-07-29 21:07:14,3,3.0,1,1,2,1,0.1,,,1 componente(s) sem referencia B2B,,1 componente(s) sem custo,,2 de 3 componente(s) sem saldo utilizavel,True
shopee,barbours,23294430993,189179831524,KIT103,kit_confirmed,channel_flag,True,in_scope,78.9,,produto_interno_sem_codigo_protheus,UNMAPPED,,False,,,,,,,,,,,,,,sem composicao alcancavel,,sem composicao alcancavel,,sem composicao alcancavel,False
shopee,apice,58209701045,189621230483,KIT075,kit_confirmed,channel_flag,True,in_scope,130.13,KIT075,bom_empirica_nf,CANDIDATE_REVIEW,apice,False,nf_empirica,pedido_marketplace,7,2026-09-18 06:49:09,2,2.0,0,0,2,0,0.05,100.8,95.76,,28.422,,,2 de 2 componente(s) sem saldo utilizavel,True
shopee,apice,58252870617,199616503730,KIT078,kit_confirmed,channel_flag,True,in_scope,209.93,KIT078,bom_empirica_nf,CANDIDATE_REVIEW,apice,True,nf_empirica,pedido_marketplace,2,2026-09-22 10:52:27,4,4.0,0,0,4,0,0.15,216.6,184.11,,49.435,,,4 de 4 componente(s) sem saldo utilizavel,True
shopee,apice,23995042739,238808570080,KIT086,kit_confirmed,channel_flag,True,in_scope,79.03,KIT086,bom_empirica_nf,CANDIDATE_REVIEW,apice,False,nf_empirica,pedido_marketplace,38,2026-09-24 20:55:48,2,2.0,0,0,2,0,0.05,96.46,91.64,,15.5797,,,2 de 2 componente(s) sem saldo utilizavel,True
shopee,barbours,21499886772,179720467505,KIT043,kit_confirmed,channel_flag,False,in_scope,112.9,,produto_interno_sem_codigo_protheus,UNMAPPED,,False,,,,,,,,,,,,,,sem composicao alcancavel,,sem composicao alcancavel,,sem composicao alcancavel,False
shopee,barbours,20699871337,209611802077,KIT041,kit_confirmed,channel_flag,True,in_scope,148.33,KIT041,bom_empirica_nf,CANDIDATE_REVIEW,barbours,False,nf_empirica,pedido_marketplace,5,2026-09-24 22:06:35,7,7.0,2,1,4,6,0.15,,,2 componente(s) sem referencia B2B,,1 componente(s) sem custo,,4 de 7 componente(s) sem saldo utilizavel,True
shopee,barbours,18999873673,219611023611,KIT025,kit_confirmed,channel_flag,True,in_scope,242.9,KIT025,bom_empirica_nf,CANDIDATE_REVIEW,barbours,False,nf_empirica,pedido_marketplace,10,2026-09-18 06:44:48,7,7.0,1,0,6,5,0.15,,,1 componente(s) sem referencia B2B,127.1324,,,6 de 7 componente(s) sem saldo utilizavel,True
shopee,barbours,21599899579,169721652407,KIT110,kit_confirmed,channel_flag,False,in_scope,213.9,KIT110,bom_empirica_nf,CANDIDATE_REVIEW,barbours,False,nf_empirica,pedido_marketplace,5,2026-09-04 16:26:19,3,3.0,1,0,1,1,0.1,,,1 componente(s) sem referencia B2B,37.6785,,,1 de 3 componente(s) sem saldo utilizavel,True
shopee,apice,58265211660,119874801421,KIT094,kit_confirmed,channel_flag,False,in_scope,260.9,KIT094,bom_empirica_nf,CANDIDATE_REVIEW,apice,True,nf_empirica,pedido_marketplace,28,2026-09-24 16:55:25,5,5.0,1,1,5,0,0.15,,,1 componente(s) sem referencia B2B,,1 componente(s) sem custo,,5 de 5 componente(s) sem saldo utilizavel,True
shopee,barbours,19798335816,159549568487,KIT111,kit_confirmed,channel_flag,False,in_scope,112.9,KIT111,bom_empirica_nf,CANDIDATE_REVIEW,barbours,False,nf_empirica,pedido_marketplace,116,2026-09-20 17:32:59,2,2.0,0,0,1,0,0.05,104.8,99.56,,18.5606,,,1 de 2 componente(s) sem saldo utilizavel,True
shopee,barbours,18499886135,149786674524,KIT006,kit_confirmed,channel_flag,True,in_scope,98.63,KIT006,bom_empirica_nf,CANDIDATE_REVIEW,barbours,False,nf_empirica,pedido_marketplace,2,2026-09-20 20:40:44,4,4.0,2,1,2,2,0.15,,,2 componente(s) sem referencia B2B,,1 componente(s) sem custo,,2 de 4 componente(s) sem saldo utilizavel,True
shopee,barbours,23194808275,199184209621,KIT032,kit_confirmed,channel_flag,False,in_scope,213.9,,produto_interno_sem_codigo_protheus,UNMAPPED,,False,,,,,,,,,,,,,,sem composicao alcancavel,,sem composicao alcancavel,,sem composicao alcancavel,False
shopee,barbours,22094379195,179719949956,KIT058,kit_confirmed,channel_flag,True,in_scope,139.93,KIT058,bom_empirica_nf,CANDIDATE_REVIEW,barbours,False,nf_empirica,pedido_marketplace,3,2026-09-17 07:39:37,7,7.0,2,0,6,5,0.15,,,2 componente(s) sem referencia B2B,102.8174,,,6 de 7 componente(s) sem saldo utilizavel,True
shopee,barbours,20699886826,238791817790,KIT071,kit_confirmed,channel_flag,False,in_scope,186.9,KIT071,bom_empirica_nf,CANDIDATE_REVIEW,barbours,False,nf_empirica,pedido_marketplace,15,2026-09-21 07:04:54,5,5.0,0,0,5,5,0.15,250.5,212.92,,40.7134,,,5 de 5 componente(s) sem saldo utilizavel,True
shopee,barbours,21998313273,199179343652,KIT020,kit_confirmed,channel_flag,True,in_scope,134.33,KIT020,bom_empirica_nf,CANDIDATE_REVIEW,barbours,False,nf_empirica,pedido_marketplace,1,2026-07-08 17:03:37,3,3.0,2,1,0,1,0.1,,,2 componente(s) sem referencia B2B,,1 componente(s) sem custo,915,,True
shopee,barbours,19798314347,238791814622,KIT052,kit_confirmed,channel_flag,False,in_scope,112.9,KIT052,bom_empirica_nf,CANDIDATE_REVIEW,barbours,False,nf_empirica,pedido_marketplace,9,2026-07-31 13:26:27,3,3.0,0,0,3,3,0.1,149.7,134.73,,37.8184,,,3 de 3 componente(s) sem saldo utilizavel,True
shopee,barbours,23194431274,238792530598,KIT102,kit_confirmed,channel_flag,True,in_scope,79.03,,produto_interno_sem_codigo_protheus,UNMAPPED,,False,,,,,,,,,,,,,,sem composicao alcancavel,,sem composicao alcancavel,,sem composicao alcancavel,False
shopee,barbours,23499346593,179725175153,KIT059,kit_confirmed,channel_flag,False,in_scope,285.9,,produto_interno_sem_codigo_protheus,UNMAPPED,,False,,,,,,,,,,,,,,sem composicao alcancavel,,sem composicao alcancavel,,sem composicao alcancavel,False
shopee,barbours,20999871276,219179343195,KIT018,kit_confirmed,channel_flag,False,in_scope,112.9,,produto_interno_sem_codigo_protheus,UNMAPPED,,False,,,,,,,,,,,,,,sem composicao alcancavel,,sem composicao alcancavel,,sem composicao alcancavel,False
shopee,barbours,21499856503,209179288512,KIT009,kit_confirmed,channel_flag,True,in_scope,112.9,KIT009,bom_empirica_nf,CANDIDATE_REVIEW,barbours,False,nf_empirica,pedido_marketplace,185,2026-09-24 16:11:39,4,4.0,0,0,4,4,0.15,204.6,173.91,,33.7517,,,4 de 4 componente(s) sem saldo utilizavel,True
shopee,barbours,22494410151,179409023462,KIT094,kit_confirmed,channel_flag,False,in_scope,112.9,KIT094,bom_empirica_nf,CANDIDATE_REVIEW,barbours,False,nf_empirica,pedido_marketplace,28,2026-09-24 16:55:25,5,5.0,1,1,5,5,0.15,,,1 componente(s) sem referencia B2B,,1 componente(s) sem custo,,5 de 5 componente(s) sem saldo utilizavel,True
shopee,barbours,22298957884,169409427080,KIT070,kit_confirmed,channel_flag,False,in_scope,120.9,KIT070,bom_empirica_nf,CANDIDATE_REVIEW,barbours,False,nf_empirica,pedido_marketplace,540,2026-09-24 22:16:02,5,5.0,0,0,5,5,0.15,250.5,212.92,,42.9289,,,5 de 5 componente(s) sem saldo utilizavel,True
shopee,barbours,23494398868,189611776626,KIT019,kit_confirmed,channel_flag,True,in_scope,134.33,KIT019,bom_empirica_nf,CANDIDATE_REVIEW,barbours,True,nf_empirica,pedido_marketplace,48,2026-09-22 13:08:44,3,3.0,0,0,3,3,0.1,154.7,139.23,,61.6447,,,3 de 3 componente(s) sem saldo utilizavel,True
shopee,apice,58264919796,149555863970,KIT091,kit_confirmed,channel_flag,True,in_scope,79.73,KIT091,bom_empirica_nf,CANDIDATE_REVIEW,apice,True,nf_empirica,pedido_marketplace,39,2026-09-23 12:54:18,2,2.0,0,0,2,0,0.05,102.8,97.66,,34.0343,,,2 de 2 componente(s) sem saldo utilizavel,True
shopee,barbours,22195025491,219189982612,KIT116,kit_confirmed,channel_flag,True,in_scope,94.43,KIT116,bom_empirica_nf,CANDIDATE_REVIEW,barbours,False,nf_empirica,pedido_marketplace,23,2026-06-29 19:51:45,2,2.0,0,0,2,0,0.05,104.8,99.56,,16.3099,,,2 de 2 componente(s) sem saldo utilizavel,True
shopee,barbours,22098913308,199179281012,KIT010,kit_confirmed,channel_flag,True,in_scope,89.53,KIT010,bom_empirica_nf,CANDIDATE_REVIEW,barbours,False,nf_empirica,pedido_marketplace,4,2026-08-31 15:06:28,4,4.0,4,0,1,2,0.15,,,4 componente(s) sem referencia B2B,50.5686,,,1 de 4 componente(s) sem saldo utilizavel,True
shopee,barbours,23094341176,219178633648,,kit_confirmed,channel_flag,True,in_scope,139.93,,sem_seller_sku,UNMAPPED,,False,,,,,,,,,,,,,,sem composicao alcancavel,,sem composicao alcancavel,,sem composicao alcancavel,False
shopee,barbours,23198928649,219179830901,KIT104,kit_confirmed,channel_flag,True,in_scope,79.03,KIT104,bom_empirica_nf,CANDIDATE_REVIEW,barbours,False,nf_empirica,pedido_marketplace,2,2026-07-14 06:21:33,3,3.0,3,0,1,1,0.1,,,3 componente(s) sem referencia B2B,53.1358,,,1 de 3 componente(s) sem saldo utilizavel,True
shopee,barbours,23198928649,149549024962,KIT104,kit_confirmed,channel_flag,True,in_scope,79.03,KIT104,bom_empirica_nf,CANDIDATE_REVIEW,barbours,False,nf_empirica,pedido_marketplace,2,2026-07-14 06:21:33,3,3.0,3,0,1,1,0.1,,,3 componente(s) sem referencia B2B,53.1358,,,1 de 3 componente(s) sem saldo utilizavel,True
shopee,barbours,22998896152,219179322085,KIT013,kit_confirmed,channel_flag,True,in_scope,147.9,KIT013,bom_empirica_nf,CANDIDATE_REVIEW,barbours,False,nf_empirica,pedido_marketplace,43,2026-09-10 12:57:56,2,2.0,0,0,2,2,0.05,99.8,94.81,,40.8647,,,2 de 2 componente(s) sem saldo utilizavel,True
shopee,barbours,22494448670,209612336184,KIT105,kit_confirmed,channel_flag,False,in_scope,108.9,KIT105,bom_empirica_nf,CANDIDATE_REVIEW,barbours,False,nf_empirica,pedido_marketplace,3,2026-07-17 12:58:46,2,2.0,2,1,1,1,0.05,,,2 componente(s) sem referencia B2B,,1 componente(s) sem custo,,1 de 2 componente(s) sem saldo utilizavel,True
shopee,barbours,22698909902,169409004744,KIT016,kit_confirmed,channel_flag,False,in_scope,112.9,KIT016,bom_empirica_nf,CANDIDATE_REVIEW,barbours,False,nf_empirica,pedido_marketplace,1,2026-09-22 02:11:13,4,4.0,4,1,0,3,0.15,,,4 componente(s) sem referencia B2B,,1 componente(s) sem custo,854,,True
shopee,barbours,23299415746,228802889845,KIT132,kit_confirmed,channel_flag,True,in_scope,98.63,,produto_interno_sem_codigo_protheus,UNMAPPED,,False,,,,,,,,,,,,,,sem composicao alcancavel,,sem composicao alcancavel,,sem composicao alcancavel,False
shopee,barbours,23498826908,209178446005,KIT007,kit_confirmed,channel_flag,False,in_scope,134.9,KIT007,bom_empirica_nf,CANDIDATE_REVIEW,barbours,True,nf_empirica,pedido_marketplace,12,2026-09-23 15:10:35,5,5.0,2,0,3,5,0.15,,,2 componente(s) sem referencia B2B,40.866,,,3 de 5 componente(s) sem saldo utilizavel,True
shopee,barbours,22298958027,189612353482,KIT068,kit_confirmed,channel_flag,False,in_scope,56.9,,produto_interno_sem_codigo_protheus,UNMAPPED,,False,,,,,,,,,,,,,,sem composicao alcancavel,,sem composicao alcancavel,,sem composicao alcancavel,False
shopee,barbours,23098932683,189612279675,KIT101,kit_confirmed,channel_flag,False,in_scope,112.9,,produto_interno_sem_codigo_protheus,UNMAPPED,,False,,,,,,,,,,,,,,sem composicao alcancavel,,sem composicao alcancavel,,sem composicao alcancavel,False
shopee,barbours,23099369928,159790795232,KIT125,kit_confirmed,channel_flag,True,in_scope,148.33,KIT125,bom_empirica_nf,CANDIDATE_REVIEW,barbours,False,nf_empirica,pedido_marketplace,6,2026-09-11 11:49:12,3,3.0,1,0,2,1,0.1,,,1 componente(s) sem referencia B2B,39.4884,,,2 de 3 componente(s) sem saldo utilizavel,True
shopee,barbours,22594819705,229435722920,KIT112,kit_confirmed,channel_flag,True,in_scope,139.93,,produto_interno_sem_codigo_protheus,UNMAPPED,,False,,,,,,,,,,,,,,sem composicao alcancavel,,sem composicao alcancavel,,sem composicao alcancavel,False
shopee,barbours,23299661440,149556157133,KIT158,kit_confirmed,channel_flag,True,in_scope,109.83,KIT158,bom_empirica_nf,CANDIDATE_REVIEW,barbours,False,nf_empirica,pedido_marketplace,4,2026-09-09 21:25:20,2,2.0,0,0,2,0,0.05,109.8,104.31,,17.9467,,,2 de 2 componente(s) sem saldo utilizavel,True
shopee,barbours,23094436206,139835900049,KIT100,kit_confirmed,channel_flag,True,in_scope,79.03,KIT100,bom_empirica_nf,CANDIDATE_REVIEW,barbours,False,nf_empirica,pedido_marketplace,5,2026-09-24 13:40:42,2,2.0,2,2,2,2,0.05,,,2 componente(s) sem referencia B2B,,2 componente(s) sem custo,,2 de 2 componente(s) sem saldo utilizavel,True
shopee,barbours,22494410283,209179352417,KIT095,kit_confirmed,channel_flag,False,in_scope,213.9,,produto_interno_sem_codigo_protheus,UNMAPPED,,False,,,,,,,,,,,,,,sem composicao alcancavel,,sem composicao alcancavel,,sem composicao alcancavel,False
shopee,barbours,23898886962,209179351292,KIT038,kit_confirmed,channel_flag,False,in_scope,242.9,,produto_interno_sem_codigo_protheus,UNMAPPED,,False,,,,,,,,,,,,,,sem composicao alcancavel,,sem composicao alcancavel,,sem composicao alcancavel,False
shopee,barbours,23794794991,238799221616,KIT114,kit_confirmed,channel_flag,True,in_scope,139.93,KIT114,bom_empirica_nf,CANDIDATE_REVIEW,barbours,False,nf_empirica,pedido_marketplace,33,2026-09-08 01:46:40,3,3.0,1,0,3,0,0.1,,,1 componente(s) sem referencia B2B,28.0533,,,3 de 3 componente(s) sem saldo utilizavel,True
shopee,barbours,22094428986,238791817559,KIT048,kit_confirmed,channel_flag,True,in_scope,79.03,KIT048,bom_empirica_nf,CANDIDATE_REVIEW,barbours,False,nf_empirica,pedido_marketplace,5,2026-09-24 23:11:28,5,5.0,1,1,4,2,0.15,,,1 componente(s) sem referencia B2B,,1 componente(s) sem custo,,4 de 5 componente(s) sem saldo utilizavel,True
shopee,barbours,22498945314,229429126868,KIT106,kit_confirmed,channel_flag,False,in_scope,108.9,,produto_interno_sem_codigo_protheus,UNMAPPED,,False,,,,,,,,,,,,,,sem composicao alcancavel,,sem composicao alcancavel,,sem composicao alcancavel,False
shopee,barbours,23594395445,149548665981,KIT027,kit_confirmed,channel_flag,False,in_scope,285.9,KIT027,bom_empirica_nf,CANDIDATE_REVIEW,barbours,False,nf_empirica,pedido_marketplace,3,2026-09-09 20:47:37,4,4.0,0,0,4,4,0.15,219.6,186.66,,73.553,,,4 de 4 componente(s) sem saldo utilizavel,True
shopee,barbours,23994788066,189184215272,KIT033,kit_confirmed,channel_flag,True,in_scope,213.9,KIT033,bom_empirica_nf,CANDIDATE_REVIEW,barbours,False,nf_empirica,pedido_marketplace,6,2026-09-09 21:00:51,3,3.0,0,0,3,3,0.1,145.7,131.13,,21.1172,,,3 de 3 componente(s) sem saldo utilizavel,True
shopee,barbours,23893754795,209611779784,KIT014,kit_confirmed,channel_flag,False,in_scope,112.9,KIT014,bom_empirica_nf,CANDIDATE_REVIEW,barbours,False,nf_empirica,pedido_marketplace,1,2026-07-12 10:43:07,2,2.0,2,0,0,2,0.05,,,2 componente(s) sem referencia B2B,15.5714,,438,,True
shopee,barbours,22894437213,219612279160,KIT099,kit_confirmed,channel_flag,True,in_scope,142.9,,produto_interno_sem_codigo_protheus,UNMAPPED,,False,,,,,,,,,,,,,,sem composicao alcancavel,,sem composicao alcancavel,,sem composicao alcancavel,False
shopee,barbours,23599446137,179415995896,KIT134,kit_confirmed,channel_flag,True,in_scope,100.03,,produto_interno_sem_codigo_protheus,UNMAPPED,,False,,,,,,,,,,,,,,sem composicao alcancavel,,sem composicao alcancavel,,sem composicao alcancavel,False
shopee,barbours,23998886578,219611779787,KIT021,kit_confirmed,channel_flag,False,in_scope,204.9,,produto_interno_sem_codigo_protheus,UNMAPPED,,False,,,,,,,,,,,,,,sem composicao alcancavel,,sem composicao alcancavel,,sem composicao alcancavel,False
shopee,barbours,23998832555,238790764390,,kit_confirmed,channel_flag,True,in_scope,139.93,,sem_seller_sku,UNMAPPED,,False,,,,,,,,,,,,,,sem composicao alcancavel,,sem composicao alcancavel,,sem composicao alcancavel,False
shopee,barbours,23798843529,179408520868,,kit_confirmed,channel_flag,False,in_scope,256.9,,sem_seller_sku,UNMAPPED,,False,,,,,,,,,,,,,,sem composicao alcancavel,,sem composicao alcancavel,,sem composicao alcancavel,False
shopee,barbours,23194850201,189618342379,KIT040,kit_confirmed,channel_flag,True,in_scope,139.93,,produto_interno_sem_codigo_protheus,UNMAPPED,,False,,,,,,,,,,,,,,sem composicao alcancavel,,sem composicao alcancavel,,sem composicao alcancavel,False
shopee,barbours,23698837948,199178637751,KIT066,kit_confirmed,channel_flag,False,in_scope,242.9,KIT066,bom_empirica_nf,CANDIDATE_REVIEW,barbours,False,nf_empirica,pedido_marketplace,143,2026-09-24 14:50:02,3,3.0,0,0,3,3,0.1,149.7,134.73,,37.26,,,3 de 3 componente(s) sem saldo utilizavel,True
shopee,barbours,23998886884,129835689572,KIT042,kit_confirmed,channel_flag,True,in_scope,139.93,,produto_interno_sem_codigo_protheus,UNMAPPED,,True,,,,,,,,,,,,,,sem composicao alcancavel,,sem composicao alcancavel,,sem composicao alcancavel,False
shopee,barbours,23898886437,149548658620,KIT015,kit_confirmed,channel_flag,True,in_scope,112.9,KIT015,bom_empirica_nf,CANDIDATE_REVIEW,barbours,False,nf_empirica,pedido_marketplace,2,2026-09-05 22:46:50,5,5.0,2,0,3,5,0.15,,,2 componente(s) sem referencia B2B,74.0102,,,3 de 5 componente(s) sem saldo utilizavel,True
shopee,barbours,23898884730,129652334471,KIT002,kit_confirmed,channel_flag,True,in_scope,98.63,KIT002,bom_empirica_nf,CANDIDATE_REVIEW,barbours,False,nf_empirica,pedido_marketplace,4,2026-07-26 13:15:02,2,2.0,1,1,0,1,0.05,,,1 componente(s) sem referencia B2B,,1 componente(s) sem custo,435,,True
shopee,barbours,23594999768,129657148364,KIT145,kit_confirmed,channel_flag,True,in_scope,134.33,KIT145,bom_empirica_nf,CANDIDATE_REVIEW,barbours,False,nf_empirica,pedido_marketplace,22,2026-07-22 00:16:15,3,3.0,0,0,3,0,0.1,149.7,134.73,,27.9686,,,3 de 3 componente(s) sem saldo utilizavel,True
shopee,barbours,58205305833,219618332503,KIT045,kit_confirmed,channel_flag,True,in_scope,242.9,KIT045,bom_empirica_nf,CANDIDATE_REVIEW,barbours,False,nf_empirica,pedido_marketplace,4,2026-09-09 23:44:40,2,2.0,0,0,2,2,0.05,99.8,94.81,,17.0483,,,2 de 2 componente(s) sem saldo utilizavel,True
shopee,barbours,22098920478,219611800359,KIT049,kit_confirmed,channel_flag,True,in_scope,139.93,,produto_interno_sem_codigo_protheus,UNMAPPED,,False,,,,,,,,,,,,,,sem composicao alcancavel,,sem composicao alcancavel,,sem composicao alcancavel,False
shopee,barbours,58212128408,199190394046,KIT143,kit_confirmed,channel_flag,True,in_scope,94.4,KIT143,bom_empirica_nf,CANDIDATE_REVIEW,barbours,False,nf_empirica,pedido_marketplace,48,2026-09-24 05:20:11,2,2.0,1,0,1,1,0.05,,,1 componente(s) sem referencia B2B,29.9977,,,1 de 2 componente(s) sem saldo utilizavel,True
shopee,barbours,58204404712,219185231692,KIT122,kit_confirmed,channel_flag,True,in_scope,352.9,,produto_interno_sem_codigo_protheus,UNMAPPED,,False,,,,,,,,,,,,,,sem composicao alcancavel,,sem composicao alcancavel,,sem composicao alcancavel,False
shopee,barbours,58211503510,159792599570,KIT111,kit_confirmed,channel_flag,True,in_scope,94.43,KIT111,bom_empirica_nf,CANDIDATE_REVIEW,barbours,False,nf_empirica,pedido_marketplace,116,2026-09-20 17:32:59,2,2.0,0,0,1,0,0.05,104.8,99.56,,18.5606,,,1 de 2 componente(s) sem saldo utilizavel,True
shopee,barbours,58214234849,139657682157,KIT149,kit_confirmed,channel_flag,True,in_scope,149.73,,produto_interno_sem_codigo_protheus,UNMAPPED,,False,,,,,,,,,,,,,,sem composicao alcancavel,,sem composicao alcancavel,,sem composicao alcancavel,False
shopee,apice,22098924739,209611800934,KIT041,kit_confirmed,channel_flag,True,in_scope,156.73,KIT041,bom_empirica_nf,CANDIDATE_REVIEW,apice,True,nf_empirica,pedido_marketplace,5,2026-09-24 22:06:35,7,7.0,2,1,4,3,0.15,,,2 componente(s) sem referencia B2B,,1 componente(s) sem custo,,4 de 7 componente(s) sem saldo utilizavel,True
shopee,apice,21398308887,199611802883,KIT039,kit_confirmed,channel_flag,True,in_scope,206.9,,produto_interno_sem_codigo_protheus,UNMAPPED,,True,,,,,,,,,,,,,,sem composicao alcancavel,,sem composicao alcancavel,,sem composicao alcancavel,False
shopee,rituaria,58214766447,149555806873,MLNUTRIPREB,kit_confirmed,channel_flag,True,in_scope,109.83,MLNUTRIPREB,bom_empirica_nf,CANDIDATE_REVIEW,rituaria,False,nf_empirica,pedido_marketplace,7,2026-09-22 00:22:39,2,2.0,2,2,2,0,0.05,,,2 componente(s) sem referencia B2B,,2 componente(s) sem custo,,2 de 2 componente(s) sem saldo utilizavel,True
shopee,apice,19798314354,169409019699,KIT035,kit_confirmed,channel_flag,True,in_scope,109.13,KIT035,bom_empirica_nf,CANDIDATE_REVIEW,apice,True,nf_empirica,pedido_marketplace,130,2026-09-24 23:17:50,3,3.0,0,0,3,0,0.1,149.7,134.73,,22.91,,,3 de 3 componente(s) sem saldo utilizavel,True
shopee,apice,22594413911,199179355027,KIT051,kit_confirmed,channel_flag,True,in_scope,385.9,KIT051,bom_empirica_nf,CANDIDATE_REVIEW,apice,True,nf_empirica,pedido_marketplace,3,2026-09-12 13:03:21,2,2.0,1,0,1,2,0.05,,,1 componente(s) sem referencia B2B,30.2833,,,1 de 2 componente(s) sem saldo utilizavel,True
shopee,barbours,58211547249,199190013958,KIT026,kit_confirmed,channel_flag,True,in_scope,143.43,KIT026,bom_empirica_nf,CANDIDATE_REVIEW,barbours,False,nf_empirica,pedido_marketplace,22,2026-07-29 21:07:14,3,3.0,1,1,2,1,0.1,,,1 componente(s) sem referencia B2B,,1 componente(s) sem custo,,2 de 3 componente(s) sem saldo utilizavel,True
shopee,barbours,58268309622,189626923003,KIT166,kit_confirmed,channel_flag,True,in_scope,154.63,,codigo_nao_encontrado_em_nenhuma_ponte,UNMAPPED,,False,,,,,,,,,,,,,,sem composicao alcancavel,,sem composicao alcancavel,,sem composicao alcancavel,False
shopee,lescent,58251338685,179722967863,KIT004,kit_confirmed,channel_flag,True,in_scope,139.93,KIT004,bom_empirica_nf,CANDIDATE_REVIEW,lescent,True,nf_empirica,pedido_marketplace,168,2026-09-24 21:37:40,3,3.0,3,1,0,1,0.1,,,3 componente(s) sem referencia B2B,,1 componente(s) sem custo,7904,,True
shopee,barbours,23698892005,169409018827,KIT031,kit_confirmed,channel_flag,True,in_scope,139.93,KIT031,bom_empirica_nf,CANDIDATE_REVIEW,barbours,False,nf_empirica,pedido_marketplace,51,2026-09-21 07:18:52,2,2.0,0,0,2,2,0.05,99.8,94.81,,14.845,,,2 de 2 componente(s) sem saldo utilizavel,True
shopee,barbours,58207078816,209187116204,KIT128,kit_confirmed,channel_flag,True,in_scope,148.33,KIT128,bom_empirica_nf,CANDIDATE_REVIEW,barbours,False,nf_empirica,pedido_marketplace,7,2026-09-09 20:03:14,3,3.0,0,0,3,0,0.1,164.7,148.23,,22.547,,,3 de 3 componente(s) sem saldo utilizavel,True
shopee,barbours,58208971285,238804934187,KIT110,kit_confirmed,channel_flag,True,in_scope,148.33,KIT110,bom_empirica_nf,CANDIDATE_REVIEW,barbours,False,nf_empirica,pedido_marketplace,5,2026-09-04 16:26:19,3,3.0,1,0,1,1,0.1,,,1 componente(s) sem referencia B2B,37.6785,,,1 de 3 componente(s) sem saldo utilizavel,True
shopee,barbours,58212129234,129657107989,KIT144,kit_confirmed,channel_flag,True,in_scope,179.83,KIT144,bom_empirica_nf,CANDIDATE_REVIEW,barbours,False,nf_empirica,pedido_marketplace,2,2026-08-18 23:45:57,4,4.0,0,0,4,0,0.15,199.6,169.66,,36.736,,,4 de 4 componente(s) sem saldo utilizavel,True
shopee,barbours,58211544495,199190010165,KIT025,kit_confirmed,channel_flag,True,in_scope,143.43,KIT025,bom_empirica_nf,CANDIDATE_REVIEW,barbours,False,nf_empirica,pedido_marketplace,10,2026-09-18 06:44:48,7,7.0,1,0,6,5,0.15,,,1 componente(s) sem referencia B2B,127.1324,,,6 de 7 componente(s) sem saldo utilizavel,True
shopee,barbours,58210063483,239442455322,KIT138,kit_confirmed,channel_flag,True,in_scope,79.03,KIT138,bom_empirica_nf,CANDIDATE_REVIEW,barbours,False,nf_empirica,pedido_marketplace,1,2026-09-24 14:30:41,2,2.0,1,0,1,1,0.05,,,1 componente(s) sem referencia B2B,32.0088,,,1 de 2 componente(s) sem saldo utilizavel,True
shopee,barbours,58211511960,239443878457,KIT142,kit_confirmed,channel_flag,True,in_scope,79.03,KIT142,bom_empirica_nf,CANDIDATE_REVIEW,barbours,False,nf_empirica,pedido_marketplace,154,2026-09-24 20:39:06,2,2.0,0,0,2,0,0.05,104.8,99.56,,19.3853,,,2 de 2 componente(s) sem saldo utilizavel,True
shopee,barbours,58210071643,219621465082,KIT139,kit_confirmed,channel_flag,True,in_scope,197.33,,produto_interno_sem_codigo_protheus,UNMAPPED,,False,,,,,,,,,,,,,,sem composicao alcancavel,,sem composicao alcancavel,,sem composicao alcancavel,False
shopee,barbours,58214234389,219624187940,KIT148,kit_confirmed,channel_flag,True,in_scope,79.03,KIT148,bom_empirica_nf,CANDIDATE_REVIEW,barbours,False,nf_empirica,pedido_marketplace,10,2026-09-04 18:03:01,2,2.0,1,1,0,1,0.05,,,1 componente(s) sem referencia B2B,,1 componente(s) sem custo,462,,True
shopee,barbours,58200794909,239432709698,KIT113,kit_confirmed,channel_flag,True,in_scope,148.33,KIT113,bom_empirica_nf,CANDIDATE_REVIEW,barbours,False,nf_empirica,pedido_marketplace,39,2026-07-30 10:49:01,3,3.0,0,0,3,0,0.1,164.7,148.23,,26.9896,,,3 de 3 componente(s) sem saldo utilizavel,True
shopee,barbours,58201630973,109871533986,KIT116,kit_confirmed,channel_flag,True,in_scope,112.9,KIT116,bom_empirica_nf,CANDIDATE_REVIEW,barbours,False,nf_empirica,pedido_marketplace,23,2026-06-29 19:51:45,2,2.0,0,0,2,0,0.05,104.8,99.56,,16.3099,,,2 de 2 componente(s) sem saldo utilizavel,True
shopee,barbours,58203286342,199616874610,KIT115,kit_confirmed,channel_flag,True,in_scope,148.33,KIT115,bom_empirica_nf,CANDIDATE_REVIEW,barbours,False,nf_empirica,pedido_marketplace,11,2026-07-23 19:23:37,3,3.0,0,0,3,0,0.1,164.7,148.23,,26.7254,,,3 de 3 componente(s) sem saldo utilizavel,True
shopee,barbours,58213656506,238809375745,KIT147,kit_confirmed,channel_flag,True,in_scope,170.03,KIT147,bom_empirica_nf,CANDIDATE_REVIEW,barbours,False,nf_empirica,pedido_marketplace,15,2026-09-24 14:02:45,4,4.0,2,0,2,1,0.15,,,2 componente(s) sem referencia B2B,57.2628,,,2 de 4 componente(s) sem saldo utilizavel,True
shopee,rituaria,23893828229,219612951391,ML3UNIF,kit_confirmed,channel_flag,True,in_scope,298.13,,produto_interno_sem_codigo_protheus,UNMAPPED,,False,,,,,,,,,,,,,,sem composicao alcancavel,,sem composicao alcancavel,,sem composicao alcancavel,False
shopee,barbours,58211511026,169416708449,KIT117,kit_confirmed,channel_flag,True,in_scope,76.31,KIT117,bom_empirica_nf,CANDIDATE_REVIEW,barbours,False,nf_empirica,pedido_marketplace,175,2026-09-24 20:33:44,2,2.0,1,0,1,1,0.05,,,1 componente(s) sem referencia B2B,30.0276,,,1 de 2 componente(s) sem saldo utilizavel,True
shopee,barbours,58209361367,199621022315,KIT001,kit_confirmed,channel_flag,False,in_scope,199.9,KIT001,bom_empirica_nf,CANDIDATE_REVIEW,barbours,False,nf_empirica,pedido_marketplace,48,2026-09-24 22:31:33,5,5.0,3,1,2,3,0.15,,,3 componente(s) sem referencia B2B,,1 componente(s) sem custo,,2 de 5 componente(s) sem saldo utilizavel,True
shopee,barbours,58205308561,189618340551,KIT022,kit_confirmed,channel_flag,False,in_scope,242.9,KIT022,bom_empirica_nf,CANDIDATE_REVIEW,barbours,False,nf_empirica,pedido_marketplace,1,2026-07-29 14:55:55,6,6.0,1,0,4,4,0.15,,,1 componente(s) sem referencia B2B,76.5855,,,4 de 6 componente(s) sem saldo utilizavel,True
shopee,barbours,58207614646,238803637402,KIT131,kit_confirmed,channel_flag,True,in_scope,100.03,KIT131,bom_empirica_nf,CANDIDATE_REVIEW,barbours,False,nf_empirica,pedido_marketplace,3,2026-08-12 15:49:26,2,2.0,1,0,1,1,0.05,,,1 componente(s) sem referencia B2B,30.8068,,,1 de 2 componente(s) sem saldo utilizavel,True
shopee,barbours,58265696343,109730037588,KIT161,kit_confirmed,channel_flag,True,in_scope,79.03,KIT161,bom_empirica_nf,CANDIDATE_REVIEW,barbours,False,nf_empirica,pedido_marketplace,2,2026-08-11 22:53:35,2,2.0,0,0,2,0,0.05,109.8,104.31,,18.9218,,,2 de 2 componente(s) sem saldo utilizavel,True
shopee,barbours,58217436323,238812990342,KIT165,kit_confirmed,channel_flag,True,in_scope,147.63,KIT165,bom_empirica_nf,CANDIDATE_REVIEW,barbours,False,nf_empirica,pedido_marketplace,3,2026-09-24 23:46:55,4,4.0,1,0,3,1,0.15,,,1 componente(s) sem referencia B2B,54.0148,,,3 de 4 componente(s) sem saldo utilizavel,True
shopee,barbours,58264299377,229446522869,KIT152,kit_confirmed,channel_flag,True,in_scope,200.13,KIT152,bom_empirica_nf,CANDIDATE_REVIEW,barbours,False,nf_empirica,pedido_marketplace,2,2026-08-12 15:00:43,6,6.0,1,0,4,1,0.15,,,1 componente(s) sem referencia B2B,66.4697,,,4 de 6 componente(s) sem saldo utilizavel,True
shopee,barbours,58215652172,189625194516,KIT156,kit_confirmed,channel_flag,True,in_scope,130.13,KIT156,bom_empirica_nf,CANDIDATE_REVIEW,barbours,False,nf_empirica,pedido_marketplace,2,2026-09-12 12:40:14,2,2.0,1,1,1,1,0.05,,,1 componente(s) sem referencia B2B,,1 componente(s) sem custo,,1 de 2 componente(s) sem saldo utilizavel,True
shopee,apice,58258752192,109728436670,VK35231,kit_suspected,title,True,in_scope,79.9,VK35231,bom_empirica_nf,CANDIDATE_REVIEW,apice,False,nf_empirica,pedido_marketplace,47,2026-09-24 17:07:34,2,2.0,1,0,2,0,0.05,,,1 componente(s) sem referencia B2B,22.9733,,,2 de 2 componente(s) sem saldo utilizavel,True
shopee,apice,58258752192,109728436669,VK35230,kit_suspected,title,True,in_scope,79.9,,produto_interno_sem_codigo_protheus,UNMAPPED,,False,,,,,,,,,,,,,,sem composicao alcancavel,,sem composicao alcancavel,,sem composicao alcancavel,False
shopee,apice,58258752192,109728436671,VK35232,kit_suspected,title,True,in_scope,79.9,VK35232,bom_empirica_nf,CANDIDATE_REVIEW,apice,False,nf_empirica,pedido_marketplace,45,2026-08-04 13:21:49,2,2.0,1,0,2,0,0.05,,,1 componente(s) sem referencia B2B,22.97,,,2 de 2 componente(s) sem saldo utilizavel,True
shopee,barbours,58265684755,169418709244,KIT160,kit_confirmed,channel_flag,True,in_scope,79.03,KIT160,bom_empirica_nf,CANDIDATE_REVIEW,barbours,False,nf_empirica,pedido_marketplace,16,2026-09-23 22:52:30,2,2.0,0,0,2,0,0.05,109.8,104.31,,18.2729,,,2 de 2 componente(s) sem saldo utilizavel,True
shopee,barbours,58265701370,179418709761,KIT157,kit_confirmed,channel_flag,True,in_scope,79.03,KIT157,bom_empirica_nf,CANDIDATE_REVIEW,barbours,False,nf_empirica,pedido_marketplace,3,2026-09-04 14:28:17,2,2.0,1,0,1,1,0.05,,,1 componente(s) sem referencia B2B,29.6715,,,1 de 2 componente(s) sem saldo utilizavel,True
shopee,barbours,58260056158,219189019312,KIT135,kit_confirmed,channel_flag,True,in_scope,100.03,,produto_interno_sem_codigo_protheus,UNMAPPED,,False,,,,,,,,,,,,,,sem composicao alcancavel,,sem composicao alcancavel,,sem composicao alcancavel,False
shopee,barbours,58255331196,209618360682,KIT001,kit_confirmed,channel_flag,False,in_scope,199.9,KIT001,bom_empirica_nf,CANDIDATE_REVIEW,barbours,False,nf_empirica,pedido_marketplace,48,2026-09-24 22:31:33,5,5.0,3,1,2,3,0.15,,,3 componente(s) sem referencia B2B,,1 componente(s) sem custo,,2 de 5 componente(s) sem saldo utilizavel,True
shopee,barbours,58253003925,229435394159,KIT035,kit_confirmed,channel_flag,False,in_scope,256.9,KIT035,bom_empirica_nf,CANDIDATE_REVIEW,barbours,False,nf_empirica,pedido_marketplace,130,2026-09-24 23:17:50,3,3.0,0,0,3,3,0.1,149.7,134.73,,22.91,,,3 de 3 componente(s) sem saldo utilizavel,True
shopee,barbours,58256429822,119872790063,KIT124,kit_confirmed,channel_flag,True,in_scope,148.33,KIT124,bom_empirica_nf,CANDIDATE_REVIEW,barbours,False,nf_empirica,pedido_marketplace,46,2026-09-22 15:49:08,3,3.0,0,0,3,0,0.1,164.7,148.23,,25.8615,,,3 de 3 componente(s) sem saldo utilizavel,True
shopee,rituaria,22094543595,139836178135,MLAVANRENO,kit_confirmed,channel_flag,True,in_scope,338.73,,produto_interno_sem_codigo_protheus,UNMAPPED,,False,,,,,,,,,,,,,,sem composicao alcancavel,,sem composicao alcancavel,,sem composicao alcancavel,False
shopee,apice,58252401849,229434622527,KIT022,kit_confirmed,channel_flag,True,in_scope,413.9,KIT022,bom_empirica_nf,CANDIDATE_REVIEW,apice,True,nf_empirica,pedido_marketplace,1,2026-07-29 14:55:55,6,6.0,1,0,4,3,0.15,,,1 componente(s) sem referencia B2B,76.5855,,,4 de 6 componente(s) sem saldo utilizavel,True
shopee,barbours,58255298584,169413740933,KIT051,kit_confirmed,channel_flag,False,in_scope,112.9,KIT051,bom_empirica_nf,CANDIDATE_REVIEW,barbours,False,nf_empirica,pedido_marketplace,3,2026-09-12 13:03:21,2,2.0,1,0,1,1,0.05,,,1 componente(s) sem referencia B2B,30.2833,,,1 de 2 componente(s) sem saldo utilizavel,True
shopee,barbours,58255743791,239438343790,KIT123,kit_confirmed,channel_flag,True,in_scope,148.33,,produto_interno_sem_codigo_protheus,UNMAPPED,,False,,,,,,,,,,,,,,sem composicao alcancavel,,sem composicao alcancavel,,sem composicao alcancavel,False
shopee,barbours,58257423491,209619785591,KIT129,kit_confirmed,channel_flag,False,in_scope,113.9,,produto_interno_sem_codigo_protheus,UNMAPPED,,False,,,,,,,,,,,,,,sem composicao alcancavel,,sem composicao alcancavel,,sem composicao alcancavel,False
shopee,barbours,58253269557,129654584156,KIT107,kit_confirmed,channel_flag,True,in_scope,148.33,KIT107,bom_empirica_nf,CANDIDATE_REVIEW,barbours,False,nf_empirica,pedido_marketplace,7,2026-08-12 16:07:34,3,3.0,1,0,1,1,0.1,,,1 componente(s) sem referencia B2B,40.0049,,,1 de 3 componente(s) sem saldo utilizavel,True
shopee,barbours,58255295980,209185889904,KIT011,kit_confirmed,channel_flag,True,in_scope,98.63,KIT011,bom_empirica_nf,CANDIDATE_REVIEW,barbours,False,nf_empirica,pedido_marketplace,3,2026-09-19 20:14:05,8,8.0,3,0,5,7,0.15,,,3 componente(s) sem referencia B2B,80.7362,,,5 de 8 componente(s) sem saldo utilizavel,True
shopee,barbours,58260053163,109728710758,KIT136,kit_confirmed,channel_flag,True,in_scope,98.63,KIT136,bom_empirica_nf,CANDIDATE_REVIEW,barbours,False,nf_empirica,pedido_marketplace,10,2026-07-10 14:55:55,2,2.0,1,0,1,1,0.05,,,1 componente(s) sem referencia B2B,28.3673,,,1 de 2 componente(s) sem saldo utilizavel,True
shopee,barbours,58257610378,169414866752,KIT130,kit_confirmed,channel_flag,True,in_scope,79.03,KIT130,bom_empirica_nf,CANDIDATE_REVIEW,barbours,False,nf_empirica,pedido_marketplace,6,2026-08-11 16:01:40,2,2.0,1,0,0,1,0.05,,,1 componente(s) sem referencia B2B,30.136,,1562,,True
shopee,barbours,58265560809,169418638897,KIT155,kit_confirmed,channel_flag,False,in_scope,213.9,KIT155,bom_empirica_nf,CANDIDATE_REVIEW,barbours,False,nf_empirica,pedido_marketplace,7,2026-09-09 21:39:45,3,3.0,0,0,3,0,0.1,164.7,148.23,,26.9996,,,3 de 3 componente(s) sem saldo utilizavel,True
shopee,barbours,58256867891,239439451748,KIT126,kit_confirmed,channel_flag,True,in_scope,98.63,,produto_interno_sem_codigo_protheus,UNMAPPED,,False,,,,,,,,,,,,,,sem composicao alcancavel,,sem composicao alcancavel,,sem composicao alcancavel,False
shopee,barbours,58260066593,209621470788,KIT140,kit_confirmed,channel_flag,True,in_scope,197.33,KIT140,bom_empirica_nf,CANDIDATE_REVIEW,barbours,False,nf_empirica,pedido_marketplace,1,2026-09-04 08:59:15,4,4.0,1,0,2,1,0.15,,,1 componente(s) sem referencia B2B,47.5474,,,2 de 4 componente(s) sem saldo utilizavel,True
shopee,barbours,58252498051,209183773986,KIT117,kit_confirmed,channel_flag,True,in_scope,134.9,KIT117,bom_empirica_nf,CANDIDATE_REVIEW,barbours,False,nf_empirica,pedido_marketplace,175,2026-09-24 20:33:44,2,2.0,1,0,1,1,0.05,,,1 componente(s) sem referencia B2B,30.0276,,,1 de 2 componente(s) sem saldo utilizavel,True
shopee,barbours,58261545641,169416726877,KIT022,kit_confirmed,channel_flag,True,in_scope,143.43,KIT022,bom_empirica_nf,CANDIDATE_REVIEW,barbours,False,nf_empirica,pedido_marketplace,1,2026-07-29 14:55:55,6,6.0,1,0,4,4,0.15,,,1 componente(s) sem referencia B2B,76.5855,,,4 de 6 componente(s) sem saldo utilizavel,True
shopee,barbours,58257541529,169726285845,KIT129,kit_confirmed,channel_flag,True,in_scope,100.03,,produto_interno_sem_codigo_protheus,UNMAPPED,,False,,,,,,,,,,,,,,sem composicao alcancavel,,sem composicao alcancavel,,sem composicao alcancavel,False
shopee,barbours,58253275333,169724138546,KIT108,kit_confirmed,channel_flag,False,in_scope,112.9,KIT108,bom_empirica_nf,CANDIDATE_REVIEW,barbours,False,nf_empirica,pedido_marketplace,3,2026-09-04 16:34:08,3,3.0,1,0,2,1,0.1,,,1 componente(s) sem referencia B2B,38.3493,,,2 de 3 componente(s) sem saldo utilizavel,True
shopee,barbours,58254393492,219617676807,KIT119,kit_confirmed,channel_flag,True,in_scope,98.63,KIT119,bom_empirica_nf,CANDIDATE_REVIEW,barbours,False,nf_empirica,pedido_marketplace,231,2026-09-03 20:10:35,2,2.0,0,0,2,0,0.05,109.8,104.31,,20.7728,,,2 de 2 componente(s) sem saldo utilizavel,True
shopee,rituaria,23199452691,228805034838,MLMAGPICOMB,kit_confirmed,channel_flag,True,in_scope,149.73,MLMAGPICOMB,bom_empirica_nf,CANDIDATE_REVIEW,rituaria,False,nf_empirica,pedido_marketplace,11,2026-09-14 22:10:10,3,3.0,3,3,3,0,0.1,,,3 componente(s) sem referencia B2B,,3 componente(s) sem custo,,3 de 3 componente(s) sem saldo utilizavel,True
shopee,rituaria,22199035101,219180499623,MLESSENIMUNI,kit_confirmed,channel_flag,True,in_scope,324.03,,produto_interno_sem_codigo_protheus,UNMAPPED,,False,,,,,,,,,,,,,,sem composicao alcancavel,,sem composicao alcancavel,,sem composicao alcancavel,False
shopee,apice,58253755035,209617198746,KIT023,kit_confirmed,channel_flag,True,in_scope,189.63,KIT023,bom_empirica_nf,CANDIDATE_REVIEW,apice,True,nf_empirica,pedido_marketplace,7,2026-09-21 06:47:29,4,4.0,0,0,4,0,0.15,195.6,166.26,,79.693,,,4 de 4 componente(s) sem saldo utilizavel,True
shopee,barbours,58215694994,229447883844,KIT162,kit_confirmed,channel_flag,True,in_scope,197.33,,produto_interno_sem_codigo_protheus,UNMAPPED,,False,,,,,,,,,,,,,,sem composicao alcancavel,,sem composicao alcancavel,,sem composicao alcancavel,False
shopee,barbours,58260052548,228804850645,KIT136,kit_confirmed,channel_flag,True,in_scope,98.63,KIT136,bom_empirica_nf,CANDIDATE_REVIEW,barbours,False,nf_empirica,pedido_marketplace,10,2026-07-10 14:55:55,2,2.0,1,0,1,1,0.05,,,1 componente(s) sem referencia B2B,28.3673,,,1 de 2 componente(s) sem saldo utilizavel,True
shopee,barbours,58264358032,239446591739,KIT146,kit_confirmed,channel_flag,True,in_scope,200.13,KIT146,bom_empirica_nf,CANDIDATE_REVIEW,barbours,False,nf_empirica,pedido_marketplace,154,2026-09-24 10:32:10,6,6.0,2,1,2,2,0.15,,,2 componente(s) sem referencia B2B,,1 componente(s) sem custo,,2 de 6 componente(s) sem saldo utilizavel,True
shopee,barbours,58215799457,179418755464,KIT159,kit_confirmed,channel_flag,True,in_scope,109.83,,produto_interno_sem_codigo_protheus,UNMAPPED,,False,,,,,,,,,,,,,,sem composicao alcancavel,,sem composicao alcancavel,,sem composicao alcancavel,False
shopee,barbours,58261501262,109873927796,KIT117,kit_confirmed,channel_flag,False,in_scope,113.99,KIT117,bom_empirica_nf,CANDIDATE_REVIEW,barbours,False,nf_empirica,pedido_marketplace,175,2026-09-24 20:33:44,2,2.0,1,0,1,1,0.05,,,1 componente(s) sem referencia B2B,30.0276,,,1 de 2 componente(s) sem saldo utilizavel,True
shopee,barbours,58254395875,209185233633,KIT121,kit_confirmed,channel_flag,True,in_scope,211.9,KIT121,bom_empirica_nf,CANDIDATE_REVIEW,barbours,False,nf_empirica,pedido_marketplace,6,2026-08-16 17:28:59,3,3.0,0,0,3,0,0.1,164.7,148.23,,30.9492,,,3 de 3 componente(s) sem saldo utilizavel,True
shopee,barbours,58215710736,149794159370,KIT163,kit_confirmed,channel_flag,True,in_scope,197.33,,produto_interno_sem_codigo_protheus,UNMAPPED,,False,,,,,,,,,,,,,,sem composicao alcancavel,,sem composicao alcancavel,,sem composicao alcancavel,False
shopee,barbours,58265687780,238811370454,KIT164,kit_confirmed,channel_flag,True,in_scope,285.53,,produto_interno_sem_codigo_protheus,UNMAPPED,,False,,,,,,,,,,,,,,sem composicao alcancavel,,sem composicao alcancavel,,sem composicao alcancavel,False
shopee,barbours,58257973123,179726465261,KIT133,kit_confirmed,channel_flag,True,in_scope,98.63,KIT133,bom_empirica_nf,CANDIDATE_REVIEW,barbours,False,nf_empirica,pedido_marketplace,4,2026-08-20 21:29:10,2,2.0,1,0,1,1,0.05,,,1 componente(s) sem referencia B2B,29.762,,,1 de 2 componente(s) sem saldo utilizavel,True
shopee,barbours,58215789588,109730057583,KIT155,kit_confirmed,channel_flag,True,in_scope,159.53,KIT155,bom_empirica_nf,CANDIDATE_REVIEW,barbours,False,nf_empirica,pedido_marketplace,7,2026-09-09 21:39:45,3,3.0,0,0,3,0,0.1,164.7,148.23,,26.9996,,,3 de 3 componente(s) sem saldo utilizavel,True
shopee,barbours,58265632570,189192750423,KIT154,kit_confirmed,channel_flag,True,in_scope,200.13,KIT154,bom_empirica_nf,CANDIDATE_REVIEW,barbours,False,nf_empirica,pedido_marketplace,25,2026-09-14 12:58:21,6,6.0,2,1,4,2,0.15,,,2 componente(s) sem referencia B2B,,1 componente(s) sem custo,,4 de 6 componente(s) sem saldo utilizavel,True
shopee,barbours,58252498139,219616222286,KIT118,kit_confirmed,channel_flag,True,in_scope,134.9,,produto_interno_sem_codigo_protheus,UNMAPPED,,False,,,,,,,,,,,,,,sem composicao alcancavel,,sem composicao alcancavel,,sem composicao alcancavel,False
shopee,barbours,58253273644,189616873863,KIT061,kit_confirmed,channel_flag,False,in_scope,256.9,,produto_interno_sem_codigo_protheus,UNMAPPED,,True,,,,,,,,,,,,,,sem composicao alcancavel,,sem composicao alcancavel,,sem composicao alcancavel,False
shopee,rituaria,58251688395,179723187903,VERAORITU,kit_confirmed,channel_flag,True,in_scope,130.13,VERAORITU,bom_empirica_nf,CANDIDATE_REVIEW,rituaria,False,nf_empirica,pedido_marketplace,62,2026-09-20 20:01:33,2,2.0,2,2,2,0,0.05,,,2 componente(s) sem referencia B2B,,2 componente(s) sem custo,,2 de 2 componente(s) sem saldo utilizavel,True
shopee,rituaria,58260226458,219189138802,MLMAGPIC,kit_confirmed,channel_flag,True,in_scope,119.63,MLMAGPIC,bom_empirica_nf,CANDIDATE_REVIEW,rituaria,False,nf_empirica,pedido_marketplace,107,2026-09-22 05:58:01,2,2.0,2,2,2,0,0.05,,,2 componente(s) sem referencia B2B,,2 componente(s) sem custo,,2 de 2 componente(s) sem saldo utilizavel,True
shopee,barbours,58215805009,209192843782,KIT153,kit_confirmed,channel_flag,True,in_scope,299.53,KIT153,bom_empirica_nf,CANDIDATE_REVIEW,barbours,False,nf_empirica,pedido_marketplace,5,2026-09-09 12:04:36,6,6.0,0,0,6,0,0.15,329.4,279.99,,53.4644,,,6 de 6 componente(s) sem saldo utilizavel,True
shopee,rituaria,58260258745,109873636776,MLMAGNACOMB,kit_confirmed,channel_flag,True,in_scope,149.73,MLMAGNACOMB,bom_empirica_nf,CANDIDATE_REVIEW,rituaria,False,nf_empirica,pedido_marketplace,140,2026-09-22 11:19:17,3,3.0,3,3,3,0,0.1,,,3 componente(s) sem referencia B2B,,3 componente(s) sem custo,,3 de 3 componente(s) sem saldo utilizavel,True
shopee,barbours,58254393698,239436885404,KIT120,kit_confirmed,channel_flag,True,in_scope,148.33,KIT120,bom_empirica_nf,CANDIDATE_REVIEW,barbours,False,nf_empirica,pedido_marketplace,1,2026-08-20 09:25:32,3,3.0,0,0,3,0,0.1,164.7,148.23,,29.5571,,,3 de 3 componente(s) sem saldo utilizavel,True
shopee,rituaria,58215393804,219624996081,MLJUICYMIXER,kit_confirmed,channel_flag,True,in_scope,185.9,,produto_interno_sem_codigo_protheus,UNMAPPED,,False,,,,,,,,,,,,,,sem composicao alcancavel,,sem composicao alcancavel,,sem composicao alcancavel,False
shopee,apice,58265212419,139841345329,KIT096,kit_confirmed,channel_flag,True,in_scope,79.73,KIT096,bom_empirica_nf,CANDIDATE_REVIEW,apice,True,nf_empirica,pedido_marketplace,94,2026-09-24 14:18:59,2,2.0,0,0,2,0,0.05,100.8,95.76,,20.0189,,,2 de 2 componente(s) sem saldo utilizavel,True
shopee,barbours,58257073461,209619559925,KIT127,kit_confirmed,channel_flag,True,in_scope,98.63,KIT127,bom_empirica_nf,CANDIDATE_REVIEW,barbours,False,nf_empirica,pedido_marketplace,33,2026-09-18 18:07:32,2,2.0,0,0,2,0,0.05,109.8,104.31,,15.0045,,,2 de 2 componente(s) sem saldo utilizavel,True
shopee,barbours,58214308823,119874575762,KIT150,kit_confirmed,channel_flag,True,in_scope,200.13,KIT150,bom_empirica_nf,CANDIDATE_REVIEW,barbours,False,nf_empirica,pedido_marketplace,266,2026-09-24 21:43:25,6,6.0,1,0,4,1,0.15,,,1 componente(s) sem referencia B2B,66.3521,,,4 de 6 componente(s) sem saldo utilizavel,True
shopee,rituaria,58212969392,238808680499,MLMAGNAC,kit_confirmed,channel_flag,True,in_scope,119.63,MLMAGNAC,bom_empirica_nf,CANDIDATE_REVIEW,rituaria,False,nf_empirica,pedido_marketplace,452,2026-09-22 13:15:19,2,2.0,2,2,2,0,0.05,,,2 componente(s) sem referencia B2B,,2 componente(s) sem custo,,2 de 2 componente(s) sem saldo utilizavel,True
shopee,rituaria,58210231654,219189138468,MLMAGNAC,kit_confirmed,channel_flag,True,in_scope,119.63,MLMAGNAC,bom_empirica_nf,CANDIDATE_REVIEW,rituaria,False,nf_empirica,pedido_marketplace,452,2026-09-22 13:15:19,2,2.0,2,2,2,0,0.05,,,2 componente(s) sem referencia B2B,,2 componente(s) sem custo,,2 de 2 componente(s) sem saldo utilizavel,True
shopee,rituaria,58214749739,219192150295,MLBRAINPREB,kit_confirmed,channel_flag,True,in_scope,119.63,MLBRAINPREB,bom_empirica_nf,CANDIDATE_REVIEW,rituaria,False,nf_empirica,pedido_marketplace,26,2026-09-21 19:20:41,2,2.0,2,2,2,0,0.05,,,2 componente(s) sem referencia B2B,,2 componente(s) sem custo,,2 de 2 componente(s) sem saldo utilizavel,True
tiktok,rituaria,1732403561358853176,,MLCOMPLETAO,kit_suspected,title,True,in_scope,806.9,,produto_interno_sem_codigo_protheus,UNMAPPED,,False,,,,,,,,,,,,,,sem composicao alcancavel,,sem composicao alcancavel,,sem composicao alcancavel,False
tiktok,rituaria,1732403572357694520,,DFASJKHR_SHOP,kit_suspected,title,True,in_scope,280.9,,produto_interno_sem_codigo_protheus,UNMAPPED,,False,,,,,,,,,,,,,,sem composicao alcancavel,,sem composicao alcancavel,,sem composicao alcancavel,False
tiktok,rituaria,1732403526201214008,,RITUAL-FABULOSO_SHOP,kit_suspected,title,True,in_scope,240.9,RITUAL-FABULOSO_SHOP,bom_empirica_nf,CANDIDATE_REVIEW,rituaria,False,nf_empirica,pedido_marketplace,1,2026-07-18 13:11:44,2,2.0,2,2,2,0,0.05,,,2 componente(s) sem referencia B2B,,2 componente(s) sem custo,,2 de 2 componente(s) sem saldo utilizavel,True
tiktok,rituaria,1731574088569685048,,MKPUNIFANTI,kit_suspected,title,True,in_scope,256.9,MKPUNIFANTI,bom_empirica_nf,CANDIDATE_REVIEW,rituaria,False,nf_empirica,pedido_marketplace,2,2026-05-18 22:39:09,2,2.0,2,2,2,0,0.05,,,2 componente(s) sem referencia B2B,,2 componente(s) sem custo,,2 de 2 componente(s) sem saldo utilizavel,True
tiktok,rituaria,1731574054834570296,,MLRITURUGA,kit_suspected,title,True,in_scope,225.9,MLRITURUGA,bom_empirica_nf,CANDIDATE_REVIEW,rituaria,False,nf_empirica,pedido_marketplace,2,2026-05-15 13:48:43,2,2.0,2,2,2,0,0.05,,,2 componente(s) sem referencia B2B,,2 componente(s) sem custo,,2 de 2 componente(s) sem saldo utilizavel,True
tiktok,barbours,1731981777796171172,,Kit053,kit_suspected,sku_prefix,True,in_scope,113.0,,produto_interno_sem_codigo_protheus,UNMAPPED,,False,,,,,,,,,,,,,,sem composicao alcancavel,,sem composicao alcancavel,,sem composicao alcancavel,False
tiktok,denavita,1732104979926845403,,KTON02,kit_suspected,title,True,out_of_business_scope,227.9,,produto_interno_sem_codigo_protheus,UNMAPPED,,False,,,,,,,,,,,,,,sem composicao alcancavel,,sem composicao alcancavel,,sem composicao alcancavel,False
tiktok,apice,1732317099339973716,,KIT028,kit_suspected,sku_prefix,True,in_scope,377.9,,produto_interno_sem_codigo_protheus,UNMAPPED,,True,,,,,,,,,,,,,,sem composicao alcancavel,,sem composicao alcancavel,,sem composicao alcancavel,False
tiktok,rituaria,1731574194034869304,,MLAVANRENO,kit_suspected,title,True,in_scope,483.9,,produto_interno_sem_codigo_protheus,UNMAPPED,,False,,,,,,,,,,,,,,sem composicao alcancavel,,sem composicao alcancavel,,sem composicao alcancavel,False
tiktok,rituaria,1732403641659196472,,MLRITUALINTER,kit_suspected,title,True,in_scope,552.9,MLRITUALINTER,bom_empirica_nf,CANDIDATE_REVIEW,rituaria,False,nf_empirica,pedido_marketplace,1,2026-05-20 09:10:47,4,4.0,3,3,4,0,0.15,,,3 componente(s) sem referencia B2B,,3 componente(s) sem custo,,4 de 4 componente(s) sem saldo utilizavel,True
tiktok,rituaria,1731574117500290104,,MLLIMPDUPL,kit_suspected,title,True,in_scope,153.9,,produto_interno_sem_codigo_protheus,UNMAPPED,,False,,,,,,,,,,,,,,sem composicao alcancavel,,sem composicao alcancavel,,sem composicao alcancavel,False
tiktok,rituaria,1736656809983181880,,MLNUTRIPREB,kit_suspected,title,True,in_scope,156.9,MLNUTRIPREB,bom_empirica_nf,CANDIDATE_REVIEW,rituaria,False,nf_empirica,pedido_marketplace,7,2026-09-22 00:22:39,2,2.0,2,2,2,0,0.05,,,2 componente(s) sem referencia B2B,,2 componente(s) sem custo,,2 de 2 componente(s) sem saldo utilizavel,True
tiktok,rituaria,1732403611569914936,,MLESSENPREBI,kit_suspected,title,True,in_scope,462.9,MLESSENPREBI,bom_empirica_nf,CANDIDATE_REVIEW,rituaria,False,nf_empirica,pedido_bling,2,2025-11-13 16:44:48,3,3.0,3,3,3,0,0.1,,,3 componente(s) sem referencia B2B,,3 componente(s) sem custo,,3 de 3 componente(s) sem saldo utilizavel,True
tiktok,rituaria,1736656456360821816,,MLNUTRIPREB4MAG,kit_suspected,title,True,in_scope,213.9,MLNUTRIPREB4MAG,bom_empirica_nf,CANDIDATE_REVIEW,rituaria,False,nf_empirica,pedido_marketplace,7,2026-09-21 09:55:56,3,3.0,3,3,3,0,0.1,,,3 componente(s) sem referencia B2B,,3 componente(s) sem custo,,3 de 3 componente(s) sem saldo utilizavel,True
tiktok,rituaria,1732403457597998136,,MLUNIFHIDRA,kit_suspected,title,True,in_scope,229.9,MLUNIFHIDRA,bom_empirica_nf,CANDIDATE_REVIEW,rituaria,False,nf_empirica,pedido_bling,1,2025-11-30 00:53:10,2,2.0,2,2,2,0,0.05,,,2 componente(s) sem referencia B2B,,2 componente(s) sem custo,,2 de 2 componente(s) sem saldo utilizavel,True
tiktok,rituaria,1732403495178175544,,ML3UNIF,kit_suspected,title,True,in_scope,425.9,,produto_interno_sem_codigo_protheus,UNMAPPED,,False,,,,,,,,,,,,,,sem composicao alcancavel,,sem composicao alcancavel,,sem composicao alcancavel,False
tiktok,rituaria,1736459506135696440,,MLNUTRI4MAG,kit_suspected,title,True,in_scope,127.9,MLNUTRI4MAG,bom_empirica_nf,CANDIDATE_REVIEW,rituaria,False,nf_empirica,pedido_marketplace,5,2026-09-21 19:07:51,2,2.0,2,2,2,0,0.05,,,2 componente(s) sem referencia B2B,,2 componente(s) sem custo,,2 de 2 componente(s) sem saldo utilizavel,True
tiktok,rituaria,1732403641254970424,,MLESSENIMUNI,kit_suspected,title,True,in_scope,462.9,,produto_interno_sem_codigo_protheus,UNMAPPED,,False,,,,,,,,,,,,,,sem composicao alcancavel,,sem composicao alcancavel,,sem composicao alcancavel,False
tiktok,kokeshi,1731600330795615507,,V40041,kit_suspected,title,True,in_scope,156.9,V40041,bom_empirica_nf,CANDIDATE_REVIEW,kokeshi,False,nf_empirica,pedido_bling,2,2025-11-26 21:40:23,3,3.0,2,0,3,3,0.1,,,2 componente(s) sem referencia B2B,47.4383,,,3 de 3 componente(s) sem saldo utilizavel,True
tiktok,kokeshi,1731600351375688979,,V40035,kit_suspected,title,True,in_scope,106.9,V40035,bom_empirica_nf,CANDIDATE_REVIEW,kokeshi,False,nf_empirica,pedido_bling,10,2025-11-30 17:21:27,2,2.0,1,0,2,2,0.05,,,1 componente(s) sem referencia B2B,40.1583,,,2 de 2 componente(s) sem saldo utilizavel,True
tiktok,kokeshi,1731600349192684819,,V40038,kit_suspected,title,True,in_scope,185.9,V40038,bom_empirica_nf,CANDIDATE_REVIEW,kokeshi,False,nf_empirica,pedido_bling,58,2025-11-30 19:30:24,4,4.0,3,1,4,4,0.15,,,3 componente(s) sem referencia B2B,,1 componente(s) sem custo,,4 de 4 componente(s) sem saldo utilizavel,True
tiktok,kokeshi,1731600173976814867,,40015,kit_suspected,internal_catalog,True,in_scope,140.9,KKS00027,alias_codigo_bling,EXACT_ALIAS,kokeshi,False,protheus_bom,,,,4,4.0,1,0,4,0,0.15,,,1 componente(s) sem referencia B2B,26.0546,,,4 de 4 componente(s) sem saldo utilizavel,False
tiktok,barbours,1731980608456852900,,Kit019,kit_suspected,sku_prefix,True,in_scope,171.0,KIT019,bom_empirica_nf,CANDIDATE_REVIEW,barbours,True,nf_empirica,pedido_marketplace,48,2026-09-22 13:08:44,3,3.0,0,0,3,3,0.1,154.7,139.23,,61.6447,,,3 de 3 componente(s) sem saldo utilizavel,True
tiktok,rituaria,1732403537951032376,,IMUNO-ANTIOXI90-SHOP,kit_suspected,title,True,in_scope,356.9,IMUNO-ANTIOXI90-SHOP,bom_empirica_nf,CANDIDATE_REVIEW,rituaria,False,nf_empirica,pedido_bling,1,2025-11-26 13:07:59,2,2.0,2,2,2,0,0.05,,,2 componente(s) sem referencia B2B,,2 componente(s) sem custo,,2 de 2 componente(s) sem saldo utilizavel,True
tiktok,rituaria,1732403482583991352,,ML2UNIFO,kit_suspected,title,True,in_scope,256.9,,produto_interno_sem_codigo_protheus,UNMAPPED,,False,,,,,,,,,,,,,,sem composicao alcancavel,,sem composicao alcancavel,,sem composicao alcancavel,False
tiktok,rituaria,1735276003423192120,,MLESSENCIAL,kit_suspected,title,True,in_scope,370.9,MLESSENCIAL,bom_empirica_nf,CANDIDATE_REVIEW,rituaria,False,nf_empirica,pedido_marketplace,5,2026-06-26 13:43:26,2,2.0,2,2,2,0,0.05,,,2 componente(s) sem referencia B2B,,2 componente(s) sem custo,,2 de 2 componente(s) sem saldo utilizavel,True
tiktok,kokeshi,1731599328969065747,,V40044,kit_suspected,title,True,in_scope,119.9,,produto_interno_sem_codigo_protheus,UNMAPPED,,False,,,,,,,,,,,,,,sem composicao alcancavel,,sem composicao alcancavel,,sem composicao alcancavel,False
tiktok,apice,1736157698881258580,,KIT086,kit_suspected,sku_prefix,True,in_scope,112.9,KIT086,bom_empirica_nf,CANDIDATE_REVIEW,apice,False,nf_empirica,pedido_marketplace,38,2026-09-24 20:55:48,2,2.0,0,0,2,0,0.05,96.46,91.64,,15.5797,,,2 de 2 componente(s) sem saldo utilizavel,True
tiktok,apice,1735168279541744724,,KIT084,kit_suspected,sku_prefix,True,in_scope,120.9,KIT084,bom_empirica_nf,CANDIDATE_REVIEW,apice,True,nf_empirica,pedido_marketplace,45,2026-09-21 06:51:01,2,2.0,0,0,2,0,0.05,108.8,103.36,,32.3736,,,2 de 2 componente(s) sem saldo utilizavel,True
tiktok,barbours,1735404201842476452,,Kit136,kit_suspected,sku_prefix,True,in_scope,108.86,KIT136,bom_empirica_nf,CANDIDATE_REVIEW,barbours,False,nf_empirica,pedido_marketplace,10,2026-07-10 14:55:55,2,2.0,1,0,1,1,0.05,,,1 componente(s) sem referencia B2B,28.3673,,,1 de 2 componente(s) sem saldo utilizavel,True
tiktok,lescent,1733440690467079711,,KIT003,kit_suspected,sku_prefix,True,in_scope,185.9,KIT003,bom_empirica_nf,CANDIDATE_REVIEW,lescent,True,nf_empirica,pedido_marketplace,3,2026-09-19 17:33:12,9,9.0,5,2,3,7,0.15,,,5 componente(s) sem referencia B2B,,2 componente(s) sem custo,,3 de 9 componente(s) sem saldo utilizavel,True
tiktok,apice,1732326535752221780,,KIT052,kit_suspected,sku_prefix,True,in_scope,180.9,KIT052,bom_empirica_nf,CANDIDATE_REVIEW,apice,True,nf_empirica,pedido_marketplace,9,2026-07-31 13:26:27,3,3.0,0,0,3,0,0.1,149.7,134.73,,37.8184,,,3 de 3 componente(s) sem saldo utilizavel,True
tiktok,apice,1732326575401305172,,KIT058,kit_suspected,sku_prefix,True,in_scope,242.9,KIT058,bom_empirica_nf,CANDIDATE_REVIEW,apice,True,nf_empirica,pedido_marketplace,3,2026-09-17 07:39:37,7,7.0,2,0,6,3,0.15,,,2 componente(s) sem referencia B2B,102.8174,,,6 de 7 componente(s) sem saldo utilizavel,True
tiktok,apice,1732316961393509460,,KIT027,kit_suspected,sku_prefix,True,in_scope,226.9,KIT027,bom_empirica_nf,CANDIDATE_REVIEW,apice,True,nf_empirica,pedido_marketplace,3,2026-09-09 20:47:37,4,4.0,0,0,4,0,0.15,219.6,186.66,,73.553,,,4 de 4 componente(s) sem saldo utilizavel,True
tiktok,apice,1732317005074039892,,KIT021,kit_suspected,sku_prefix,True,in_scope,210.9,,produto_interno_sem_codigo_protheus,UNMAPPED,,True,,,,,,,,,,,,,,sem composicao alcancavel,,sem composicao alcancavel,,sem composicao alcancavel,False
tiktok,apice,1732326518512583764,,KIT048,kit_suspected,sku_prefix,True,in_scope,123.9,KIT048,bom_empirica_nf,CANDIDATE_REVIEW,apice,True,nf_empirica,pedido_marketplace,5,2026-09-24 23:11:28,5,5.0,1,1,4,3,0.15,,,1 componente(s) sem referencia B2B,,1 componente(s) sem custo,,4 de 5 componente(s) sem saldo utilizavel,True
tiktok,apice,1732326529944224852,,KIT050,kit_suspected,sku_prefix,True,in_scope,249.9,,produto_interno_sem_codigo_protheus,UNMAPPED,,True,,,,,,,,,,,,,,sem composicao alcancavel,,sem composicao alcancavel,,sem composicao alcancavel,False
tiktok,apice,1732326557730899028,,KIT054,kit_suspected,sku_prefix,True,in_scope,197.9,KIT054,bom_empirica_nf,CANDIDATE_REVIEW,apice,False,nf_empirica,pedido_marketplace,24,2026-09-21 10:03:59,3,3.0,0,0,3,0,0.1,154.7,139.23,,50.6437,,,3 de 3 componente(s) sem saldo utilizavel,True
tiktok,apice,1732326628907582548,,KIT056,kit_suspected,sku_prefix,True,in_scope,225.9,KIT056,bom_empirica_nf,CANDIDATE_REVIEW,apice,True,nf_empirica,pedido_marketplace,7,2026-08-29 11:31:34,4,4.0,0,0,4,0,0.15,195.6,166.26,,44.5101,,,4 de 4 componente(s) sem saldo utilizavel,True
tiktok,denavita,1735749230594066395,,KLMVIN,kit_suspected,title,True,out_of_business_scope,242.9,,produto_interno_sem_codigo_protheus,UNMAPPED,,False,,,,,,,,,,,,,,sem composicao alcancavel,,sem composicao alcancavel,,sem composicao alcancavel,False
tiktok,apice,1733893493271725140,,KIT078,kit_suspected,sku_prefix,True,in_scope,306.9,KIT078,bom_empirica_nf,CANDIDATE_REVIEW,apice,True,nf_empirica,pedido_marketplace,2,2026-09-22 10:52:27,4,4.0,0,0,4,0,0.15,216.6,184.11,,49.435,,,4 de 4 componente(s) sem saldo utilizavel,True
tiktok,apice,1733893446315705428,,KIT076,kit_suspected,sku_prefix,True,in_scope,242.9,,codigo_nao_encontrado_em_nenhuma_ponte,UNMAPPED,,False,,,,,,,,,,,,,,sem composicao alcancavel,,sem composicao alcancavel,,sem composicao alcancavel,False
tiktok,barbours,1732944463478097316,,Kit111,kit_suspected,sku_prefix,True,in_scope,114.0,KIT111,bom_empirica_nf,CANDIDATE_REVIEW,barbours,False,nf_empirica,pedido_marketplace,116,2026-09-20 17:32:59,2,2.0,0,0,1,0,0.05,104.8,99.56,,18.5606,,,1 de 2 componente(s) sem saldo utilizavel,True
tiktok,barbours,1733596460383438244,,Kit022,kit_suspected,sku_prefix,True,in_scope,171.0,KIT022,bom_empirica_nf,CANDIDATE_REVIEW,barbours,False,nf_empirica,pedido_marketplace,1,2026-07-29 14:55:55,6,6.0,1,0,4,4,0.15,,,1 componente(s) sem referencia B2B,76.5855,,,4 de 6 componente(s) sem saldo utilizavel,True
tiktok,barbours,1736036526899234212,,KIT145,kit_suspected,sku_prefix,True,in_scope,142.9,KIT145,bom_empirica_nf,CANDIDATE_REVIEW,barbours,False,nf_empirica,pedido_marketplace,22,2026-07-22 00:16:15,3,3.0,0,0,3,0,0.1,149.7,134.73,,27.9686,,,3 de 3 componente(s) sem saldo utilizavel,True
tiktok,barbours,1735985970077468068,,KIT144,kit_suspected,sku_prefix,True,in_scope,270.9,KIT144,bom_empirica_nf,CANDIDATE_REVIEW,barbours,False,nf_empirica,pedido_marketplace,2,2026-08-18 23:45:57,4,4.0,0,0,4,0,0.15,199.6,169.66,,36.736,,,4 de 4 componente(s) sem saldo utilizavel,True
tiktok,apice,1732317371605746772,,KIT045,kit_suspected,sku_prefix,True,in_scope,142.9,KIT045,bom_empirica_nf,CANDIDATE_REVIEW,apice,True,nf_empirica,pedido_marketplace,4,2026-09-09 23:44:40,2,2.0,0,0,2,0,0.05,99.8,94.81,,17.0483,,,2 de 2 componente(s) sem saldo utilizavel,True
tiktok,lescent,1735072022751643167,,KIT011,kit_suspected,sku_prefix,True,in_scope,99.9,KIT011,bom_empirica_nf,CANDIDATE_REVIEW,lescent,True,nf_empirica,pedido_marketplace,3,2026-09-19 20:14:05,8,8.0,3,0,5,5,0.15,,,3 componente(s) sem referencia B2B,80.7362,,,5 de 8 componente(s) sem saldo utilizavel,True
tiktok,rituaria,1736656407369385016,,MLBRAIN4MAG,kit_suspected,title,True,in_scope,142.9,MLBRAIN4MAG,bom_empirica_nf,CANDIDATE_REVIEW,rituaria,False,nf_empirica,pedido_marketplace,142,2026-09-22 19:40:08,2,2.0,2,2,2,0,0.05,,,2 componente(s) sem referencia B2B,,2 componente(s) sem custo,,2 de 2 componente(s) sem saldo utilizavel,True
tiktok,apice,1732317356626969684,,KIT046,kit_suspected,sku_prefix,True,in_scope,199.9,KIT046,bom_empirica_nf,CANDIDATE_REVIEW,apice,True,nf_empirica,pedido_marketplace,48,2026-09-23 19:26:21,3,3.0,1,0,3,0,0.1,,,1 componente(s) sem referencia B2B,28.2383,,,3 de 3 componente(s) sem saldo utilizavel,True
tiktok,barbours,1731980318979818916,,Kit004,kit_suspected,sku_prefix,True,in_scope,113.0,KIT004,bom_empirica_nf,CANDIDATE_REVIEW,barbours,False,nf_empirica,pedido_marketplace,168,2026-09-24 21:37:40,3,3.0,3,1,0,2,0.1,,,3 componente(s) sem referencia B2B,,1 componente(s) sem custo,7904,,True
tiktok,apice,1736693116810658900,,KIT089,kit_suspected,sku_prefix,True,in_scope,113.9,KIT089,bom_empirica_nf,CANDIDATE_REVIEW,apice,False,nf_empirica,pedido_marketplace,8,2026-09-21 07:03:34,2,2.0,0,0,2,0,0.05,102.8,97.66,,21.281,,,2 de 2 componente(s) sem saldo utilizavel,True
tiktok,apice,1736775731092882516,,KIT095,kit_suspected,sku_prefix,True,in_scope,249.9,,produto_interno_sem_codigo_protheus,UNMAPPED,,True,,,,,,,,,,,,,,sem composicao alcancavel,,sem composicao alcancavel,,sem composicao alcancavel,False
tiktok,apice,1736693151933826132,,KIT091,kit_suspected,sku_prefix,True,in_scope,113.9,KIT091,bom_empirica_nf,CANDIDATE_REVIEW,apice,True,nf_empirica,pedido_marketplace,39,2026-09-23 12:54:18,2,2.0,0,0,2,0,0.05,102.8,97.66,,34.0343,,,2 de 2 componente(s) sem saldo utilizavel,True
tiktok,apice,1736694123625612372,,KIT092,kit_suspected,sku_prefix,True,in_scope,113.9,KIT092,bom_empirica_nf,CANDIDATE_REVIEW,apice,False,nf_empirica,pedido_marketplace,53,2026-09-24 16:03:14,2,2.0,1,0,2,0,0.05,,,1 componente(s) sem referencia B2B,24.406,,,2 de 2 componente(s) sem saldo utilizavel,True
tiktok,apice,1736692999325123668,,KIT090,kit_suspected,sku_prefix,True,in_scope,113.9,KIT090,bom_empirica_nf,CANDIDATE_REVIEW,apice,False,nf_empirica,pedido_marketplace,45,2026-09-24 16:24:37,2,2.0,0,0,2,0,0.05,102.8,97.66,,22.121,,,2 de 2 componente(s) sem saldo utilizavel,True
tiktok,apice,1736775441659954260,,KIT093,kit_suspected,sku_prefix,True,in_scope,142.9,KIT093,bom_empirica_nf,CANDIDATE_REVIEW,apice,True,nf_empirica,pedido_marketplace,3,2026-09-14 12:24:17,2,2.0,1,1,2,0,0.05,,,1 componente(s) sem referencia B2B,,1 componente(s) sem custo,,2 de 2 componente(s) sem saldo utilizavel,True
tiktok,denavita,1737310751829690331,,kit2spirulina2x1denavita-1,kit_suspected,sku_prefix,True,out_of_business_scope,199.9,,produto_interno_sem_codigo_protheus,UNMAPPED,,False,,,,,,,,,,,,,,sem composicao alcancavel,,sem composicao alcancavel,,sem composicao alcancavel,False
tiktok,denavita,1737309541683595227,,DVMAI2,kit_suspected,title,False,out_of_business_scope,127.9,,produto_interno_sem_codigo_protheus,UNMAPPED,,False,,,,,,,,,,,,,,sem composicao alcancavel,,sem composicao alcancavel,,sem composicao alcancavel,False
tiktok,denavita,1737309200498919387,,KJEJ02,kit_suspected,title,True,out_of_business_scope,270.9,,produto_interno_sem_codigo_protheus,UNMAPPED,,False,,,,,,,,,,,,,,sem composicao alcancavel,,sem composicao alcancavel,,sem composicao alcancavel,False
tiktok,denavita,1732078333936568283,,DVLM05,kit_suspected,title,False,out_of_business_scope,399.9,,produto_interno_sem_codigo_protheus,UNMAPPED,,False,,,,,,,,,,,,,,sem composicao alcancavel,,sem composicao alcancavel,,sem composicao alcancavel,False
tiktok,denavita,1737310550462269403,,kit2omega33x1denavita-1,kit_suspected,sku_prefix,True,out_of_business_scope,192.9,,produto_interno_sem_codigo_protheus,UNMAPPED,,False,,,,,,,,,,,,,,sem composicao alcancavel,,sem composicao alcancavel,,sem composicao alcancavel,False
tiktok,denavita,1732144792706058203,,DVOME003,kit_suspected,title,True,out_of_business_scope,292.9,,produto_interno_sem_codigo_protheus,UNMAPPED,,False,,,,,,,,,,,,,,sem composicao alcancavel,,sem composicao alcancavel,,sem composicao alcancavel,False
tiktok,denavita,1737326796464424923,,DVCOQCHLO,kit_suspected,title,True,out_of_business_scope,127.9,,produto_interno_sem_codigo_protheus,UNMAPPED,,False,,,,,,,,,,,,,,sem composicao alcancavel,,sem composicao alcancavel,,sem composicao alcancavel,False
tiktok,denavita,1736150278628149211,,DVNAC3,kit_suspected,title,True,out_of_business_scope,156.9,,produto_interno_sem_codigo_protheus,UNMAPPED,,False,,,,,,,,,,,,,,sem composicao alcancavel,,sem composicao alcancavel,,sem composicao alcancavel,False
tiktok,denavita,1737309016316151771,,DVCOL02-1,kit_suspected,title,True,out_of_business_scope,199.9,,produto_interno_sem_codigo_protheus,UNMAPPED,,False,,,,,,,,,,,,,,sem composicao alcancavel,,sem composicao alcancavel,,sem composicao alcancavel,False
tiktok,denavita,1732144638754916315,,JEJOOM02,kit_suspected,title,False,out_of_business_scope,259.9,,codigo_nao_encontrado_em_nenhuma_ponte,UNMAPPED,,False,,,,,,,,,,,,,,sem composicao alcancavel,,sem composicao alcancavel,,sem composicao alcancavel,False
tiktok,denavita,1736150454881978331,,DVMAI3,kit_suspected,title,False,out_of_business_scope,185.9,,produto_interno_sem_codigo_protheus,UNMAPPED,,False,,,,,,,,,,,,,,sem composicao alcancavel,,sem composicao alcancavel,,sem composicao alcancavel,False
tiktok,denavita,1737325100574148571,,DENAPAUSA02,kit_suspected,title,True,out_of_business_scope,242.9,,produto_interno_sem_codigo_protheus,UNMAPPED,,False,,,,,,,,,,,,,,sem composicao alcancavel,,sem composicao alcancavel,,sem composicao alcancavel,False
tiktok,denavita,1732622186941351899,,KLMSPI,kit_suspected,title,True,out_of_business_scope,199.9,,codigo_nao_encontrado_em_nenhuma_ponte,UNMAPPED,,False,,,,,,,,,,,,,,sem composicao alcancavel,,sem composicao alcancavel,,sem composicao alcancavel,False
tiktok,denavita,1737310183539640283,,DVMEL02-1,kit_suspected,title,True,out_of_business_scope,106.9,,produto_interno_sem_codigo_protheus,UNMAPPED,,False,,,,,,,,,,,,,,sem composicao alcancavel,,sem composicao alcancavel,,sem composicao alcancavel,False
tiktok,denavita,1732622416058877915,,DVQUILM,kit_suspected,title,True,out_of_business_scope,199.9,,produto_interno_sem_codigo_protheus,UNMAPPED,,False,,,,,,,,,,,,,,sem composicao alcancavel,,sem composicao alcancavel,,sem composicao alcancavel,False
tiktok,denavita,1732144565695711195,,DVQUITO03-1,kit_suspected,title,True,out_of_business_scope,270.9,,produto_interno_sem_codigo_protheus,UNMAPPED,,False,,,,,,,,,,,,,,sem composicao alcancavel,,sem composicao alcancavel,,sem composicao alcancavel,False
tiktok,denavita,1737309282341193691,,KGVM02,kit_suspected,title,True,out_of_business_scope,242.9,,produto_interno_sem_codigo_protheus,UNMAPPED,,False,,,,,,,,,,,,,,sem composicao alcancavel,,sem composicao alcancavel,,sem composicao alcancavel,False
tiktok,denavita,1732144734060644315,,DVTRANS03-1,kit_suspected,title,True,out_of_business_scope,206.9,,produto_interno_sem_codigo_protheus,UNMAPPED,,False,,,,,,,,,,,,,,sem composicao alcancavel,,sem composicao alcancavel,,sem composicao alcancavel,False
tiktok,denavita,1732144797693282267,,KMEL03,kit_suspected,title,True,out_of_business_scope,163.9,,produto_interno_sem_codigo_protheus,UNMAPPED,,False,,,,,,,,,,,,,,sem composicao alcancavel,,sem composicao alcancavel,,sem composicao alcancavel,False
tiktok,denavita,1732078262311028699,,DVLM03,kit_suspected,title,False,out_of_business_scope,249.9,,produto_interno_sem_codigo_protheus,UNMAPPED,,False,,,,,,,,,,,,,,sem composicao alcancavel,,sem composicao alcancavel,,sem composicao alcancavel,False
tiktok,denavita,1737308601042831323,,kit2coenzima3x1denavita-1,kit_suspected,sku_prefix,True,out_of_business_scope,213.9,,produto_interno_sem_codigo_protheus,UNMAPPED,,False,,,,,,,,,,,,,,sem composicao alcancavel,,sem composicao alcancavel,,sem composicao alcancavel,False
tiktok,denavita,1732622502030051291,,DVLMCOL,kit_suspected,title,True,out_of_business_scope,185.9,,codigo_nao_encontrado_em_nenhuma_ponte,UNMAPPED,,False,,,,,,,,,,,,,,sem composicao alcancavel,,sem composicao alcancavel,,sem composicao alcancavel,False
tiktok,denavita,1732078459597916123,,DVLM02,kit_suspected,title,True,out_of_business_scope,442.9,,produto_interno_sem_codigo_protheus,UNMAPPED,,False,,,,,,,,,,,,,,sem composicao alcancavel,,sem composicao alcancavel,,sem composicao alcancavel,False
tiktok,denavita,1732144674320910299,,KJEJ03,kit_suspected,title,True,out_of_business_scope,399.9,,produto_interno_sem_codigo_protheus,UNMAPPED,,False,,,,,,,,,,,,,,sem composicao alcancavel,,sem composicao alcancavel,,sem composicao alcancavel,False
tiktok,denavita,1737310779868350427,,DVQUI02-1,kit_suspected,title,True,out_of_business_scope,213.9,,produto_interno_sem_codigo_protheus,UNMAPPED,,False,,,,,,,,,,,,,,sem composicao alcancavel,,sem composicao alcancavel,,sem composicao alcancavel,False
tiktok,denavita,1732622795668752347,,KCOL02,kit_suspected,title,False,out_of_business_scope,149.9,,codigo_nao_encontrado_em_nenhuma_ponte,UNMAPPED,,False,,,,,,,,,,,,,,sem composicao alcancavel,,sem composicao alcancavel,,sem composicao alcancavel,False
tiktok,denavita,1737326377938552795,,DVLMTONS,kit_suspected,title,True,out_of_business_scope,235.9,,produto_interno_sem_codigo_protheus,UNMAPPED,,False,,,,,,,,,,,,,,sem composicao alcancavel,,sem composicao alcancavel,,sem composicao alcancavel,False
tiktok,denavita,1732622799033239515,,DVCOL03,kit_suspected,title,True,out_of_business_scope,256.9,,produto_interno_sem_codigo_protheus,UNMAPPED,,False,,,,,,,,,,,,,,sem composicao alcancavel,,sem composicao alcancavel,,sem composicao alcancavel,False
tiktok,denavita,1733054191436072923,,KDIG02,kit_suspected,title,True,out_of_business_scope,285.9,,produto_interno_sem_codigo_protheus,UNMAPPED,,False,,,,,,,,,,,,,,sem composicao alcancavel,,sem composicao alcancavel,,sem composicao alcancavel,False
tiktok,denavita,1732144601159862235,,DVSPI003,kit_suspected,title,True,out_of_business_scope,270.9,,produto_interno_sem_codigo_protheus,UNMAPPED,,False,,,,,,,,,,,,,,sem composicao alcancavel,,sem composicao alcancavel,,sem composicao alcancavel,False
tiktok,denavita,1734013214360635355,,KGVM03,kit_suspected,title,True,out_of_business_scope,370.9,,produto_interno_sem_codigo_protheus,UNMAPPED,,False,,,,,,,,,,,,,,sem composicao alcancavel,,sem composicao alcancavel,,sem composicao alcancavel,False
tiktok,denavita,1737310373587355611,,DVNAC2,kit_suspected,title,True,out_of_business_scope,106.9,,produto_interno_sem_codigo_protheus,UNMAPPED,,False,,,,,,,,,,,,,,sem composicao alcancavel,,sem composicao alcancavel,,sem composicao alcancavel,False
tiktok,denavita,1737309384857716699,,kit2laranjamorodenavitaa,kit_suspected,sku_prefix,True,out_of_business_scope,213.9,,produto_interno_sem_codigo_protheus,UNMAPPED,,False,,,,,,,,,,,,,,sem composicao alcancavel,,sem composicao alcancavel,,sem composicao alcancavel,False
tiktok,denavita,1733054170983729115,,KDIG05,kit_suspected,title,True,out_of_business_scope,571.9,,codigo_nao_encontrado_em_nenhuma_ponte,UNMAPPED,,False,,,,,,,,,,,,,,sem composicao alcancavel,,sem composicao alcancavel,,sem composicao alcancavel,False
tiktok,denavita,1737310910148413403,,DVTRI2,kit_suspected,title,True,out_of_business_scope,106.9,,produto_interno_sem_codigo_protheus,UNMAPPED,,False,,,,,,,,,,,,,,sem composicao alcancavel,,sem composicao alcancavel,,sem composicao alcancavel,False
tiktok,denavita,1734013418315548635,,KGVM05,kit_suspected,title,True,out_of_business_scope,628.9,,produto_interno_sem_codigo_protheus,UNMAPPED,,False,,,,,,,,,,,,,,sem composicao alcancavel,,sem composicao alcancavel,,sem composicao alcancavel,False
tiktok,denavita,1737341083326777307,,DVTRANS002-11,kit_suspected,title,True,out_of_business_scope,213.9,,produto_interno_sem_codigo_protheus,UNMAPPED,,False,,,,,,,,,,,,,,sem composicao alcancavel,,sem composicao alcancavel,,sem composicao alcancavel,False
tiktok,denavita,1737340335717648347,,DVMAG02,kit_suspected,title,True,out_of_business_scope,106.9,,produto_interno_sem_codigo_protheus,UNMAPPED,,False,,,,,,,,,,,,,,sem composicao alcancavel,,sem composicao alcancavel,,sem composicao alcancavel,False
tiktok,denavita,1737325355055876059,,KDIG03-1,kit_suspected,title,True,out_of_business_scope,370.9,,produto_interno_sem_codigo_protheus,UNMAPPED,,False,,,,,,,,,,,,,,sem composicao alcancavel,,sem composicao alcancavel,,sem composicao alcancavel,False
tiktok,denavita,1732622273023608795,,DVLMCOQ,kit_suspected,title,True,out_of_business_scope,327.9,,produto_interno_sem_codigo_protheus,UNMAPPED,,False,,,,,,,,,,,,,,sem composicao alcancavel,,sem composicao alcancavel,,sem composicao alcancavel,False
tiktok,denavita,1732622198419589083,,KITFJ1,kit_suspected,sku_prefix,True,out_of_business_scope,242.9,,produto_interno_sem_codigo_protheus,UNMAPPED,,False,,,,,,,,,,,,,,sem composicao alcancavel,,sem composicao alcancavel,,sem composicao alcancavel,False
tiktok,denavita,1732144798074374107,,DVCOQ003,kit_suspected,title,True,out_of_business_scope,285.9,,produto_interno_sem_codigo_protheus,UNMAPPED,,False,,,,,,,,,,,,,,sem composicao alcancavel,,sem composicao alcancavel,,sem composicao alcancavel,False
tiktok,denavita,1737325247545378779,,DENAPAUSA03,kit_suspected,title,True,out_of_business_scope,370.9,,produto_interno_sem_codigo_protheus,UNMAPPED,,False,,,,,,,,,,,,,,sem composicao alcancavel,,sem composicao alcancavel,,sem composicao alcancavel,False
tiktok,denavita,1736149799948748763,,DVTRI3,kit_suspected,title,True,out_of_business_scope,156.9,,produto_interno_sem_codigo_protheus,UNMAPPED,,False,,,,,,,,,,,,,,sem composicao alcancavel,,sem composicao alcancavel,,sem composicao alcancavel,False
tiktok,denavita,1732078438838863835,,DVLM05,kit_suspected,title,False,out_of_business_scope,249.9,,produto_interno_sem_codigo_protheus,UNMAPPED,,False,,,,,,,,,,,,,,sem composicao alcancavel,,sem composicao alcancavel,,sem composicao alcancavel,False
tiktok,denavita,1732144768391153627,,DVMAG03,kit_suspected,title,True,out_of_business_scope,199.9,,produto_interno_sem_codigo_protheus,UNMAPPED,,False,,,,,,,,,,,,,,sem composicao alcancavel,,sem composicao alcancavel,,sem composicao alcancavel,False
tiktok,barbours,1731980478940087716,,Kit012,kit_suspected,sku_prefix,True,in_scope,113.0,KIT012,bom_empirica_nf,CANDIDATE_REVIEW,barbours,False,nf_empirica,pedido_marketplace,3,2026-09-13 19:53:11,4,4.0,3,0,2,1,0.15,,,3 componente(s) sem referencia B2B,39.5235,,,2 de 4 componente(s) sem saldo utilizavel,True
tiktok,barbours,1735404281675744676,,Kit137,kit_suspected,sku_prefix,True,in_scope,108.86,,produto_interno_sem_codigo_protheus,UNMAPPED,,False,,,,,,,,,,,,,,sem composicao alcancavel,,sem composicao alcancavel,,sem composicao alcancavel,False
tiktok,lescent,1733041065118107167,,KIT001,kit_suspected,sku_prefix,False,in_scope,192.9,KIT001,bom_empirica_nf,CANDIDATE_REVIEW,lescent,True,nf_empirica,pedido_marketplace,48,2026-09-24 22:31:33,5,5.0,3,1,2,4,0.15,,,3 componente(s) sem referencia B2B,,1 componente(s) sem custo,,2 de 5 componente(s) sem saldo utilizavel,True
tiktok,apice,1735116396368856148,,VK35231,kit_suspected,title,True,in_scope,79.9,VK35231,bom_empirica_nf,CANDIDATE_REVIEW,apice,False,nf_empirica,pedido_marketplace,47,2026-09-24 17:07:34,2,2.0,1,0,2,0,0.05,,,1 componente(s) sem referencia B2B,22.9733,,,2 de 2 componente(s) sem saldo utilizavel,True
tiktok,rituaria,1731574254232372280,,MLROSALUMI,kit_suspected,title,True,in_scope,127.9,MLROSALUMI,bom_empirica_nf,CANDIDATE_REVIEW,rituaria,False,nf_empirica,pedido_marketplace,1,2026-07-11 09:12:07,2,2.0,2,1,2,0,0.05,,,2 componente(s) sem referencia B2B,,1 componente(s) sem custo,,2 de 2 componente(s) sem saldo utilizavel,True
tiktok,rituaria,1732403554495988792,,MLESSENCIAL,kit_suspected,title,False,in_scope,333.9,MLESSENCIAL,bom_empirica_nf,CANDIDATE_REVIEW,rituaria,False,nf_empirica,pedido_marketplace,5,2026-06-26 13:43:26,2,2.0,2,2,2,0,0.05,,,2 componente(s) sem referencia B2B,,2 componente(s) sem custo,,2 de 2 componente(s) sem saldo utilizavel,True
tiktok,rituaria,1736811278465664056,,MLFEMMEJUICYMIX,kit_suspected,title,True,in_scope,463.9,,produto_interno_sem_codigo_protheus,UNMAPPED,,False,,,,,,,,,,,,,,sem composicao alcancavel,,sem composicao alcancavel,,sem composicao alcancavel,False
tiktok,rituaria,1734398798786102328,,MLRITUALIMUNI,kit_suspected,title,True,in_scope,256.9,MLRITUALIMUNI,bom_empirica_nf,CANDIDATE_REVIEW,rituaria,False,nf_empirica,pedido_marketplace,23,2026-09-21 19:30:22,2,2.0,2,2,2,0,0.05,,,2 componente(s) sem referencia B2B,,2 componente(s) sem custo,,2 de 2 componente(s) sem saldo utilizavel,True
tiktok,rituaria,1736810932475888696,,MLJUICYMIXER,kit_suspected,title,True,in_scope,185.9,,produto_interno_sem_codigo_protheus,UNMAPPED,,False,,,,,,,,,,,,,,sem composicao alcancavel,,sem composicao alcancavel,,sem composicao alcancavel,False
tiktok,rituaria,1733691097289360440,,MLESSENCIAL,kit_suspected,title,False,in_scope,333.9,MLESSENCIAL,bom_empirica_nf,CANDIDATE_REVIEW,rituaria,False,nf_empirica,pedido_marketplace,5,2026-06-26 13:43:26,2,2.0,2,2,2,0,0.05,,,2 componente(s) sem referencia B2B,,2 componente(s) sem custo,,2 de 2 componente(s) sem saldo utilizavel,True
tiktok,rituaria,1731960423498417208,,MLRITUALIMUNI,kit_suspected,title,False,in_scope,230.9,MLRITUALIMUNI,bom_empirica_nf,CANDIDATE_REVIEW,rituaria,False,nf_empirica,pedido_marketplace,23,2026-09-21 19:30:22,2,2.0,2,2,2,0,0.05,,,2 componente(s) sem referencia B2B,,2 componente(s) sem custo,,2 de 2 componente(s) sem saldo utilizavel,True
tiktok,rituaria,1733940289060111416,,MLESSENCIAL,kit_suspected,title,False,in_scope,370.9,MLESSENCIAL,bom_empirica_nf,CANDIDATE_REVIEW,rituaria,False,nf_empirica,pedido_marketplace,5,2026-06-26 13:43:26,2,2.0,2,2,2,0,0.05,,,2 componente(s) sem referencia B2B,,2 componente(s) sem custo,,2 de 2 componente(s) sem saldo utilizavel,True
tiktok,rituaria,1733030348437161016,,MKPPRENACMAG,kit_suspected,title,False,in_scope,199.9,MKPPRENACMAG,bom_empirica_nf,CANDIDATE_REVIEW,rituaria,False,nf_empirica,pedido_marketplace,902,2026-09-22 09:49:52,3,3.0,3,3,3,0,0.1,,,3 componente(s) sem referencia B2B,,3 componente(s) sem custo,,3 de 3 componente(s) sem saldo utilizavel,True
tiktok,rituaria,1731962073913852984,,MLESSENCI,kit_suspected,title,False,in_scope,417.0,,produto_interno_sem_codigo_protheus,UNMAPPED,,False,,,,,,,,,,,,,,sem composicao alcancavel,,sem composicao alcancavel,,sem composicao alcancavel,False
tiktok,rituaria,1736811162026083384,,MLFEMMEMIXER,kit_suspected,title,True,in_scope,332.9,,produto_interno_sem_codigo_protheus,UNMAPPED,,False,,,,,,,,,,,,,,sem composicao alcancavel,,sem composicao alcancavel,,sem composicao alcancavel,False
tiktok,rituaria,1731961799245202488,,ML2PREBIOTICA,kit_suspected,title,False,in_scope,189.9,,produto_interno_sem_codigo_protheus,UNMAPPED,,False,,,,,,,,,,,,,,sem composicao alcancavel,,sem composicao alcancavel,,sem composicao alcancavel,False
tiktok,rituaria,1732403538388223032,,ML3FABULOSA,kit_suspected,title,True,in_scope,356.9,,produto_interno_sem_codigo_protheus,UNMAPPED,,False,,,,,,,,,,,,,,sem composicao alcancavel,,sem composicao alcancavel,,sem composicao alcancavel,False
tiktok,rituaria,1736657910332097592,,MLFEMMEJUICY,kit_suspected,title,True,in_scope,427.9,MLFEMMEJUICY,bom_empirica_nf,CANDIDATE_REVIEW,rituaria,False,nf_empirica,pedido_marketplace,1,2026-07-29 11:16:18,2,2.0,2,0,2,0,0.05,,,2 componente(s) sem referencia B2B,85.9708,,,2 de 2 componente(s) sem saldo utilizavel,True
tiktok,rituaria,1734443213657834552,,ML3PREBIOTICA,kit_suspected,title,False,in_scope,326.9,,produto_interno_sem_codigo_protheus,UNMAPPED,,False,,,,,,,,,,,,,,sem composicao alcancavel,,sem composicao alcancavel,,sem composicao alcancavel,False
tiktok,rituaria,1733370271496438840,,,kit_suspected,title,False,in_scope,,,sem_seller_sku,UNMAPPED,,False,,,,,,,,,,,,,,sem composicao alcancavel,,sem composicao alcancavel,,sem composicao alcancavel,False
tiktok,rituaria,1734339185381114936,,,kit_suspected,title,False,in_scope,,,sem_seller_sku,UNMAPPED,,False,,,,,,,,,,,,,,sem composicao alcancavel,,sem composicao alcancavel,,sem composicao alcancavel,False
tiktok,rituaria,1734367455840142392,,MLRITUALIMUNI,kit_suspected,title,False,in_scope,256.9,MLRITUALIMUNI,bom_empirica_nf,CANDIDATE_REVIEW,rituaria,False,nf_empirica,pedido_marketplace,23,2026-09-21 19:30:22,2,2.0,2,2,2,0,0.05,,,2 componente(s) sem referencia B2B,,2 componente(s) sem custo,,2 de 2 componente(s) sem saldo utilizavel,True
tiktok,rituaria,1734366847554389048,,,kit_suspected,title,False,in_scope,,,sem_seller_sku,UNMAPPED,,False,,,,,,,,,,,,,,sem composicao alcancavel,,sem composicao alcancavel,,sem composicao alcancavel,False
tiktok,rituaria,1732403596191958072,,MLANTIOXNFABU,kit_suspected,title,False,in_scope,227.0,MLANTIOXNFABU,bom_empirica_nf,CANDIDATE_REVIEW,rituaria,False,nf_empirica,pedido_marketplace,7,2026-09-01 21:55:41,2,2.0,2,2,2,0,0.05,,,2 componente(s) sem referencia B2B,,2 componente(s) sem custo,,2 de 2 componente(s) sem saldo utilizavel,True
tiktok,rituaria,1735456393360933944,,MLMAGNAC,kit_suspected,title,False,in_scope,99.9,MLMAGNAC,bom_empirica_nf,CANDIDATE_REVIEW,rituaria,False,nf_empirica,pedido_marketplace,452,2026-09-22 13:15:19,2,2.0,2,2,2,0,0.05,,,2 componente(s) sem referencia B2B,,2 componente(s) sem custo,,2 de 2 componente(s) sem saldo utilizavel,True
tiktok,kokeshi,1736640767612388627,,40116,kit_suspected,title,False,in_scope,85.9,,produto_interno_sem_codigo_protheus,UNMAPPED,,False,,,,,,,,,,,,,,sem composicao alcancavel,,sem composicao alcancavel,,sem composicao alcancavel,False
tiktok,kokeshi,1733017661964911891,,40067,kit_suspected,title,True,in_scope,106.9,40067,bom_empirica_nf,CANDIDATE_REVIEW,kokeshi,False,nf_empirica,pedido_bling,2,2025-11-18 07:14:33,2,2.0,1,0,2,0,0.05,,,1 componente(s) sem referencia B2B,10.5416,,,2 de 2 componente(s) sem saldo utilizavel,True
tiktok,kokeshi,1736896339223217427,,40126,kit_suspected,title,False,in_scope,220.9,40126,sku_e_kit_protheus,CROSS_BRAND_CONFLICT,ápice,True,protheus_bom,,,,3,3.0,3,3,3,0,0.1,,,3 componente(s) sem referencia B2B,,3 componente(s) sem custo,,3 de 3 componente(s) sem saldo utilizavel,True
tiktok,kokeshi,1736640978687984915,,40118,kit_suspected,title,False,in_scope,127.9,,produto_interno_sem_codigo_protheus,UNMAPPED,,False,,,,,,,,,,,,,,sem composicao alcancavel,,sem composicao alcancavel,,sem composicao alcancavel,False
tiktok,kokeshi,1736350527235917075,,40092,kit_suspected,title,False,in_scope,70.9,,produto_interno_sem_codigo_protheus,UNMAPPED,,False,,,,,,,,,,,,,,sem composicao alcancavel,,sem composicao alcancavel,,sem composicao alcancavel,False
tiktok,kokeshi,1737088793567266067,,40100,kit_suspected,title,False,in_scope,49.9,,produto_interno_sem_codigo_protheus,UNMAPPED,,False,,,,,,,,,,,,,,sem composicao alcancavel,,sem composicao alcancavel,,sem composicao alcancavel,False
tiktok,kokeshi,1733018245159486739,,40089,kit_suspected,title,True,in_scope,185.9,40089,bom_empirica_nf,CANDIDATE_REVIEW,kokeshi,False,nf_empirica,pedido_bling,2,2025-11-24 23:18:18,4,4.0,3,1,4,2,0.15,,,3 componente(s) sem referencia B2B,,1 componente(s) sem custo,,4 de 4 componente(s) sem saldo utilizavel,True
tiktok,kokeshi,1737150096356640019,,40119,kit_suspected,title,False,in_scope,63.9,40119,sku_e_kit_protheus,CROSS_BRAND_CONFLICT,ápice,True,protheus_bom,,,,5,5.0,5,5,4,0,0.15,,,5 componente(s) sem referencia B2B,,5 componente(s) sem custo,,4 de 5 componente(s) sem saldo utilizavel,True
tiktok,kokeshi,1736676764978611475,,40123,kit_suspected,title,False,in_scope,213.9,,produto_interno_sem_codigo_protheus,UNMAPPED,,False,,,,,,,,,,,,,,sem composicao alcancavel,,sem composicao alcancavel,,sem composicao alcancavel,False
tiktok,kokeshi,1736675051651630355,,40119,kit_suspected,title,False,in_scope,63.9,40119,sku_e_kit_protheus,CROSS_BRAND_CONFLICT,ápice,True,protheus_bom,,,,5,5.0,5,5,4,0,0.15,,,5 componente(s) sem referencia B2B,,5 componente(s) sem custo,,4 de 5 componente(s) sem saldo utilizavel,True
tiktok,kokeshi,1733018147087942931,,40086,kit_suspected,title,False,in_scope,199.9,40086,bom_empirica_nf,CANDIDATE_REVIEW,kokeshi,False,nf_empirica,pedido_bling,5,2025-11-20 07:29:13,3,4.0,2,1,3,2,0.15,,,2 componente(s) sem referencia B2B,,1 componente(s) sem custo,,3 de 3 componente(s) sem saldo utilizavel,True
tiktok,kokeshi,1735351649286784275,,40100,kit_suspected,title,False,in_scope,49.9,,produto_interno_sem_codigo_protheus,UNMAPPED,,False,,,,,,,,,,,,,,sem composicao alcancavel,,sem composicao alcancavel,,sem composicao alcancavel,False
tiktok,kokeshi,1736675798553953555,,40121,kit_suspected,title,False,in_scope,106.9,,produto_interno_sem_codigo_protheus,UNMAPPED,,False,,,,,,,,,,,,,,sem composicao alcancavel,,sem composicao alcancavel,,sem composicao alcancavel,False
tiktok,kokeshi,1736913613946324243,,40129,kit_suspected,title,False,in_scope,135.9,40129,sku_e_kit_protheus,CROSS_BRAND_CONFLICT,ápice,True,protheus_bom,,,,6,6.0,6,6,6,0,0.15,,,6 componente(s) sem referencia B2B,,6 componente(s) sem custo,,6 de 6 componente(s) sem saldo utilizavel,True
tiktok,kokeshi,1736676721853629715,,40122,kit_suspected,title,False,in_scope,99.9,,produto_interno_sem_codigo_protheus,UNMAPPED,,False,,,,,,,,,,,,,,sem composicao alcancavel,,sem composicao alcancavel,,sem composicao alcancavel,False
tiktok,kokeshi,1733594326980723987,,40070,kit_suspected,title,False,in_scope,77.9,40070,bom_empirica_nf,CANDIDATE_REVIEW,kokeshi,False,nf_empirica,pedido_bling,10,2025-11-24 22:36:33,2,2.0,1,1,2,1,0.05,,,1 componente(s) sem referencia B2B,,1 componente(s) sem custo,,2 de 2 componente(s) sem saldo utilizavel,True
tiktok,kokeshi,1733594304673711379,,40001,kit_suspected,title,True,in_scope,225.9,40001,bom_empirica_nf,CANDIDATE_REVIEW,kokeshi,False,nf_empirica,pedido_bling,1,2025-11-25 13:32:53,5,5.0,5,2,4,4,0.15,,,5 componente(s) sem referencia B2B,,2 componente(s) sem custo,,4 de 5 componente(s) sem saldo utilizavel,True
tiktok,kokeshi,1735442509779404051,,40106,kit_suspected,title,False,in_scope,92.9,,produto_interno_sem_codigo_protheus,UNMAPPED,,False,,,,,,,,,,,,,,sem composicao alcancavel,,sem composicao alcancavel,,sem composicao alcancavel,False
tiktok,kokeshi,1736913393186080019,,40128,kit_suspected,title,False,in_scope,92.9,40128,sku_e_kit_protheus,CROSS_BRAND_CONFLICT,ápice,True,protheus_bom,,,,3,3.0,3,3,3,0,0.1,,,3 componente(s) sem referencia B2B,,3 componente(s) sem custo,,3 de 3 componente(s) sem saldo utilizavel,True
tiktok,kokeshi,1736640858543064339,,40117,kit_suspected,title,False,in_scope,127.9,40117,sku_e_kit_protheus,CROSS_BRAND_CONFLICT,ápice,True,protheus_bom,,,,3,3.0,3,3,2,0,0.1,,,3 componente(s) sem referencia B2B,,3 componente(s) sem custo,,2 de 3 componente(s) sem saldo utilizavel,True
tiktok,kokeshi,1736896631962764563,,40127,kit_suspected,title,False,in_scope,185.9,40127,sku_e_kit_protheus,CROSS_BRAND_CONFLICT,ápice,True,protheus_bom,,,,4,4.0,4,4,4,0,0.15,,,4 componente(s) sem referencia B2B,,4 componente(s) sem custo,,4 de 4 componente(s) sem saldo utilizavel,True
tiktok,kokeshi,1735287899412530451,,40092,kit_suspected,title,False,in_scope,70.9,,produto_interno_sem_codigo_protheus,UNMAPPED,,False,,,,,,,,,,,,,,sem composicao alcancavel,,sem composicao alcancavel,,sem composicao alcancavel,False
tiktok,kokeshi,1736675170863449363,,40120,kit_suspected,title,False,in_scope,106.9,,produto_interno_sem_codigo_protheus,UNMAPPED,,False,,,,,,,,,,,,,,sem composicao alcancavel,,sem composicao alcancavel,,sem composicao alcancavel,False
tiktok,kokeshi,1736335255946691859,,40111,kit_suspected,title,False,in_scope,270.9,,produto_interno_sem_codigo_protheus,UNMAPPED,,False,,,,,,,,,,,,,,sem composicao alcancavel,,sem composicao alcancavel,,sem composicao alcancavel,False
tiktok,kokeshi,1733017703682770195,,40069,kit_suspected,title,False,in_scope,142.9,40069,bom_empirica_nf,CANDIDATE_REVIEW,kokeshi,False,nf_empirica,pedido_bling,12,2025-11-21 07:31:36,3,3.0,2,0,3,0,0.1,,,2 componente(s) sem referencia B2B,16.893,,,3 de 3 componente(s) sem saldo utilizavel,True
tiktok,kokeshi,1733017696601343251,,40068,kit_suspected,title,True,in_scope,106.9,40068,bom_empirica_nf,CANDIDATE_REVIEW,kokeshi,False,nf_empirica,pedido_bling,20,2025-11-28 21:56:11,2,2.0,1,0,2,0,0.05,,,1 componente(s) sem referencia B2B,16.483,,,2 de 2 componente(s) sem saldo utilizavel,True
tiktok,kokeshi,1734831985348478227,,40092,kit_suspected,title,False,in_scope,70.9,,produto_interno_sem_codigo_protheus,UNMAPPED,,False,,,,,,,,,,,,,,sem composicao alcancavel,,sem composicao alcancavel,,sem composicao alcancavel,False
tiktok,kokeshi,1732017339880408339,,40061,kit_suspected,title,True,in_scope,175.9,40061,bom_empirica_nf,CANDIDATE_REVIEW,kokeshi,False,nf_empirica,pedido_bling,11,2025-11-30 16:12:02,4,4.0,4,1,4,3,0.15,,,4 componente(s) sem referencia B2B,,1 componente(s) sem custo,,4 de 4 componente(s) sem saldo utilizavel,True
tiktok,kokeshi,1732276634553648403,,40063,kit_suspected,title,True,in_scope,113.9,40063,bom_empirica_nf,CANDIDATE_REVIEW,kokeshi,False,nf_empirica,pedido_bling,40,2025-11-30 22:23:29,3,3.0,3,1,3,3,0.1,,,3 componente(s) sem referencia B2B,,1 componente(s) sem custo,,3 de 3 componente(s) sem saldo utilizavel,True
tiktok,kokeshi,1731781555796542739,,40052,kit_suspected,title,False,in_scope,285.9,40052,bom_empirica_nf,CANDIDATE_REVIEW,kokeshi,False,nf_empirica,pedido_bling,35,2025-11-30 17:57:06,7,7.0,6,2,7,6,0.15,,,6 componente(s) sem referencia B2B,,2 componente(s) sem custo,,7 de 7 componente(s) sem saldo utilizavel,True
tiktok,kokeshi,1732931288170398995,,40070,kit_suspected,title,False,in_scope,77.9,40070,bom_empirica_nf,CANDIDATE_REVIEW,kokeshi,False,nf_empirica,pedido_bling,10,2025-11-24 22:36:33,2,2.0,1,1,2,1,0.05,,,1 componente(s) sem referencia B2B,,1 componente(s) sem custo,,2 de 2 componente(s) sem saldo utilizavel,True
tiktok,kokeshi,1731708718312359187,,40049,kit_suspected,title,True,in_scope,113.9,40049,bom_empirica_nf,CANDIDATE_REVIEW,kokeshi,False,nf_empirica,pedido_bling,27,2025-11-30 14:59:45,3,3.0,2,1,3,2,0.1,,,2 componente(s) sem referencia B2B,,1 componente(s) sem custo,,3 de 3 componente(s) sem saldo utilizavel,True
tiktok,kokeshi,1731650709181400339,,,kit_suspected,title,False,in_scope,,,sem_seller_sku,UNMAPPED,,False,,,,,,,,,,,,,,sem composicao alcancavel,,sem composicao alcancavel,,sem composicao alcancavel,False
tiktok,kokeshi,1731599237492540691,,40003,kit_suspected,title,False,in_scope,133.9,40003,bom_empirica_nf,CANDIDATE_REVIEW,kokeshi,False,nf_empirica,pedido_bling,3,2025-11-29 18:34:49,3,3.0,2,1,3,3,0.1,,,2 componente(s) sem referencia B2B,,1 componente(s) sem custo,,3 de 3 componente(s) sem saldo utilizavel,True
tiktok,kokeshi,1731599182932116755,,40002,kit_suspected,internal_catalog,False,in_scope,126.9,KKS00002,alias_codigo_bling,EXACT_ALIAS,kokeshi,False,protheus_bom,,,,3,3.0,2,0,3,0,0.1,,,2 componente(s) sem referencia B2B,29.0213,,,3 de 3 componente(s) sem saldo utilizavel,False
tiktok,kokeshi,1731600349192684819,,V40037,kit_suspected,title,True,in_scope,177.9,V40037,bom_empirica_nf,CANDIDATE_REVIEW,kokeshi,False,nf_empirica,pedido_bling,24,2025-11-30 19:26:37,4,4.0,4,1,4,4,0.15,,,4 componente(s) sem referencia B2B,,1 componente(s) sem custo,,4 de 4 componente(s) sem saldo utilizavel,True
tiktok,kokeshi,1731600349192684819,,V40039,kit_suspected,title,True,in_scope,177.9,V40039,bom_empirica_nf,CANDIDATE_REVIEW,kokeshi,False,nf_empirica,pedido_bling,49,2025-11-30 16:48:40,4,4.0,3,1,4,4,0.15,,,3 componente(s) sem referencia B2B,,1 componente(s) sem custo,,4 de 4 componente(s) sem saldo utilizavel,True
tiktok,kokeshi,1731600330795615507,,V40040,kit_suspected,title,True,in_scope,156.9,V40040,bom_empirica_nf,CANDIDATE_REVIEW,kokeshi,False,nf_empirica,pedido_bling,1,2025-11-17 23:08:24,3,3.0,3,0,3,3,0.1,,,3 componente(s) sem referencia B2B,35.5533,,,3 de 3 componente(s) sem saldo utilizavel,True
tiktok,kokeshi,1731600330795615507,,V40042,kit_suspected,title,True,in_scope,156.9,V40042,bom_empirica_nf,CANDIDATE_REVIEW,kokeshi,False,nf_empirica,pedido_bling,1,2025-11-16 22:47:46,3,3.0,2,0,3,3,0.1,,,2 componente(s) sem referencia B2B,37.09,,,3 de 3 componente(s) sem saldo utilizavel,True
tiktok,kokeshi,1731600372205847827,,V40027,kit_suspected,title,True,in_scope,199.9,V40027,bom_empirica_nf,CANDIDATE_REVIEW,kokeshi,False,nf_empirica,pedido_bling,2,2025-11-27 20:34:51,4,4.0,4,1,4,4,0.15,,,4 componente(s) sem referencia B2B,,1 componente(s) sem custo,,4 de 4 componente(s) sem saldo utilizavel,True
tiktok,kokeshi,1731600372205847827,,V40028,kit_suspected,title,True,in_scope,199.9,V40028,bom_empirica_nf,CANDIDATE_REVIEW,kokeshi,False,nf_empirica,pedido_bling,2,2025-11-19 10:29:42,4,4.0,3,1,4,4,0.15,,,3 componente(s) sem referencia B2B,,1 componente(s) sem custo,,4 de 4 componente(s) sem saldo utilizavel,True
tiktok,kokeshi,1731600372205847827,,V40029,kit_suspected,title,True,in_scope,199.9,V40029,bom_empirica_nf,CANDIDATE_REVIEW,kokeshi,False,nf_empirica,pedido_bling,6,2025-11-28 09:05:04,4,4.0,3,1,4,4,0.15,,,3 componente(s) sem referencia B2B,,1 componente(s) sem custo,,4 de 4 componente(s) sem saldo utilizavel,True
tiktok,kokeshi,1731600365582845203,,V40031,kit_suspected,title,True,in_scope,227.9,V40031,bom_empirica_nf,CANDIDATE_REVIEW,kokeshi,False,nf_empirica,pedido_bling,16,2025-11-30 11:21:45,5,5.0,5,2,5,5,0.15,,,5 componente(s) sem referencia B2B,,2 componente(s) sem custo,,5 de 5 componente(s) sem saldo utilizavel,True
tiktok,kokeshi,1731600365582845203,,V40032,kit_suspected,title,True,in_scope,227.9,V40032,bom_empirica_nf,CANDIDATE_REVIEW,kokeshi,False,nf_empirica,pedido_bling,32,2025-11-30 22:18:06,5,5.0,4,2,5,5,0.15,,,4 componente(s) sem referencia B2B,,2 componente(s) sem custo,,5 de 5 componente(s) sem saldo utilizavel,True
tiktok,kokeshi,1731600365582845203,,V40033,kit_suspected,title,True,in_scope,227.9,V40033,bom_empirica_nf,CANDIDATE_REVIEW,kokeshi,False,nf_empirica,pedido_bling,18,2025-11-30 17:44:24,5,5.0,4,2,5,5,0.15,,,4 componente(s) sem referencia B2B,,2 componente(s) sem custo,,5 de 5 componente(s) sem saldo utilizavel,True
tiktok,kokeshi,1731599261097100563,,40004,kit_suspected,internal_catalog,False,in_scope,133.9,KKS00004,alias_codigo_bling,EXACT_ALIAS,kokeshi,False,protheus_bom,,,,3,3.0,2,0,3,0,0.1,,,2 componente(s) sem referencia B2B,28.8471,,,3 de 3 componente(s) sem saldo utilizavel,False
tiktok,kokeshi,1731708954784662803,,40050,kit_suspected,title,True,in_scope,92.9,40050,bom_empirica_nf,CANDIDATE_REVIEW,kokeshi,False,nf_empirica,pedido_bling,13,2025-11-30 17:33:57,2,2.0,2,1,2,2,0.05,,,2 componente(s) sem referencia B2B,,1 componente(s) sem custo,,2 de 2 componente(s) sem saldo utilizavel,True
tiktok,kokeshi,1732276606632756499,,40062,kit_suspected,title,True,in_scope,113.9,40062,bom_empirica_nf,CANDIDATE_REVIEW,kokeshi,False,nf_empirica,pedido_bling,4,2025-11-27 19:04:13,2,2.0,2,1,2,2,0.05,,,2 componente(s) sem referencia B2B,,1 componente(s) sem custo,,2 de 2 componente(s) sem saldo utilizavel,True
tiktok,kokeshi,1731600310388950291,,40020,kit_suspected,title,True,in_scope,233.9,40020,bom_empirica_nf,CANDIDATE_REVIEW,kokeshi,False,nf_empirica,pedido_bling,4,2025-11-27 17:07:32,5,5.0,4,2,4,3,0.15,,,4 componente(s) sem referencia B2B,,2 componente(s) sem custo,,4 de 5 componente(s) sem saldo utilizavel,True
tiktok,kokeshi,1731599421414540563,,40030,kit_suspected,title,True,in_scope,199.9,,produto_interno_sem_codigo_protheus,UNMAPPED,,False,,,,,,,,,,,,,,sem composicao alcancavel,,sem composicao alcancavel,,sem composicao alcancavel,False
tiktok,kokeshi,1732276639175312659,,40064,kit_suspected,title,False,in_scope,113.9,40064,bom_empirica_nf,CANDIDATE_REVIEW,kokeshi,False,nf_empirica,pedido_bling,1,2025-11-13 13:54:14,3,3.0,3,1,3,3,0.1,,,3 componente(s) sem referencia B2B,,1 componente(s) sem custo,,3 de 3 componente(s) sem saldo utilizavel,True
tiktok,kokeshi,1731600375679780115,,40026,kit_suspected,title,False,in_scope,235.9,40026,bom_empirica_nf,CANDIDATE_REVIEW,kokeshi,False,nf_empirica,pedido_bling,1,2025-11-14 21:08:38,4,4.0,4,2,3,4,0.15,,,4 componente(s) sem referencia B2B,,2 componente(s) sem custo,,3 de 4 componente(s) sem saldo utilizavel,True
tiktok,kokeshi,1732017321249703187,,40059,kit_suspected,title,True,in_scope,119.9,40059,bom_empirica_nf,CANDIDATE_REVIEW,kokeshi,False,nf_empirica,pedido_bling,2,2025-11-28 10:48:39,2,2.0,2,0,2,1,0.05,,,2 componente(s) sem referencia B2B,13.7807,,,2 de 2 componente(s) sem saldo utilizavel,True
tiktok,kokeshi,1731600342325888275,,40024,kit_suspected,title,True,in_scope,122.9,40024,bom_empirica_nf,CANDIDATE_REVIEW,kokeshi,False,nf_empirica,pedido_bling,11,2025-11-26 22:51:41,3,3.0,3,1,3,2,0.1,,,3 componente(s) sem referencia B2B,,1 componente(s) sem custo,,3 de 3 componente(s) sem saldo utilizavel,True
tiktok,kokeshi,1731600372801438995,,40025,kit_suspected,internal_catalog,False,in_scope,213.9,KKS00005,alias_codigo_bling,EXACT_ALIAS,kokeshi,False,protheus_bom,,,,5,5.0,1,0,5,0,0.15,,,1 componente(s) sem referencia B2B,29.2421,,,5 de 5 componente(s) sem saldo utilizavel,False
tiktok,kokeshi,1731781687132521747,,40053,kit_suspected,title,False,in_scope,156.9,40053,bom_empirica_nf,CANDIDATE_REVIEW,kokeshi,False,nf_empirica,pedido_bling,66,2025-11-30 19:58:52,3,5.0,2,1,3,2,0.15,,,2 componente(s) sem referencia B2B,,1 componente(s) sem custo,,3 de 3 componente(s) sem saldo utilizavel,True
tiktok,kokeshi,1731599065184175379,,40001,kit_suspected,title,False,in_scope,198.9,40001,bom_empirica_nf,CANDIDATE_REVIEW,kokeshi,False,nf_empirica,pedido_bling,1,2025-11-25 13:32:53,5,5.0,5,2,4,4,0.15,,,5 componente(s) sem referencia B2B,,2 componente(s) sem custo,,4 de 5 componente(s) sem saldo utilizavel,True
tiktok,kokeshi,1732017319126467859,,40055,kit_suspected,title,False,in_scope,106.9,40055,bom_empirica_nf,CANDIDATE_REVIEW,kokeshi,False,nf_empirica,pedido_bling,38,2025-11-30 19:08:36,2,2.0,2,0,2,2,0.05,,,2 componente(s) sem referencia B2B,27.9,,,2 de 2 componente(s) sem saldo utilizavel,True
tiktok,kokeshi,1731599615446254867,,40008,kit_suspected,title,False,in_scope,120.9,40008,bom_empirica_nf,CANDIDATE_REVIEW,kokeshi,False,nf_empirica,pedido_bling,8,2025-11-27 22:46:43,3,3.0,3,1,3,3,0.1,,,3 componente(s) sem referencia B2B,,1 componente(s) sem custo,,3 de 3 componente(s) sem saldo utilizavel,True
tiktok,kokeshi,1731599328969065747,,V40043,kit_suspected,title,True,in_scope,122.9,,produto_interno_sem_codigo_protheus,UNMAPPED,,False,,,,,,,,,,,,,,sem composicao alcancavel,,sem composicao alcancavel,,sem composicao alcancavel,False
tiktok,kokeshi,1731599328969065747,,V40045,kit_suspected,title,True,in_scope,122.9,V40045,bom_empirica_nf,CANDIDATE_REVIEW,kokeshi,False,nf_empirica,pedido_bling,1,2025-11-21 15:28:46,2,2.0,1,0,2,2,0.05,,,1 componente(s) sem referencia B2B,14.19,,,2 de 2 componente(s) sem saldo utilizavel,True
tiktok,kokeshi,1731599495651230995,,40007,kit_suspected,title,True,in_scope,93.9,40007,bom_empirica_nf,CANDIDATE_REVIEW,kokeshi,False,nf_empirica,pedido_bling,2,2025-11-20 10:10:24,3,3.0,3,1,3,3,0.1,,,3 componente(s) sem referencia B2B,,1 componente(s) sem custo,,3 de 3 componente(s) sem saldo utilizavel,True
tiktok,kokeshi,1731600351375688979,,V40034,kit_suspected,title,True,in_scope,106.9,V40034,bom_empirica_nf,CANDIDATE_REVIEW,kokeshi,False,nf_empirica,pedido_bling,2,2025-11-29 18:35:43,2,2.0,2,0,2,2,0.05,,,2 componente(s) sem referencia B2B,28.2733,,,2 de 2 componente(s) sem saldo utilizavel,True
tiktok,kokeshi,1731600351375688979,,V40036,kit_suspected,title,True,in_scope,106.9,V40036,bom_empirica_nf,CANDIDATE_REVIEW,kokeshi,False,nf_empirica,pedido_bling,5,2025-11-30 23:50:47,2,2.0,1,0,2,2,0.05,,,1 componente(s) sem referencia B2B,29.81,,,2 de 2 componente(s) sem saldo utilizavel,True
tiktok,kokeshi,1731600108840322323,,40013,kit_suspected,title,False,in_scope,269.9,40013,bom_empirica_nf,CANDIDATE_REVIEW,kokeshi,False,nf_empirica,pedido_bling,62,2025-11-30 22:31:39,8,8.0,6,2,8,7,0.15,,,6 componente(s) sem referencia B2B,,2 componente(s) sem custo,,8 de 8 componente(s) sem saldo utilizavel,True
tiktok,kokeshi,1731651044738434323,,40048,kit_suspected,title,True,in_scope,113.9,40048,bom_empirica_nf,CANDIDATE_REVIEW,kokeshi,False,nf_empirica,pedido_bling,5,2025-11-27 21:03:14,2,2.0,1,1,2,1,0.05,,,1 componente(s) sem referencia B2B,,1 componente(s) sem custo,,2 de 2 componente(s) sem saldo utilizavel,True
tiktok,apice,1737357105779082324,,KIT100,kit_suspected,sku_prefix,True,in_scope,149.9,KIT100,bom_empirica_nf,CANDIDATE_REVIEW,apice,False,nf_empirica,pedido_marketplace,5,2026-09-24 13:40:42,2,2.0,2,2,2,0,0.05,,,2 componente(s) sem referencia B2B,,2 componente(s) sem custo,,2 de 2 componente(s) sem saldo utilizavel,True
tiktok,apice,1737357194826777684,,KIT099,kit_suspected,sku_prefix,True,in_scope,156.9,,produto_interno_sem_codigo_protheus,UNMAPPED,,True,,,,,,,,,,,,,,sem composicao alcancavel,,sem composicao alcancavel,,sem composicao alcancavel,False
tiktok,apice,1736930185263350868,,01346,kit_suspected,title,True,in_scope,49.9,,produto_interno_sem_codigo_protheus,UNMAPPED,,False,,,,,,,,,,,,,,sem composicao alcancavel,,sem composicao alcancavel,,sem composicao alcancavel,False
tiktok,apice,1737357194058105940,,KIT098,kit_suspected,sku_prefix,True,in_scope,163.9,,produto_interno_sem_codigo_protheus,UNMAPPED,,True,,,,,,,,,,,,,,sem composicao alcancavel,,sem composicao alcancavel,,sem composicao alcancavel,False
tiktok,apice,1732326851550217300,,KIT066,kit_suspected,sku_prefix,True,in_scope,155.9,KIT066,bom_empirica_nf,CANDIDATE_REVIEW,apice,True,nf_empirica,pedido_marketplace,143,2026-09-24 14:50:02,3,3.0,0,0,3,0,0.1,149.7,134.73,,37.26,,,3 de 3 componente(s) sem saldo utilizavel,True
tiktok,apice,1735795946093773908,,KIT029,kit_suspected,sku_prefix,False,in_scope,323.9,KIT029,bom_empirica_nf,CANDIDATE_REVIEW,apice,True,nf_empirica,pedido_marketplace,45,2026-09-22 09:36:46,6,6.0,0,0,6,0,0.15,320.4,272.34,,112.343,,,6 de 6 componente(s) sem saldo utilizavel,True
tiktok,apice,1735116396368856148,,VK35230,kit_suspected,title,True,in_scope,79.9,,produto_interno_sem_codigo_protheus,UNMAPPED,,False,,,,,,,,,,,,,,sem composicao alcancavel,,sem composicao alcancavel,,sem composicao alcancavel,False
tiktok,apice,1735116396368856148,,VK35232,kit_suspected,title,True,in_scope,79.9,VK35232,bom_empirica_nf,CANDIDATE_REVIEW,apice,False,nf_empirica,pedido_marketplace,45,2026-08-04 13:21:49,2,2.0,1,0,2,0,0.05,,,1 componente(s) sem referencia B2B,22.97,,,2 de 2 componente(s) sem saldo utilizavel,True
tiktok,apice,1733893417677456468,,KIT075,kit_suspected,sku_prefix,False,in_scope,126.9,KIT075,bom_empirica_nf,CANDIDATE_REVIEW,apice,False,nf_empirica,pedido_marketplace,7,2026-09-18 06:49:09,2,2.0,0,0,2,0,0.05,100.8,95.76,,28.422,,,2 de 2 componente(s) sem saldo utilizavel,True
tiktok,apice,1737357164930368596,,KIT097,kit_suspected,sku_prefix,True,in_scope,227.9,KIT097,bom_empirica_nf,CANDIDATE_REVIEW,apice,True,nf_empirica,pedido_marketplace,6,2026-09-21 16:31:40,3,3.0,3,3,3,0,0.1,,,3 componente(s) sem referencia B2B,,3 componente(s) sem custo,,3 de 3 componente(s) sem saldo utilizavel,True
tiktok,apice,1733030309616059476,,KIT072,kit_suspected,sku_prefix,True,in_scope,262.9,,codigo_nao_encontrado_em_nenhuma_ponte,UNMAPPED,,False,,,,,,,,,,,,,,sem composicao alcancavel,,sem composicao alcancavel,,sem composicao alcancavel,False
tiktok,apice,1736928647044236372,,01346,kit_suspected,title,False,in_scope,23.9,,produto_interno_sem_codigo_protheus,UNMAPPED,,False,,,,,,,,,,,,,,sem composicao alcancavel,,sem composicao alcancavel,,sem composicao alcancavel,False
tiktok,apice,1733030312818082900,,KIT073,kit_suspected,sku_prefix,False,in_scope,263.9,KIT073,bom_empirica_nf,CANDIDATE_REVIEW,apice,False,nf_empirica,pedido_marketplace,60,2026-09-21 16:42:00,5,5.0,0,0,5,0,0.15,250.5,212.92,,100.473,,,5 de 5 componente(s) sem saldo utilizavel,True
tiktok,apice,1735116033206420564,,VKN35230,kit_suspected,title,True,in_scope,79.9,,produto_interno_sem_codigo_protheus,UNMAPPED,,False,,,,,,,,,,,,,,sem composicao alcancavel,,sem composicao alcancavel,,sem composicao alcancavel,False
tiktok,apice,1735116033206420564,,VKN35232,kit_suspected,title,True,in_scope,79.9,VKN35232,bom_empirica_nf,CANDIDATE_REVIEW,apice,False,nf_empirica,pedido_marketplace,224,2026-08-08 04:49:20,2,2.0,1,0,2,0,0.05,,,1 componente(s) sem referencia B2B,26.6903,,,2 de 2 componente(s) sem saldo utilizavel,True
tiktok,apice,1733040986555647060,,KIT073,kit_suspected,sku_prefix,False,in_scope,263.9,KIT073,bom_empirica_nf,CANDIDATE_REVIEW,apice,False,nf_empirica,pedido_marketplace,60,2026-09-21 16:42:00,5,5.0,0,0,5,0,0.15,250.5,212.92,,100.473,,,5 de 5 componente(s) sem saldo utilizavel,True
tiktok,apice,1733040867153970260,,KIT072,kit_suspected,sku_prefix,False,in_scope,262.9,,codigo_nao_encontrado_em_nenhuma_ponte,UNMAPPED,,False,,,,,,,,,,,,,,sem composicao alcancavel,,sem composicao alcancavel,,sem composicao alcancavel,False
tiktok,apice,1732326902316500052,,KIT067,kit_suspected,sku_prefix,True,in_scope,220.9,,produto_interno_sem_codigo_protheus,UNMAPPED,,True,,,,,,,,,,,,,,sem composicao alcancavel,,sem composicao alcancavel,,sem composicao alcancavel,False
tiktok,apice,1732317132785353812,,KIT030,kit_suspected,sku_prefix,True,in_scope,570.9,,produto_interno_sem_codigo_protheus,UNMAPPED,,True,,,,,,,,,,,,,,sem composicao alcancavel,,sem composicao alcancavel,,sem composicao alcancavel,False
tiktok,apice,1732317376076547156,,KIT061,kit_suspected,sku_prefix,True,in_scope,307.9,,produto_interno_sem_codigo_protheus,UNMAPPED,,False,,,,,,,,,,,,,,sem composicao alcancavel,,sem composicao alcancavel,,sem composicao alcancavel,False
tiktok,apice,1732326641836655700,,KIT049,kit_suspected,sku_prefix,True,in_scope,256.9,,produto_interno_sem_codigo_protheus,UNMAPPED,,True,,,,,,,,,,,,,,sem composicao alcancavel,,sem composicao alcancavel,,sem composicao alcancavel,False
tiktok,apice,1732317096268301396,,KIT026,kit_suspected,sku_prefix,True,in_scope,415.9,KIT026,bom_empirica_nf,CANDIDATE_REVIEW,apice,True,nf_empirica,pedido_marketplace,22,2026-07-29 21:07:14,3,3.0,1,1,2,3,0.1,,,1 componente(s) sem referencia B2B,,1 componente(s) sem custo,,2 de 3 componente(s) sem saldo utilizavel,True
tiktok,apice,1732317111765271636,,KIT034,kit_suspected,sku_prefix,True,in_scope,309.9,,produto_interno_sem_codigo_protheus,UNMAPPED,,True,,,,,,,,,,,,,,sem composicao alcancavel,,sem composicao alcancavel,,sem composicao alcancavel,False
tiktok,apice,1732326858559882324,,KIT068,kit_suspected,sku_prefix,True,in_scope,116.9,,produto_interno_sem_codigo_protheus,UNMAPPED,,True,,,,,,,,,,,,,,sem composicao alcancavel,,sem composicao alcancavel,,sem composicao alcancavel,False
tiktok,apice,1732317312790725716,,KIT044,kit_suspected,sku_prefix,True,in_scope,646.9,,produto_interno_sem_codigo_protheus,UNMAPPED,,True,,,,,,,,,,,,,,sem composicao alcancavel,,sem composicao alcancavel,,sem composicao alcancavel,False
tiktok,apice,1732308782424556628,,KIT010,kit_suspected,sku_prefix,True,in_scope,440.9,KIT010,bom_empirica_nf,CANDIDATE_REVIEW,apice,True,nf_empirica,pedido_marketplace,4,2026-08-31 15:06:28,4,4.0,4,0,1,4,0.15,,,4 componente(s) sem referencia B2B,50.5686,,,1 de 4 componente(s) sem saldo utilizavel,True
tiktok,apice,1732317360197174356,,KIT060,kit_suspected,sku_prefix,True,in_scope,127.9,,produto_interno_sem_codigo_protheus,UNMAPPED,,True,,,,,,,,,,,,,,sem composicao alcancavel,,sem composicao alcancavel,,sem composicao alcancavel,False
tiktok,apice,1732317376430441556,,KIT063,kit_suspected,sku_prefix,True,in_scope,397.9,,produto_interno_sem_codigo_protheus,UNMAPPED,,True,,,,,,,,,,,,,,sem composicao alcancavel,,sem composicao alcancavel,,sem composicao alcancavel,False
tiktok,apice,1732317187114239060,,KIT036,kit_suspected,sku_prefix,True,in_scope,312.9,,produto_interno_sem_codigo_protheus,UNMAPPED,,True,,,,,,,,,,,,,,sem composicao alcancavel,,sem composicao alcancavel,,sem composicao alcancavel,False
tiktok,apice,1732317213486646356,,KIT032,kit_suspected,sku_prefix,True,in_scope,236.9,,produto_interno_sem_codigo_protheus,UNMAPPED,,True,,,,,,,,,,,,,,sem composicao alcancavel,,sem composicao alcancavel,,sem composicao alcancavel,False
tiktok,apice,1732326604608078932,,KIT051,kit_suspected,sku_prefix,True,in_scope,355.9,KIT051,bom_empirica_nf,CANDIDATE_REVIEW,apice,True,nf_empirica,pedido_marketplace,3,2026-09-12 13:03:21,2,2.0,1,0,1,2,0.05,,,1 componente(s) sem referencia B2B,30.2833,,,1 de 2 componente(s) sem saldo utilizavel,True
tiktok,apice,1732308745377449044,,KIT004,kit_suspected,sku_prefix,True,in_scope,306.9,KIT004,bom_empirica_nf,CANDIDATE_REVIEW,apice,True,nf_empirica,pedido_marketplace,168,2026-09-24 21:37:40,3,3.0,3,1,0,3,0.1,,,3 componente(s) sem referencia B2B,,1 componente(s) sem custo,7904,,True
tiktok,apice,1732317166733526100,,KIT042,kit_suspected,sku_prefix,True,in_scope,433.9,,produto_interno_sem_codigo_protheus,UNMAPPED,,False,,,,,,,,,,,,,,sem composicao alcancavel,,sem composicao alcancavel,,sem composicao alcancavel,False
tiktok,apice,1732326729170912340,,KIT055,kit_suspected,sku_prefix,True,in_scope,462.9,,produto_interno_sem_codigo_protheus,UNMAPPED,,False,,,,,,,,,,,,,,sem composicao alcancavel,,sem composicao alcancavel,,sem composicao alcancavel,False
tiktok,apice,1732317060177232980,,KIT024,kit_suspected,sku_prefix,True,in_scope,365.9,KIT024,bom_empirica_nf,CANDIDATE_REVIEW,apice,True,nf_empirica,pedido_marketplace,3,2026-07-14 06:18:47,3,3.0,3,1,2,3,0.1,,,3 componente(s) sem referencia B2B,,1 componente(s) sem custo,,2 de 3 componente(s) sem saldo utilizavel,True
tiktok,apice,1732316840085980244,,KIT012,kit_suspected,sku_prefix,True,in_scope,385.9,KIT012,bom_empirica_nf,CANDIDATE_REVIEW,apice,True,nf_empirica,pedido_marketplace,3,2026-09-13 19:53:11,4,4.0,3,0,2,4,0.15,,,3 componente(s) sem referencia B2B,39.5235,,,2 de 4 componente(s) sem saldo utilizavel,True
tiktok,apice,1732317023777686612,,KIT018,kit_suspected,sku_prefix,True,in_scope,387.9,,produto_interno_sem_codigo_protheus,UNMAPPED,,True,,,,,,,,,,,,,,sem composicao alcancavel,,sem composicao alcancavel,,sem composicao alcancavel,False
tiktok,apice,1732317369363498068,,KIT070,kit_suspected,sku_prefix,False,in_scope,263.9,KIT070,bom_empirica_nf,CANDIDATE_REVIEW,apice,True,nf_empirica,pedido_marketplace,540,2026-09-24 22:16:02,5,5.0,0,0,5,0,0.15,250.5,212.92,,42.9289,,,5 de 5 componente(s) sem saldo utilizavel,True
tiktok,apice,1732317306437862484,,KIT043,kit_suspected,sku_prefix,True,in_scope,403.9,,produto_interno_sem_codigo_protheus,UNMAPPED,,True,,,,,,,,,,,,,,sem composicao alcancavel,,sem composicao alcancavel,,sem composicao alcancavel,False
tiktok,apice,1732317020218426452,,KIT029,kit_suspected,sku_prefix,False,in_scope,323.9,KIT029,bom_empirica_nf,CANDIDATE_REVIEW,apice,True,nf_empirica,pedido_marketplace,45,2026-09-22 09:36:46,6,6.0,0,0,6,0,0.15,320.4,272.34,,112.343,,,6 de 6 componente(s) sem saldo utilizavel,True
tiktok,apice,1732316907327882324,,KIT016,kit_suspected,sku_prefix,True,in_scope,299.9,KIT016,bom_empirica_nf,CANDIDATE_REVIEW,apice,True,nf_empirica,pedido_marketplace,1,2026-09-22 02:11:13,4,4.0,4,1,0,4,0.15,,,4 componente(s) sem referencia B2B,,1 componente(s) sem custo,854,,True
tiktok,apice,1732308738407957588,,KIT002,kit_suspected,sku_prefix,True,in_scope,232.9,KIT002,bom_empirica_nf,CANDIDATE_REVIEW,apice,True,nf_empirica,pedido_marketplace,4,2026-07-26 13:15:02,2,2.0,1,1,0,2,0.05,,,1 componente(s) sem referencia B2B,,1 componente(s) sem custo,435,,True
tiktok,apice,1732317377084752980,,KIT065,kit_suspected,sku_prefix,True,in_scope,177.9,,produto_interno_sem_codigo_protheus,UNMAPPED,,True,,,,,,,,,,,,,,sem composicao alcancavel,,sem composicao alcancavel,,sem composicao alcancavel,False
tiktok,apice,1732326723847619668,,KIT053,kit_suspected,sku_prefix,True,in_scope,403.9,,produto_interno_sem_codigo_protheus,UNMAPPED,,True,,,,,,,,,,,,,,sem composicao alcancavel,,sem composicao alcancavel,,sem composicao alcancavel,False
tiktok,apice,1732326735715796052,,KIT059,kit_suspected,sku_prefix,True,in_scope,513.9,,produto_interno_sem_codigo_protheus,UNMAPPED,,True,,,,,,,,,,,,,,sem composicao alcancavel,,sem composicao alcancavel,,sem composicao alcancavel,False
tiktok,apice,1732308628966245460,,KIT006,kit_suspected,sku_prefix,True,in_scope,310.9,KIT006,bom_empirica_nf,CANDIDATE_REVIEW,apice,True,nf_empirica,pedido_marketplace,2,2026-09-20 20:40:44,4,4.0,2,1,2,4,0.15,,,2 componente(s) sem referencia B2B,,1 componente(s) sem custo,,2 de 4 componente(s) sem saldo utilizavel,True
tiktok,apice,1732317117386556500,,KIT040,kit_suspected,sku_prefix,True,in_scope,287.9,,produto_interno_sem_codigo_protheus,UNMAPPED,,True,,,,,,,,,,,,,,sem composicao alcancavel,,sem composicao alcancavel,,sem composicao alcancavel,False
tiktok,apice,1732317091847504980,,KIT020,kit_suspected,sku_prefix,True,in_scope,396.9,KIT020,bom_empirica_nf,CANDIDATE_REVIEW,apice,True,nf_empirica,pedido_marketplace,1,2026-07-08 17:03:37,3,3.0,2,1,0,3,0.1,,,2 componente(s) sem referencia B2B,,1 componente(s) sem custo,915,,True
tiktok,apice,1732317416519992404,,KIT064,kit_suspected,sku_prefix,True,in_scope,262.9,,produto_interno_sem_codigo_protheus,UNMAPPED,,True,,,,,,,,,,,,,,sem composicao alcancavel,,sem composicao alcancavel,,sem composicao alcancavel,False
tiktok,apice,1732317245953246292,,KIT038,kit_suspected,sku_prefix,True,in_scope,359.9,,produto_interno_sem_codigo_protheus,UNMAPPED,,True,,,,,,,,,,,,,,sem composicao alcancavel,,sem composicao alcancavel,,sem composicao alcancavel,False
tiktok,apice,1732317146660045908,,KIT022,kit_suspected,sku_prefix,True,in_scope,355.9,KIT022,bom_empirica_nf,CANDIDATE_REVIEW,apice,True,nf_empirica,pedido_marketplace,1,2026-07-29 14:55:55,6,6.0,1,0,4,3,0.15,,,1 componente(s) sem referencia B2B,76.5855,,,4 de 6 componente(s) sem saldo utilizavel,True
tiktok,apice,1732326730998776916,,KIT057,kit_suspected,sku_prefix,True,in_scope,447.9,KIT057,bom_empirica_nf,CANDIDATE_REVIEW,apice,True,nf_empirica,pedido_marketplace,3,2026-07-23 08:50:27,3,3.0,1,1,1,3,0.1,,,1 componente(s) sem referencia B2B,,1 componente(s) sem custo,,1 de 3 componente(s) sem saldo utilizavel,True
tiktok,apice,1732308615371785300,,kit002,kit_suspected,sku_prefix,False,in_scope,287.9,KIT002,bom_empirica_nf,CANDIDATE_REVIEW,apice,True,nf_empirica,pedido_marketplace,4,2026-07-26 13:15:02,2,2.0,1,1,0,2,0.05,,,1 componente(s) sem referencia B2B,,1 componente(s) sem custo,435,,True
tiktok,apice,1732326667716691028,,KIT069,kit_suspected,sku_prefix,False,in_scope,285.9,KIT069,bom_empirica_nf,CANDIDATE_REVIEW,apice,True,nf_empirica,pedido_marketplace,11,2026-09-22 11:45:20,5,5.0,0,0,5,0,0.15,250.5,212.92,,66.2404,,,5 de 5 componente(s) sem saldo utilizavel,True
tiktok,apice,1732308791752426580,,KIT008,kit_suspected,sku_prefix,True,in_scope,363.9,KIT008,bom_empirica_nf,CANDIDATE_REVIEW,apice,True,nf_empirica,pedido_marketplace,3,2026-09-24 10:44:32,10,10.0,5,0,8,2,0.15,,,5 componente(s) sem referencia B2B,123.2273,,,8 de 10 componente(s) sem saldo utilizavel,True
tiktok,apice,1732317223805617236,,KIT039,kit_suspected,sku_prefix,True,in_scope,150.9,,produto_interno_sem_codigo_protheus,UNMAPPED,,True,,,,,,,,,,,,,,sem composicao alcancavel,,sem composicao alcancavel,,sem composicao alcancavel,False
tiktok,apice,1732316902936314964,,KIT014,kit_suspected,sku_prefix,True,in_scope,270.9,KIT014,bom_empirica_nf,CANDIDATE_REVIEW,apice,True,nf_empirica,pedido_marketplace,1,2026-07-12 10:43:07,2,2.0,2,0,0,2,0.05,,,2 componente(s) sem referencia B2B,15.5714,,438,,True
tiktok,apice,1732317415925515348,,KIT062,kit_suspected,sku_prefix,True,in_scope,199.9,,produto_interno_sem_codigo_protheus,UNMAPPED,,False,,,,,,,,,,,,,,sem composicao alcancavel,,sem composicao alcancavel,,sem composicao alcancavel,False
tiktok,apice,1732317022635394132,,kit013,kit_suspected,sku_prefix,False,in_scope,123.9,KIT013,bom_empirica_nf,CANDIDATE_REVIEW,apice,True,nf_empirica,pedido_marketplace,43,2026-09-10 12:57:56,2,2.0,0,0,2,0,0.05,99.8,94.81,,40.8647,,,2 de 2 componente(s) sem saldo utilizavel,True
tiktok,apice,1736693690795263060,,,kit_suspected,title,False,in_scope,,,sem_seller_sku,UNMAPPED,,False,,,,,,,,,,,,,,sem composicao alcancavel,,sem composicao alcancavel,,sem composicao alcancavel,False
tiktok,apice,1733018642143609940,,KIT062,kit_suspected,sku_prefix,False,in_scope,159.9,,produto_interno_sem_codigo_protheus,UNMAPPED,,False,,,,,,,,,,,,,,sem composicao alcancavel,,sem composicao alcancavel,,sem composicao alcancavel,False
tiktok,apice,1733921601432486996,,,kit_suspected,title,False,in_scope,,,sem_seller_sku,UNMAPPED,,False,,,,,,,,,,,,,,sem composicao alcancavel,,sem composicao alcancavel,,sem composicao alcancavel,False
tiktok,apice,1732326831445410900,,kit0056,kit_suspected,sku_prefix,False,in_scope,245.9,,codigo_nao_encontrado_em_nenhuma_ponte,UNMAPPED,,False,,,,,,,,,,,,,,sem composicao alcancavel,,sem composicao alcancavel,,sem composicao alcancavel,False
tiktok,barbours,1734252875929847204,,Kit122,kit_suspected,sku_prefix,True,in_scope,328.0,,produto_interno_sem_codigo_protheus,UNMAPPED,,False,,,,,,,,,,,,,,sem composicao alcancavel,,sem composicao alcancavel,,sem composicao alcancavel,False
tiktok,barbours,1736912625455105444,,KIT163,kit_suspected,sku_prefix,False,in_scope,199.9,,produto_interno_sem_codigo_protheus,UNMAPPED,,False,,,,,,,,,,,,,,sem composicao alcancavel,,sem composicao alcancavel,,sem composicao alcancavel,False
tiktok,barbours,1734826483427804580,,Kit130,kit_suspected,sku_prefix,False,in_scope,108.86,KIT130,bom_empirica_nf,CANDIDATE_REVIEW,barbours,False,nf_empirica,pedido_marketplace,6,2026-08-11 16:01:40,2,2.0,1,0,0,1,0.05,,,1 componente(s) sem referencia B2B,30.136,,1562,,True
tiktok,barbours,1732661645567493540,,Kit106,kit_suspected,sku_prefix,False,in_scope,100.0,,produto_interno_sem_codigo_protheus,UNMAPPED,,False,,,,,,,,,,,,,,sem composicao alcancavel,,sem composicao alcancavel,,sem composicao alcancavel,False
tiktok,barbours,1731981766444418468,,Kit044,kit_suspected,sku_prefix,False,in_scope,186.0,,produto_interno_sem_codigo_protheus,UNMAPPED,,False,,,,,,,,,,,,,,sem composicao alcancavel,,sem composicao alcancavel,,sem composicao alcancavel,False
tiktok,barbours,1732006586848216484,,Kit070,kit_suspected,sku_prefix,False,in_scope,100.0,KIT070,bom_empirica_nf,CANDIDATE_REVIEW,barbours,False,nf_empirica,pedido_marketplace,540,2026-09-24 22:16:02,5,5.0,0,0,5,5,0.15,250.5,212.92,,42.9289,,,5 de 5 componente(s) sem saldo utilizavel,True
tiktok,barbours,1733287109941429668,,Kit113,kit_suspected,sku_prefix,False,in_scope,157.0,KIT113,bom_empirica_nf,CANDIDATE_REVIEW,barbours,False,nf_empirica,pedido_marketplace,39,2026-07-30 10:49:01,3,3.0,0,0,3,0,0.1,164.7,148.23,,26.9896,,,3 de 3 componente(s) sem saldo utilizavel,True
tiktok,barbours,1732006494560159140,,Kit061,kit_suspected,sku_prefix,False,in_scope,186.0,,produto_interno_sem_codigo_protheus,UNMAPPED,,True,,,,,,,,,,,,,,sem composicao alcancavel,,sem composicao alcancavel,,sem composicao alcancavel,False
tiktok,barbours,1731981666729624996,,Kit078,kit_suspected,sku_prefix,False,in_scope,157.0,KIT078,bom_empirica_nf,CANDIDATE_REVIEW,barbours,False,nf_empirica,pedido_marketplace,2,2026-09-22 10:52:27,4,4.0,0,0,4,4,0.15,216.6,184.11,,49.435,,,4 de 4 componente(s) sem saldo utilizavel,True
tiktok,barbours,1731981604082189732,,Kit036,kit_suspected,sku_prefix,False,in_scope,200.0,,produto_interno_sem_codigo_protheus,UNMAPPED,,False,,,,,,,,,,,,,,sem composicao alcancavel,,sem composicao alcancavel,,sem composicao alcancavel,False
tiktok,barbours,1731981649958176164,,Kit079,kit_suspected,sku_prefix,False,in_scope,157.0,,produto_interno_sem_codigo_protheus,UNMAPPED,,True,,,,,,,,,,,,,,sem composicao alcancavel,,sem composicao alcancavel,,sem composicao alcancavel,False
tiktok,barbours,1731981724674524580,,Kit091,kit_suspected,sku_prefix,False,in_scope,113.0,KIT091,bom_empirica_nf,CANDIDATE_REVIEW,barbours,False,nf_empirica,pedido_marketplace,39,2026-09-23 12:54:18,2,2.0,0,0,2,2,0.05,102.8,97.66,,34.0343,,,2 de 2 componente(s) sem saldo utilizavel,True
tiktok,barbours,1731981722141361572,,Kit086,kit_suspected,sku_prefix,False,in_scope,100.0,KIT086,bom_empirica_nf,CANDIDATE_REVIEW,barbours,True,nf_empirica,pedido_marketplace,38,2026-09-24 20:55:48,2,2.0,0,0,2,2,0.05,96.46,91.64,,15.5797,,,2 de 2 componente(s) sem saldo utilizavel,True
tiktok,barbours,1732006588619261348,,Kit072,kit_suspected,sku_prefix,False,in_scope,200.0,,codigo_nao_encontrado_em_nenhuma_ponte,UNMAPPED,,False,,,,,,,,,,,,,,sem composicao alcancavel,,sem composicao alcancavel,,sem composicao alcancavel,False
tiktok,barbours,1732635847668368804,,Kit100,kit_suspected,sku_prefix,False,in_scope,113.0,KIT100,bom_empirica_nf,CANDIDATE_REVIEW,barbours,False,nf_empirica,pedido_marketplace,5,2026-09-24 13:40:42,2,2.0,2,2,2,2,0.05,,,2 componente(s) sem referencia B2B,,2 componente(s) sem custo,,2 de 2 componente(s) sem saldo utilizavel,True
tiktok,barbours,1732006649025824164,,Kit074,kit_suspected,sku_prefix,False,in_scope,113.0,KIT074,bom_empirica_nf,CANDIDATE_REVIEW,barbours,False,nf_empirica,pedido_marketplace,148,2026-09-24 18:48:49,2,2.0,0,0,2,2,0.05,100.8,95.76,,38.79,,,2 de 2 componente(s) sem saldo utilizavel,True
tiktok,barbours,1732006576817866148,,Kit067,kit_suspected,sku_prefix,False,in_scope,228.0,,produto_interno_sem_codigo_protheus,UNMAPPED,,False,,,,,,,,,,,,,,sem composicao alcancavel,,sem composicao alcancavel,,sem composicao alcancavel,False
tiktok,barbours,1731981755806287268,,Kit090,kit_suspected,sku_prefix,False,in_scope,113.0,KIT090,bom_empirica_nf,CANDIDATE_REVIEW,barbours,False,nf_empirica,pedido_marketplace,45,2026-09-24 16:24:37,2,2.0,0,0,2,2,0.05,102.8,97.66,,22.121,,,2 de 2 componente(s) sem saldo utilizavel,True
tiktok,barbours,1732006649865209252,,Kit076,kit_suspected,sku_prefix,False,in_scope,113.0,,codigo_nao_encontrado_em_nenhuma_ponte,UNMAPPED,,False,,,,,,,,,,,,,,sem composicao alcancavel,,sem composicao alcancavel,,sem composicao alcancavel,False
tiktok,barbours,1732006493522789796,,Kit060,kit_suspected,sku_prefix,False,in_scope,228.0,,produto_interno_sem_codigo_protheus,UNMAPPED,,False,,,,,,,,,,,,,,sem composicao alcancavel,,sem composicao alcancavel,,sem composicao alcancavel,False
tiktok,barbours,1732635897689507236,,Kit101,kit_suspected,sku_prefix,False,in_scope,113.0,,produto_interno_sem_codigo_protheus,UNMAPPED,,False,,,,,,,,,,,,,,sem composicao alcancavel,,sem composicao alcancavel,,sem composicao alcancavel,False
tiktok,barbours,1732006497207354788,,Kit063,kit_suspected,sku_prefix,False,in_scope,57.0,,produto_interno_sem_codigo_protheus,UNMAPPED,,False,,,,,,,,,,,,,,sem composicao alcancavel,,sem composicao alcancavel,,sem composicao alcancavel,False
tiktok,barbours,1731981651202180516,,Kit082,kit_suspected,sku_prefix,False,in_scope,157.0,,produto_interno_sem_codigo_protheus,UNMAPPED,,True,,,,,,,,,,,,,,sem composicao alcancavel,,sem composicao alcancavel,,sem composicao alcancavel,False
tiktok,barbours,1731981728906184100,,Kit046,kit_suspected,sku_prefix,False,in_scope,228.0,KIT046,bom_empirica_nf,CANDIDATE_REVIEW,barbours,False,nf_empirica,pedido_marketplace,48,2026-09-23 19:26:21,3,3.0,1,0,3,3,0.1,,,1 componente(s) sem referencia B2B,28.2383,,,3 de 3 componente(s) sem saldo utilizavel,True
tiktok,barbours,1732006562395096484,,Kit065,kit_suspected,sku_prefix,False,in_scope,171.0,,produto_interno_sem_codigo_protheus,UNMAPPED,,False,,,,,,,,,,,,,,sem composicao alcancavel,,sem composicao alcancavel,,sem composicao alcancavel,False
tiktok,barbours,1732006612111033764,,Kit069,kit_suspected,sku_prefix,False,in_scope,100.0,KIT069,bom_empirica_nf,CANDIDATE_REVIEW,barbours,False,nf_empirica,pedido_marketplace,11,2026-09-22 11:45:20,5,5.0,0,0,5,5,0.15,250.5,212.92,,66.2404,,,5 de 5 componente(s) sem saldo utilizavel,True
tiktok,barbours,1732006621000598948,,Kit073,kit_suspected,sku_prefix,False,in_scope,113.0,KIT073,bom_empirica_nf,CANDIDATE_REVIEW,barbours,False,nf_empirica,pedido_marketplace,60,2026-09-21 16:42:00,5,5.0,0,0,5,5,0.15,250.5,212.92,,100.473,,,5 de 5 componente(s) sem saldo utilizavel,True
tiktok,barbours,1731981594496173476,,Kit034,kit_suspected,sku_prefix,True,in_scope,157.0,,produto_interno_sem_codigo_protheus,UNMAPPED,,False,,,,,,,,,,,,,,sem composicao alcancavel,,sem composicao alcancavel,,sem composicao alcancavel,False
tiktok,barbours,1731981769415361956,,Kit047,kit_suspected,sku_prefix,False,in_scope,228.0,KIT047,bom_empirica_nf,CANDIDATE_REVIEW,barbours,True,nf_empirica,pedido_marketplace,13,2026-09-04 21:50:02,3,3.0,0,0,3,3,0.1,179.7,161.73,,30.7383,,,3 de 3 componente(s) sem saldo utilizavel,True
tiktok,barbours,1731981571907487140,,Kit035,kit_suspected,sku_prefix,False,in_scope,200.0,KIT035,bom_empirica_nf,CANDIDATE_REVIEW,barbours,False,nf_empirica,pedido_marketplace,130,2026-09-24 23:17:50,3,3.0,0,0,3,3,0.1,149.7,134.73,,22.91,,,3 de 3 componente(s) sem saldo utilizavel,True
tiktok,barbours,1732267371660215716,,Kit097,kit_suspected,sku_prefix,False,in_scope,113.0,KIT097,bom_empirica_nf,CANDIDATE_REVIEW,barbours,False,nf_empirica,pedido_marketplace,6,2026-09-21 16:31:40,3,3.0,3,3,3,3,0.1,,,3 componente(s) sem referencia B2B,,3 componente(s) sem custo,,3 de 3 componente(s) sem saldo utilizavel,True
tiktok,barbours,1732006555781662116,,Kit066,kit_suspected,sku_prefix,False,in_scope,228.0,KIT066,bom_empirica_nf,CANDIDATE_REVIEW,barbours,False,nf_empirica,pedido_marketplace,143,2026-09-24 14:50:02,3,3.0,0,0,3,3,0.1,149.7,134.73,,37.26,,,3 de 3 componente(s) sem saldo utilizavel,True
tiktok,barbours,1732006649436341668,,Kit075,kit_suspected,sku_prefix,False,in_scope,113.0,KIT075,bom_empirica_nf,CANDIDATE_REVIEW,barbours,False,nf_empirica,pedido_marketplace,7,2026-09-18 06:49:09,2,2.0,0,0,2,2,0.05,100.8,95.76,,28.422,,,2 de 2 componente(s) sem saldo utilizavel,True
tiktok,barbours,1732661606959449508,,Kit105,kit_suspected,sku_prefix,False,in_scope,100.0,KIT105,bom_empirica_nf,CANDIDATE_REVIEW,barbours,False,nf_empirica,pedido_marketplace,3,2026-07-17 12:58:46,2,2.0,2,1,1,1,0.05,,,2 componente(s) sem referencia B2B,,1 componente(s) sem custo,,1 de 2 componente(s) sem saldo utilizavel,True
tiktok,barbours,1731981723956446628,,Kit089,kit_suspected,sku_prefix,False,in_scope,113.0,KIT089,bom_empirica_nf,CANDIDATE_REVIEW,barbours,True,nf_empirica,pedido_marketplace,8,2026-09-21 07:03:34,2,2.0,0,0,2,2,0.05,102.8,97.66,,21.281,,,2 de 2 componente(s) sem saldo utilizavel,True
tiktok,barbours,1732006491374978468,,Kit059,kit_suspected,sku_prefix,False,in_scope,228.0,,produto_interno_sem_codigo_protheus,UNMAPPED,,False,,,,,,,,,,,,,,sem composicao alcancavel,,sem composicao alcancavel,,sem composicao alcancavel,False
tiktok,barbours,1731981732416226724,,Kit052,kit_suspected,sku_prefix,False,in_scope,113.0,KIT052,bom_empirica_nf,CANDIDATE_REVIEW,barbours,False,nf_empirica,pedido_marketplace,9,2026-07-31 13:26:27,3,3.0,0,0,3,3,0.1,149.7,134.73,,37.8184,,,3 de 3 componente(s) sem saldo utilizavel,True
tiktok,barbours,1732267411965576612,,Kit098,kit_suspected,sku_prefix,False,in_scope,113.0,,produto_interno_sem_codigo_protheus,UNMAPPED,,False,,,,,,,,,,,,,,sem composicao alcancavel,,sem composicao alcancavel,,sem composicao alcancavel,False
tiktok,barbours,1732267328758056356,,Kit095,kit_suspected,sku_prefix,False,in_scope,157.0,,produto_interno_sem_codigo_protheus,UNMAPPED,,False,,,,,,,,,,,,,,sem composicao alcancavel,,sem composicao alcancavel,,sem composicao alcancavel,False
tiktok,denavita,1732104983717840859,,DVTONS03-1,kit_suspected,title,True,out_of_business_scope,335.9,,produto_interno_sem_codigo_protheus,UNMAPPED,,False,,,,,,,,,,,,,,sem composicao alcancavel,,sem composicao alcancavel,,sem composicao alcancavel,False
tiktok,barbours,1731981673496020388,,Kit080,kit_suspected,sku_prefix,False,in_scope,157.0,KIT080,bom_empirica_nf,CANDIDATE_REVIEW,barbours,True,nf_empirica,pedido_marketplace,5,2026-09-14 12:27:45,5,5.0,2,1,5,5,0.15,,,2 componente(s) sem referencia B2B,,1 componente(s) sem custo,,5 de 5 componente(s) sem saldo utilizavel,True
tiktok,barbours,1731981764671210916,,Kit092,kit_suspected,sku_prefix,False,in_scope,113.0,KIT092,bom_empirica_nf,CANDIDATE_REVIEW,barbours,False,nf_empirica,pedido_marketplace,53,2026-09-24 16:03:14,2,2.0,1,0,2,2,0.05,,,1 componente(s) sem referencia B2B,24.406,,,2 de 2 componente(s) sem saldo utilizavel,True
tiktok,barbours,1731981728038552996,,Kit042,kit_suspected,sku_prefix,False,in_scope,113.0,,produto_interno_sem_codigo_protheus,UNMAPPED,,True,,,,,,,,,,,,,,sem composicao alcancavel,,sem composicao alcancavel,,sem composicao alcancavel,False
tiktok,barbours,1731981764276815268,,Kit094,kit_suspected,sku_prefix,False,in_scope,113.0,KIT094,bom_empirica_nf,CANDIDATE_REVIEW,barbours,False,nf_empirica,pedido_marketplace,28,2026-09-24 16:55:25,5,5.0,1,1,5,5,0.15,,,1 componente(s) sem referencia B2B,,1 componente(s) sem custo,,5 de 5 componente(s) sem saldo utilizavel,True
tiktok,barbours,1732006603883840932,,Kit071,kit_suspected,sku_prefix,False,in_scope,171.0,KIT071,bom_empirica_nf,CANDIDATE_REVIEW,barbours,False,nf_empirica,pedido_marketplace,15,2026-09-21 07:04:54,5,5.0,0,0,5,5,0.15,250.5,212.92,,40.7134,,,5 de 5 componente(s) sem saldo utilizavel,True
tiktok,barbours,1732944417775977892,,Kit109,kit_suspected,sku_prefix,False,in_scope,156.9,KIT109,bom_empirica_nf,CANDIDATE_REVIEW,barbours,False,nf_empirica,pedido_marketplace,1,2026-08-11 12:38:14,3,3.0,1,0,0,1,0.1,,,1 componente(s) sem referencia B2B,38.0427,,435,,True
tiktok,barbours,1731981602329757092,,Kit035,kit_suspected,sku_prefix,False,in_scope,169.9,KIT035,bom_empirica_nf,CANDIDATE_REVIEW,barbours,False,nf_empirica,pedido_marketplace,130,2026-09-24 23:17:50,3,3.0,0,0,3,3,0.1,149.7,134.73,,22.91,,,3 de 3 componente(s) sem saldo utilizavel,True
tiktok,barbours,1731981615667512740,,Kit038,kit_suspected,sku_prefix,False,in_scope,200.0,,produto_interno_sem_codigo_protheus,UNMAPPED,,False,,,,,,,,,,,,,,sem composicao alcancavel,,sem composicao alcancavel,,sem composicao alcancavel,False
tiktok,barbours,1732622839462266276,,Kit099,kit_suspected,sku_prefix,True,in_scope,113.0,,produto_interno_sem_codigo_protheus,UNMAPPED,,False,,,,,,,,,,,,,,sem composicao alcancavel,,sem composicao alcancavel,,sem composicao alcancavel,False
tiktok,barbours,1732267364682204580,,Kit096,kit_suspected,sku_prefix,False,in_scope,157.0,KIT096,bom_empirica_nf,CANDIDATE_REVIEW,barbours,False,nf_empirica,pedido_marketplace,94,2026-09-24 14:18:59,2,2.0,0,0,2,2,0.05,100.8,95.76,,20.0189,,,2 de 2 componente(s) sem saldo utilizavel,True
tiktok,barbours,1731981650904778148,,Kit081,kit_suspected,sku_prefix,False,in_scope,157.0,KIT081,bom_empirica_nf,CANDIDATE_REVIEW,barbours,True,nf_empirica,pedido_marketplace,3,2026-09-22 21:27:59,6,6.0,2,1,6,6,0.15,,,2 componente(s) sem referencia B2B,,1 componente(s) sem custo,,6 de 6 componente(s) sem saldo utilizavel,True
tiktok,barbours,1731981639673284004,,Kit077,kit_suspected,sku_prefix,False,in_scope,157.0,,codigo_nao_encontrado_em_nenhuma_ponte,UNMAPPED,,False,,,,,,,,,,,,,,sem composicao alcancavel,,sem composicao alcancavel,,sem composicao alcancavel,False
tiktok,barbours,1732006550393161124,,Kit064,kit_suspected,sku_prefix,False,in_scope,100.0,,produto_interno_sem_codigo_protheus,UNMAPPED,,False,,,,,,,,,,,,,,sem composicao alcancavel,,sem composicao alcancavel,,sem composicao alcancavel,False
tiktok,barbours,1731981730840872356,,Kit048,kit_suspected,sku_prefix,False,in_scope,113.0,KIT048,bom_empirica_nf,CANDIDATE_REVIEW,barbours,False,nf_empirica,pedido_marketplace,5,2026-09-24 23:11:28,5,5.0,1,1,4,2,0.15,,,1 componente(s) sem referencia B2B,,1 componente(s) sem custo,,4 de 5 componente(s) sem saldo utilizavel,True
tiktok,apice,1732317372928722004,,KIT047,kit_suspected,sku_prefix,True,in_scope,226.9,KIT047,bom_empirica_nf,CANDIDATE_REVIEW,apice,False,nf_empirica,pedido_marketplace,13,2026-09-04 21:50:02,3,3.0,0,0,3,0,0.1,179.7,161.73,,30.7383,,,3 de 3 componente(s) sem saldo utilizavel,True
tiktok,barbours,1731981728239158692,,Kit043,kit_suspected,sku_prefix,False,in_scope,113.0,,produto_interno_sem_codigo_protheus,UNMAPPED,,False,,,,,,,,,,,,,,sem composicao alcancavel,,sem composicao alcancavel,,sem composicao alcancavel,False
tiktok,barbours,1731981668399547812,,Kit083,kit_suspected,sku_prefix,False,in_scope,100.0,,produto_interno_sem_codigo_protheus,UNMAPPED,,True,,,,,,,,,,,,,,sem composicao alcancavel,,sem composicao alcancavel,,sem composicao alcancavel,False
tiktok,barbours,1731981723660486052,,Kit087,kit_suspected,sku_prefix,False,in_scope,100.0,KIT087,bom_empirica_nf,CANDIDATE_REVIEW,barbours,False,nf_empirica,pedido_marketplace,7,2026-09-23 21:08:47,4,4.0,0,0,4,4,0.15,202.24,171.9,,37.876,,,4 de 4 componente(s) sem saldo utilizavel,True
tiktok,barbours,1732006436979443108,,Kit057,kit_suspected,sku_prefix,False,in_scope,157.0,KIT057,bom_empirica_nf,CANDIDATE_REVIEW,barbours,False,nf_empirica,pedido_marketplace,3,2026-07-23 08:50:27,3,3.0,1,1,1,1,0.1,,,1 componente(s) sem referencia B2B,,1 componente(s) sem custo,,1 de 3 componente(s) sem saldo utilizavel,True
tiktok,barbours,1731981727100994980,,Kit093,kit_suspected,sku_prefix,True,in_scope,113.0,KIT093,bom_empirica_nf,CANDIDATE_REVIEW,barbours,False,nf_empirica,pedido_marketplace,3,2026-09-14 12:24:17,2,2.0,1,1,2,2,0.05,,,1 componente(s) sem referencia B2B,,1 componente(s) sem custo,,2 de 2 componente(s) sem saldo utilizavel,True
tiktok,barbours,1731981722563872164,,Kit085,kit_suspected,sku_prefix,False,in_scope,100.0,KIT085,bom_empirica_nf,CANDIDATE_REVIEW,barbours,True,nf_empirica,pedido_marketplace,4,2026-09-14 12:09:06,3,3.0,0,0,3,3,0.1,155.02,139.52,,29.8933,,,3 de 3 componente(s) sem saldo utilizavel,True
tiktok,barbours,1731981616601925028,,Kit039,kit_suspected,sku_prefix,False,in_scope,200.0,,produto_interno_sem_codigo_protheus,UNMAPPED,,False,,,,,,,,,,,,,,sem composicao alcancavel,,sem composicao alcancavel,,sem composicao alcancavel,False
tiktok,barbours,1731981631812961700,,Kit041,kit_suspected,sku_prefix,True,in_scope,157.0,KIT041,bom_empirica_nf,CANDIDATE_REVIEW,barbours,False,nf_empirica,pedido_marketplace,5,2026-09-24 22:06:35,7,7.0,2,1,4,6,0.15,,,2 componente(s) sem referencia B2B,,1 componente(s) sem custo,,4 de 7 componente(s) sem saldo utilizavel,True
tiktok,barbours,1732635964607006116,,Kit104,kit_suspected,sku_prefix,True,in_scope,113.0,KIT104,bom_empirica_nf,CANDIDATE_REVIEW,barbours,False,nf_empirica,pedido_marketplace,2,2026-07-14 06:21:33,3,3.0,3,0,1,1,0.1,,,3 componente(s) sem referencia B2B,53.1358,,,1 de 3 componente(s) sem saldo utilizavel,True
tiktok,barbours,1732006584657020324,,Kit068,kit_suspected,sku_prefix,False,in_scope,57.0,,produto_interno_sem_codigo_protheus,UNMAPPED,,False,,,,,,,,,,,,,,sem composicao alcancavel,,sem composicao alcancavel,,sem composicao alcancavel,False
tiktok,barbours,1732006495934645668,,Kit062,kit_suspected,sku_prefix,False,in_scope,186.0,,produto_interno_sem_codigo_protheus,UNMAPPED,,True,,,,,,,,,,,,,,sem composicao alcancavel,,sem composicao alcancavel,,sem composicao alcancavel,False
tiktok,barbours,1731981721732285860,,Kit084,kit_suspected,sku_prefix,False,in_scope,100.0,KIT084,bom_empirica_nf,CANDIDATE_REVIEW,barbours,False,nf_empirica,pedido_marketplace,45,2026-09-21 06:51:01,2,2.0,0,0,2,2,0.05,108.8,103.36,,32.3736,,,2 de 2 componente(s) sem saldo utilizavel,True
tiktok,barbours,1731981755512358308,,Kit088,kit_suspected,sku_prefix,False,in_scope,100.0,KIT088,bom_empirica_nf,CANDIDATE_REVIEW,barbours,True,nf_empirica,pedido_marketplace,49,2026-09-24 22:32:53,5,5.0,0,0,5,5,0.15,292.5,248.62,,49.5018,,,5 de 5 componente(s) sem saldo utilizavel,True
tiktok,barbours,1731981580015535524,,Kit033,kit_suspected,sku_prefix,False,in_scope,157.0,KIT033,bom_empirica_nf,CANDIDATE_REVIEW,barbours,False,nf_empirica,pedido_marketplace,6,2026-09-09 21:00:51,3,3.0,0,0,3,3,0.1,145.7,131.13,,21.1172,,,3 de 3 componente(s) sem saldo utilizavel,True
tiktok,barbours,1731981767380141476,,Kit045,kit_suspected,sku_prefix,False,in_scope,186.0,KIT045,bom_empirica_nf,CANDIDATE_REVIEW,barbours,False,nf_empirica,pedido_marketplace,4,2026-09-09 23:44:40,2,2.0,0,0,2,2,0.05,99.8,94.81,,17.0483,,,2 de 2 componente(s) sem saldo utilizavel,True
tiktok,barbours,1731981607884981668,,Kit037,kit_suspected,sku_prefix,False,in_scope,200.0,KIT037,bom_empirica_nf,CANDIDATE_REVIEW,barbours,False,nf_empirica,pedido_marketplace,167,2026-09-24 12:04:19,3,3.0,0,0,3,3,0.1,154.7,139.23,,28.5917,,,3 de 3 componente(s) sem saldo utilizavel,True
tiktok,barbours,1731981570320139684,,Kit032,kit_suspected,sku_prefix,False,in_scope,157.0,,produto_interno_sem_codigo_protheus,UNMAPPED,,False,,,,,,,,,,,,,,sem composicao alcancavel,,sem composicao alcancavel,,sem composicao alcancavel,False
tiktok,barbours,1731980379217823140,,Kit007,kit_suspected,sku_prefix,False,in_scope,113.0,KIT007,bom_empirica_nf,CANDIDATE_REVIEW,barbours,True,nf_empirica,pedido_marketplace,12,2026-09-23 15:10:35,5,5.0,2,0,3,5,0.15,,,2 componente(s) sem referencia B2B,40.866,,,3 de 5 componente(s) sem saldo utilizavel,True
tiktok,barbours,1731981413829412260,,Kit027,kit_suspected,sku_prefix,False,in_scope,257.0,KIT027,bom_empirica_nf,CANDIDATE_REVIEW,barbours,False,nf_empirica,pedido_marketplace,3,2026-09-09 20:47:37,4,4.0,0,0,4,4,0.15,219.6,186.66,,73.553,,,4 de 4 componente(s) sem saldo utilizavel,True
tiktok,barbours,1731952940518770084,,Kit001,kit_suspected,sku_prefix,False,in_scope,113.0,KIT001,bom_empirica_nf,CANDIDATE_REVIEW,barbours,False,nf_empirica,pedido_marketplace,48,2026-09-24 22:31:33,5,5.0,3,1,2,3,0.15,,,3 componente(s) sem referencia B2B,,1 componente(s) sem custo,,2 de 5 componente(s) sem saldo utilizavel,True
tiktok,barbours,1731981440770278820,,Kit028,kit_suspected,sku_prefix,False,in_scope,257.0,,produto_interno_sem_codigo_protheus,UNMAPPED,,False,,,,,,,,,,,,,,sem composicao alcancavel,,sem composicao alcancavel,,sem composicao alcancavel,False
tiktok,barbours,1731980332421121444,,Kit001,kit_suspected,sku_prefix,False,in_scope,112.9,KIT001,bom_empirica_nf,CANDIDATE_REVIEW,barbours,False,nf_empirica,pedido_marketplace,48,2026-09-24 22:31:33,5,5.0,3,1,2,3,0.15,,,3 componente(s) sem referencia B2B,,1 componente(s) sem custo,,2 de 5 componente(s) sem saldo utilizavel,True
tiktok,barbours,1731980475872740772,,Kit013,kit_suspected,sku_prefix,True,in_scope,113.0,KIT013,bom_empirica_nf,CANDIDATE_REVIEW,barbours,False,nf_empirica,pedido_marketplace,43,2026-09-10 12:57:56,2,2.0,0,0,2,2,0.05,99.8,94.81,,40.8647,,,2 de 2 componente(s) sem saldo utilizavel,True
tiktok,barbours,1731980371857343908,,Kit008,kit_suspected,sku_prefix,True,in_scope,113.0,KIT008,bom_empirica_nf,CANDIDATE_REVIEW,barbours,False,nf_empirica,pedido_marketplace,3,2026-09-24 10:44:32,10,10.0,5,0,8,10,0.15,,,5 componente(s) sem referencia B2B,123.2273,,,8 de 10 componente(s) sem saldo utilizavel,True
tiktok,barbours,1731981434379470244,,Kit024,kit_suspected,sku_prefix,False,in_scope,186.9,KIT024,bom_empirica_nf,CANDIDATE_REVIEW,barbours,False,nf_empirica,pedido_marketplace,3,2026-07-14 06:18:47,3,3.0,3,1,2,1,0.1,,,3 componente(s) sem referencia B2B,,1 componente(s) sem custo,,2 de 3 componente(s) sem saldo utilizavel,True
tiktok,barbours,1731980626398381476,,Kit020,kit_suspected,sku_prefix,True,in_scope,171.0,KIT020,bom_empirica_nf,CANDIDATE_REVIEW,barbours,False,nf_empirica,pedido_marketplace,1,2026-07-08 17:03:37,3,3.0,2,1,0,1,0.1,,,2 componente(s) sem referencia B2B,,1 componente(s) sem custo,915,,True
tiktok,barbours,1731980419853616548,,Kit002,kit_suspected,sku_prefix,False,in_scope,112.9,KIT002,bom_empirica_nf,CANDIDATE_REVIEW,barbours,False,nf_empirica,pedido_marketplace,4,2026-07-26 13:15:02,2,2.0,1,1,0,1,0.05,,,1 componente(s) sem referencia B2B,,1 componente(s) sem custo,435,,True
tiktok,barbours,1731981573445813668,,Kit030,kit_suspected,sku_prefix,False,in_scope,157.0,,produto_interno_sem_codigo_protheus,UNMAPPED,,False,,,,,,,,,,,,,,sem composicao alcancavel,,sem composicao alcancavel,,sem composicao alcancavel,False
tiktok,barbours,1731980506038371748,,Kit016,kit_suspected,sku_prefix,False,in_scope,113.0,KIT016,bom_empirica_nf,CANDIDATE_REVIEW,barbours,False,nf_empirica,pedido_marketplace,1,2026-09-22 02:11:13,4,4.0,4,1,0,3,0.15,,,4 componente(s) sem referencia B2B,,1 componente(s) sem custo,854,,True
tiktok,barbours,1731980434204100004,,Kit017,kit_suspected,sku_prefix,False,in_scope,113.0,KIT017,bom_empirica_nf,CANDIDATE_REVIEW,barbours,False,nf_empirica,pedido_marketplace,5,2026-09-09 12:30:29,5,5.0,2,1,3,4,0.15,,,2 componente(s) sem referencia B2B,,1 componente(s) sem custo,,3 de 5 componente(s) sem saldo utilizavel,True
tiktok,barbours,1731981387648894372,,Kit023,kit_suspected,sku_prefix,True,in_scope,171.0,KIT023,bom_empirica_nf,CANDIDATE_REVIEW,barbours,False,nf_empirica,pedido_marketplace,7,2026-09-21 06:47:29,4,4.0,0,0,4,4,0.15,195.6,166.26,,79.693,,,4 de 4 componente(s) sem saldo utilizavel,True
tiktok,barbours,1731981569411876260,,Kit031,kit_suspected,sku_prefix,True,in_scope,157.0,KIT031,bom_empirica_nf,CANDIDATE_REVIEW,barbours,False,nf_empirica,pedido_marketplace,51,2026-09-21 07:18:52,2,2.0,0,0,2,2,0.05,99.8,94.81,,14.845,,,2 de 2 componente(s) sem saldo utilizavel,True
tiktok,barbours,1731981111397680548,,Kit021,kit_suspected,sku_prefix,False,in_scope,171.0,,produto_interno_sem_codigo_protheus,UNMAPPED,,False,,,,,,,,,,,,,,sem composicao alcancavel,,sem composicao alcancavel,,sem composicao alcancavel,False
tiktok,barbours,1731981448275396004,,Kit029,kit_suspected,sku_prefix,False,in_scope,157.0,KIT029,bom_empirica_nf,CANDIDATE_REVIEW,barbours,False,nf_empirica,pedido_marketplace,45,2026-09-22 09:36:46,6,6.0,0,0,6,6,0.15,320.4,272.34,,112.343,,,6 de 6 componente(s) sem saldo utilizavel,True
tiktok,barbours,1731980387027027364,,Kit011,kit_suspected,sku_prefix,False,in_scope,113.0,KIT011,bom_empirica_nf,CANDIDATE_REVIEW,barbours,False,nf_empirica,pedido_marketplace,3,2026-09-19 20:14:05,8,8.0,3,0,5,7,0.15,,,3 componente(s) sem referencia B2B,80.7362,,,5 de 8 componente(s) sem saldo utilizavel,True
tiktok,barbours,1731980607275697572,,Kit018,kit_suspected,sku_prefix,False,in_scope,113.0,,produto_interno_sem_codigo_protheus,UNMAPPED,,False,,,,,,,,,,,,,,sem composicao alcancavel,,sem composicao alcancavel,,sem composicao alcancavel,False
tiktok,barbours,1731980499569378724,,Kit014,kit_suspected,sku_prefix,False,in_scope,113.0,KIT014,bom_empirica_nf,CANDIDATE_REVIEW,barbours,False,nf_empirica,pedido_marketplace,1,2026-07-12 10:43:07,2,2.0,2,0,0,2,0.05,,,2 componente(s) sem referencia B2B,15.5714,,438,,True
tiktok,barbours,1731980504227546532,,Kit015,kit_suspected,sku_prefix,False,in_scope,113.0,KIT015,bom_empirica_nf,CANDIDATE_REVIEW,barbours,False,nf_empirica,pedido_marketplace,2,2026-09-05 22:46:50,5,5.0,2,0,3,5,0.15,,,2 componente(s) sem referencia B2B,74.0102,,,3 de 5 componente(s) sem saldo utilizavel,True
tiktok,barbours,1734252874675750308,,Kit121,kit_suspected,sku_prefix,True,in_scope,157.0,KIT121,bom_empirica_nf,CANDIDATE_REVIEW,barbours,False,nf_empirica,pedido_marketplace,6,2026-08-16 17:28:59,3,3.0,0,0,3,0,0.1,164.7,148.23,,30.9492,,,3 de 3 componente(s) sem saldo utilizavel,True
tiktok,barbours,1731981432758961572,,Kit022,kit_suspected,sku_prefix,False,in_scope,186.9,KIT022,bom_empirica_nf,CANDIDATE_REVIEW,barbours,False,nf_empirica,pedido_marketplace,1,2026-07-29 14:55:55,6,6.0,1,0,4,4,0.15,,,1 componente(s) sem referencia B2B,76.5855,,,4 de 6 componente(s) sem saldo utilizavel,True
tiktok,barbours,1731980373571044772,,Kit009,kit_suspected,sku_prefix,True,in_scope,113.0,KIT009,bom_empirica_nf,CANDIDATE_REVIEW,barbours,False,nf_empirica,pedido_marketplace,185,2026-09-24 16:11:39,4,4.0,0,0,4,4,0.15,204.6,173.91,,33.7517,,,4 de 4 componente(s) sem saldo utilizavel,True
tiktok,barbours,1731980293887460772,,Kit003,kit_suspected,sku_prefix,True,in_scope,113.0,KIT003,bom_empirica_nf,CANDIDATE_REVIEW,barbours,False,nf_empirica,pedido_marketplace,3,2026-09-19 17:33:12,9,9.0,5,2,3,6,0.15,,,5 componente(s) sem referencia B2B,,2 componente(s) sem custo,,3 de 9 componente(s) sem saldo utilizavel,True
tiktok,barbours,1735404226937324964,,Kit139,kit_suspected,sku_prefix,False,in_scope,200.0,,produto_interno_sem_codigo_protheus,UNMAPPED,,False,,,,,,,,,,,,,,sem composicao alcancavel,,sem composicao alcancavel,,sem composicao alcancavel,False
tiktok,barbours,1731981133849593252,,Kit021,kit_suspected,sku_prefix,False,in_scope,170.9,,produto_interno_sem_codigo_protheus,UNMAPPED,,False,,,,,,,,,,,,,,sem composicao alcancavel,,sem composicao alcancavel,,sem composicao alcancavel,False
tiktok,barbours,1732006896256845220,,Kit021,kit_suspected,sku_prefix,False,in_scope,170.9,,produto_interno_sem_codigo_protheus,UNMAPPED,,False,,,,,,,,,,,,,,sem composicao alcancavel,,sem composicao alcancavel,,sem composicao alcancavel,False
tiktok,barbours,1735404159516771748,,Kit135,kit_suspected,sku_prefix,False,in_scope,108.86,,produto_interno_sem_codigo_protheus,UNMAPPED,,False,,,,,,,,,,,,,,sem composicao alcancavel,,sem composicao alcancavel,,sem composicao alcancavel,False
tiktok,barbours,1735404326203196836,,Kit140,kit_suspected,sku_prefix,False,in_scope,199.86,KIT140,bom_empirica_nf,CANDIDATE_REVIEW,barbours,False,nf_empirica,pedido_marketplace,1,2026-09-04 08:59:15,4,4.0,1,0,2,1,0.15,,,1 componente(s) sem referencia B2B,47.5474,,,2 de 4 componente(s) sem saldo utilizavel,True
tiktok,barbours,1733790539344741796,,kit118,kit_suspected,sku_prefix,True,in_scope,113.0,,produto_interno_sem_codigo_protheus,UNMAPPED,,False,,,,,,,,,,,,,,sem composicao alcancavel,,sem composicao alcancavel,,sem composicao alcancavel,False
tiktok,barbours,1736372929625949604,,KIT146,kit_suspected,sku_prefix,False,in_scope,285.9,KIT146,bom_empirica_nf,CANDIDATE_REVIEW,barbours,False,nf_empirica,pedido_marketplace,154,2026-09-24 10:32:10,6,6.0,2,1,2,2,0.15,,,2 componente(s) sem referencia B2B,,1 componente(s) sem custo,,2 de 6 componente(s) sem saldo utilizavel,True
tiktok,barbours,1733596485544674724,,Kit024,kit_suspected,sku_prefix,True,in_scope,171.0,KIT024,bom_empirica_nf,CANDIDATE_REVIEW,barbours,False,nf_empirica,pedido_marketplace,3,2026-07-14 06:18:47,3,3.0,3,1,2,1,0.1,,,3 componente(s) sem referencia B2B,,1 componente(s) sem custo,,2 de 3 componente(s) sem saldo utilizavel,True
tiktok,barbours,1736548065764148644,,KIT151,kit_suspected,sku_prefix,False,in_scope,142.9,,produto_interno_sem_codigo_protheus,UNMAPPED,,False,,,,,,,,,,,,,,sem composicao alcancavel,,sem composicao alcancavel,,sem composicao alcancavel,False
tiktok,barbours,1735645734586713508,,Kit006,kit_suspected,sku_prefix,False,in_scope,113.0,KIT006,bom_empirica_nf,CANDIDATE_REVIEW,barbours,False,nf_empirica,pedido_marketplace,2,2026-09-20 20:40:44,4,4.0,2,1,2,2,0.15,,,2 componente(s) sem referencia B2B,,1 componente(s) sem custo,,2 de 4 componente(s) sem saldo utilizavel,True
tiktok,barbours,1734252858259703204,,Kit119,kit_suspected,sku_prefix,True,in_scope,128.0,KIT119,bom_empirica_nf,CANDIDATE_REVIEW,barbours,False,nf_empirica,pedido_marketplace,231,2026-09-03 20:10:35,2,2.0,0,0,2,0,0.05,109.8,104.31,,20.7728,,,2 de 2 componente(s) sem saldo utilizavel,True
tiktok,barbours,1735985057087194532,,KIT143,kit_suspected,sku_prefix,False,in_scope,108.86,KIT143,bom_empirica_nf,CANDIDATE_REVIEW,barbours,False,nf_empirica,pedido_marketplace,48,2026-09-24 05:20:11,2,2.0,1,0,1,1,0.05,,,1 componente(s) sem referencia B2B,29.9977,,,1 de 2 componente(s) sem saldo utilizavel,True
tiktok,apice,1732316900816487508,,KIT015,kit_suspected,sku_prefix,True,in_scope,119.9,KIT015,bom_empirica_nf,CANDIDATE_REVIEW,apice,True,nf_empirica,pedido_marketplace,2,2026-09-05 22:46:50,5,5.0,2,0,3,2,0.15,,,2 componente(s) sem referencia B2B,74.0102,,,3 de 5 componente(s) sem saldo utilizavel,True
tiktok,barbours,1733480228931601828,,Kit114,kit_suspected,sku_prefix,True,in_scope,157.0,KIT114,bom_empirica_nf,CANDIDATE_REVIEW,barbours,False,nf_empirica,pedido_marketplace,33,2026-09-08 01:46:40,3,3.0,1,0,3,0,0.1,,,1 componente(s) sem referencia B2B,28.0533,,,3 de 3 componente(s) sem saldo utilizavel,True
tiktok,barbours,1737562960292382116,,KIT166,kit_suspected,sku_prefix,True,in_scope,213.9,,codigo_nao_encontrado_em_nenhuma_ponte,UNMAPPED,,False,,,,,,,,,,,,,,sem composicao alcancavel,,sem composicao alcancavel,,sem composicao alcancavel,False
tiktok,barbours,1734252866804942244,,Kit120,kit_suspected,sku_prefix,True,in_scope,157.0,KIT120,bom_empirica_nf,CANDIDATE_REVIEW,barbours,False,nf_empirica,pedido_marketplace,1,2026-08-20 09:25:32,3,3.0,0,0,3,0,0.1,164.7,148.23,,29.5571,,,3 de 3 componente(s) sem saldo utilizavel,True
tiktok,apice,1732316907698291796,,KIT017,kit_suspected,sku_prefix,True,in_scope,185.9,KIT017,bom_empirica_nf,CANDIDATE_REVIEW,apice,True,nf_empirica,pedido_marketplace,5,2026-09-09 12:30:29,5,5.0,2,1,3,2,0.15,,,2 componente(s) sem referencia B2B,,1 componente(s) sem custo,,3 de 5 componente(s) sem saldo utilizavel,True
tiktok,apice,1732317007005779028,,KIT023,kit_suspected,sku_prefix,True,in_scope,170.9,KIT023,bom_empirica_nf,CANDIDATE_REVIEW,apice,True,nf_empirica,pedido_marketplace,7,2026-09-21 06:47:29,4,4.0,0,0,4,0,0.15,195.6,166.26,,79.693,,,4 de 4 componente(s) sem saldo utilizavel,True
tiktok,apice,1732317222563316820,,KIT037,kit_suspected,sku_prefix,True,in_scope,170.9,KIT037,bom_empirica_nf,CANDIDATE_REVIEW,apice,True,nf_empirica,pedido_marketplace,167,2026-09-24 12:04:19,3,3.0,0,0,3,0,0.1,154.7,139.23,,28.5917,,,3 de 3 componente(s) sem saldo utilizavel,True
tiktok,apice,1733921783713203284,,KIT079,kit_suspected,sku_prefix,True,in_scope,406.9,,produto_interno_sem_codigo_protheus,UNMAPPED,,False,,,,,,,,,,,,,,sem composicao alcancavel,,sem composicao alcancavel,,sem composicao alcancavel,False
tiktok,apice,1736245929705636948,,KIT088,kit_suspected,sku_prefix,True,in_scope,256.9,KIT088,bom_empirica_nf,CANDIDATE_REVIEW,apice,False,nf_empirica,pedido_marketplace,49,2026-09-24 22:32:53,5,5.0,0,0,5,0,0.15,292.5,248.62,,49.5018,,,5 de 5 componente(s) sem saldo utilizavel,True
tiktok,apice,1733921864641119316,,KIT080,kit_suspected,sku_prefix,True,in_scope,220.9,KIT080,bom_empirica_nf,CANDIDATE_REVIEW,apice,False,nf_empirica,pedido_marketplace,5,2026-09-14 12:27:45,5,5.0,2,1,5,0,0.15,,,2 componente(s) sem referencia B2B,,1 componente(s) sem custo,,5 de 5 componente(s) sem saldo utilizavel,True
tiktok,apice,1733921939059213396,,KIT081,kit_suspected,sku_prefix,True,in_scope,263.9,KIT081,bom_empirica_nf,CANDIDATE_REVIEW,apice,False,nf_empirica,pedido_marketplace,3,2026-09-22 21:27:59,6,6.0,2,1,6,0,0.15,,,2 componente(s) sem referencia B2B,,1 componente(s) sem custo,,6 de 6 componente(s) sem saldo utilizavel,True
tiktok,apice,1732317112288904276,,KIT035,kit_suspected,sku_prefix,True,in_scope,155.9,KIT035,bom_empirica_nf,CANDIDATE_REVIEW,apice,True,nf_empirica,pedido_marketplace,130,2026-09-24 23:17:50,3,3.0,0,0,3,0,0.1,149.7,134.73,,22.91,,,3 de 3 componente(s) sem saldo utilizavel,True
tiktok,apice,1732316874473178196,,KIT013,kit_suspected,sku_prefix,True,in_scope,123.9,KIT013,bom_empirica_nf,CANDIDATE_REVIEW,apice,True,nf_empirica,pedido_marketplace,43,2026-09-10 12:57:56,2,2.0,0,0,2,0,0.05,99.8,94.81,,40.8647,,,2 de 2 componente(s) sem saldo utilizavel,True
tiktok,apice,1736775862240248916,,KIT096,kit_suspected,sku_prefix,True,in_scope,113.9,KIT096,bom_empirica_nf,CANDIDATE_REVIEW,apice,True,nf_empirica,pedido_marketplace,94,2026-09-24 14:18:59,2,2.0,0,0,2,0,0.05,100.8,95.76,,20.0189,,,2 de 2 componente(s) sem saldo utilizavel,True
tiktok,apice,1732317109716550740,,KIT033,kit_suspected,sku_prefix,True,in_scope,139.9,KIT033,bom_empirica_nf,CANDIDATE_REVIEW,apice,True,nf_empirica,pedido_marketplace,6,2026-09-09 21:00:51,3,3.0,0,0,3,0,0.1,145.7,131.13,,21.1172,,,3 de 3 componente(s) sem saldo utilizavel,True
tiktok,apice,1732317178555958356,,KIT031,kit_suspected,sku_prefix,True,in_scope,123.9,KIT031,bom_empirica_nf,CANDIDATE_REVIEW,apice,True,nf_empirica,pedido_marketplace,51,2026-09-21 07:18:52,2,2.0,0,0,2,0,0.05,99.8,94.81,,14.845,,,2 de 2 componente(s) sem saldo utilizavel,True
tiktok,apice,1732317269891974228,,KIT041,kit_suspected,sku_prefix,True,in_scope,223.9,KIT041,bom_empirica_nf,CANDIDATE_REVIEW,apice,True,nf_empirica,pedido_marketplace,5,2026-09-24 22:06:35,7,7.0,2,1,4,3,0.15,,,2 componente(s) sem referencia B2B,,1 componente(s) sem custo,,4 de 7 componente(s) sem saldo utilizavel,True
tiktok,kokeshi,1737432881462543635,,40100,kit_suspected,title,True,in_scope,49.9,,produto_interno_sem_codigo_protheus,UNMAPPED,,False,,,,,,,,,,,,,,sem composicao alcancavel,,sem composicao alcancavel,,sem composicao alcancavel,False
tiktok,kokeshi,1735042067763463443,,40095,kit_suspected,title,True,in_scope,213.9,,produto_interno_sem_codigo_protheus,UNMAPPED,,False,,,,,,,,,,,,,,sem composicao alcancavel,,sem composicao alcancavel,,sem composicao alcancavel,False
tiktok,kokeshi,1736676905814689043,,40125,kit_suspected,title,True,in_scope,213.9,40125|KAP99020,multiplos_kits_protheus,AMBIGUOUS,,True,,,,,,,,,,,,,,sem composicao alcancavel,,sem composicao alcancavel,,sem composicao alcancavel,True
tiktok,kokeshi,1735351920839656723,,40101,kit_suspected,title,True,in_scope,113.9,,produto_interno_sem_codigo_protheus,UNMAPPED,,False,,,,,,,,,,,,,,sem composicao alcancavel,,sem composicao alcancavel,,sem composicao alcancavel,False
tiktok,kokeshi,1736676935466321171,,40124,kit_suspected,title,True,in_scope,213.9,,produto_interno_sem_codigo_protheus,UNMAPPED,,False,,,,,,,,,,,,,,sem composicao alcancavel,,sem composicao alcancavel,,sem composicao alcancavel,False
tiktok,kokeshi,1735042020004496659,,40094,kit_suspected,title,True,in_scope,56.9,,produto_interno_sem_codigo_protheus,UNMAPPED,,False,,,,,,,,,,,,,,sem composicao alcancavel,,sem composicao alcancavel,,sem composicao alcancavel,False
tiktok,barbours,1731980348044969380,,Kit006,kit_suspected,sku_prefix,True,in_scope,113.0,KIT006,bom_empirica_nf,CANDIDATE_REVIEW,barbours,False,nf_empirica,pedido_marketplace,2,2026-09-20 20:40:44,4,4.0,2,1,2,2,0.15,,,2 componente(s) sem referencia B2B,,1 componente(s) sem custo,,2 de 4 componente(s) sem saldo utilizavel,True
tiktok,barbours,1734699385002231204,,Kit128,kit_suspected,sku_prefix,True,in_scope,157.0,KIT128,bom_empirica_nf,CANDIDATE_REVIEW,barbours,False,nf_empirica,pedido_marketplace,7,2026-09-09 20:03:14,3,3.0,0,0,3,0,0.1,164.7,148.23,,22.547,,,3 de 3 componente(s) sem saldo utilizavel,True
tiktok,lescent,1735071393864648223,,KIT009,kit_suspected,sku_prefix,True,in_scope,99.9,KIT009,bom_empirica_nf,CANDIDATE_REVIEW,lescent,True,nf_empirica,pedido_marketplace,185,2026-09-24 16:11:39,4,4.0,0,0,4,4,0.15,204.6,173.91,,33.7517,,,4 de 4 componente(s) sem saldo utilizavel,True
tiktok,lescent,1735072379233469983,,KIT016,kit_suspected,sku_prefix,True,in_scope,156.9,KIT016,bom_empirica_nf,CANDIDATE_REVIEW,lescent,True,nf_empirica,pedido_marketplace,1,2026-09-22 02:11:13,4,4.0,4,1,0,1,0.15,,,4 componente(s) sem referencia B2B,,1 componente(s) sem custo,854,,True
tiktok,lescent,1735072134890292767,,KIT015,kit_suspected,sku_prefix,True,in_scope,99.9,KIT015,bom_empirica_nf,CANDIDATE_REVIEW,lescent,True,nf_empirica,pedido_marketplace,2,2026-09-05 22:46:50,5,5.0,2,0,3,3,0.15,,,2 componente(s) sem referencia B2B,74.0102,,,3 de 5 componente(s) sem saldo utilizavel,True
tiktok,lescent,1736581211517584927,,KIT017,kit_suspected,sku_prefix,True,in_scope,70.9,KIT017,bom_empirica_nf,CANDIDATE_REVIEW,lescent,True,nf_empirica,pedido_marketplace,5,2026-09-09 12:30:29,5,5.0,2,1,3,4,0.15,,,2 componente(s) sem referencia B2B,,1 componente(s) sem custo,,3 de 5 componente(s) sem saldo utilizavel,True
tiktok,lescent,1735072034477475359,,KIT012,kit_suspected,sku_prefix,True,in_scope,99.9,KIT012,bom_empirica_nf,CANDIDATE_REVIEW,lescent,True,nf_empirica,pedido_marketplace,3,2026-09-13 19:53:11,4,4.0,3,0,2,3,0.15,,,3 componente(s) sem referencia B2B,39.5235,,,2 de 4 componente(s) sem saldo utilizavel,True
tiktok,lescent,1735071144442431007,,KIT006,kit_suspected,sku_prefix,True,in_scope,99.9,KIT006,bom_empirica_nf,CANDIDATE_REVIEW,lescent,True,nf_empirica,pedido_marketplace,2,2026-09-20 20:40:44,4,4.0,2,1,2,2,0.15,,,2 componente(s) sem referencia B2B,,1 componente(s) sem custo,,2 de 4 componente(s) sem saldo utilizavel,True
tiktok,lescent,1735072231702955551,,KIT013,kit_suspected,sku_prefix,True,in_scope,99.9,KIT013,bom_empirica_nf,CANDIDATE_REVIEW,lescent,True,nf_empirica,pedido_marketplace,43,2026-09-10 12:57:56,2,2.0,0,0,2,2,0.05,99.8,94.81,,40.8647,,,2 de 2 componente(s) sem saldo utilizavel,True
tiktok,lescent,1735072340991510047,,KIT014,kit_suspected,sku_prefix,True,in_scope,99.9,KIT014,bom_empirica_nf,CANDIDATE_REVIEW,lescent,True,nf_empirica,pedido_marketplace,1,2026-07-12 10:43:07,2,2.0,2,0,0,0,0.05,,,2 componente(s) sem referencia B2B,15.5714,,438,,True
tiktok,lescent,1735070925580699167,,KIT005,kit_suspected,sku_prefix,True,in_scope,99.9,KIT005,bom_empirica_nf,CANDIDATE_REVIEW,lescent,True,nf_empirica,pedido_marketplace,6,2026-09-23 22:00:25,7,7.0,3,2,4,5,0.15,,,3 componente(s) sem referencia B2B,,2 componente(s) sem custo,,4 de 7 componente(s) sem saldo utilizavel,True
tiktok,lescent,1733440718160692767,,KIT004,kit_suspected,sku_prefix,True,in_scope,199.9,KIT004,bom_empirica_nf,CANDIDATE_REVIEW,lescent,True,nf_empirica,pedido_marketplace,168,2026-09-24 21:37:40,3,3.0,3,1,0,1,0.1,,,3 componente(s) sem referencia B2B,,1 componente(s) sem custo,7904,,True
tiktok,lescent,1735071455165187615,,KIT010,kit_suspected,sku_prefix,True,in_scope,99.9,KIT010,bom_empirica_nf,CANDIDATE_REVIEW,lescent,True,nf_empirica,pedido_marketplace,4,2026-08-31 15:06:28,4,4.0,4,0,1,2,0.15,,,4 componente(s) sem referencia B2B,50.5686,,,1 de 4 componente(s) sem saldo utilizavel,True
tiktok,lescent,1735071251681674783,,KIT007,kit_suspected,sku_prefix,True,in_scope,99.9,KIT007,bom_empirica_nf,CANDIDATE_REVIEW,lescent,True,nf_empirica,pedido_marketplace,12,2026-09-23 15:10:35,5,5.0,2,0,3,3,0.15,,,2 componente(s) sem referencia B2B,40.866,,,3 de 5 componente(s) sem saldo utilizavel,True
tiktok,lescent,1733030335739954719,,KIT002,kit_suspected,sku_prefix,True,in_scope,192.9,KIT002,bom_empirica_nf,CANDIDATE_REVIEW,lescent,True,nf_empirica,pedido_marketplace,4,2026-07-26 13:15:02,2,2.0,1,1,0,2,0.05,,,1 componente(s) sem referencia B2B,,1 componente(s) sem custo,435,,True
tiktok,kokeshi,1732459754740352275,,40066,kit_suspected,title,True,in_scope,156.9,40066,bom_empirica_nf,CANDIDATE_REVIEW,kokeshi,False,nf_empirica,pedido_bling,63,2025-11-30 12:18:39,3,3.0,2,0,3,2,0.1,,,2 componente(s) sem referencia B2B,43.5214,,,3 de 3 componente(s) sem saldo utilizavel,True
tiktok,kokeshi,1733018249179268371,,40090,kit_suspected,title,True,in_scope,185.9,40090,bom_empirica_nf,CANDIDATE_REVIEW,kokeshi,False,nf_empirica,pedido_bling,39,2025-11-30 20:40:06,4,4.0,3,2,4,3,0.15,,,3 componente(s) sem referencia B2B,,2 componente(s) sem custo,,4 de 4 componente(s) sem saldo utilizavel,True
tiktok,kokeshi,1734953448383087891,,40086,kit_suspected,title,True,in_scope,199.9,40086,bom_empirica_nf,CANDIDATE_REVIEW,kokeshi,False,nf_empirica,pedido_bling,5,2025-11-20 07:29:13,3,4.0,2,1,3,2,0.15,,,2 componente(s) sem referencia B2B,,1 componente(s) sem custo,,3 de 3 componente(s) sem saldo utilizavel,True
tiktok,kokeshi,1737668784550282515,,40132,kit_suspected,title,True,in_scope,77.9,40132|KAP99025,multiplos_kits_protheus,AMBIGUOUS,,True,,,,,,,,,,,,,,sem composicao alcancavel,,sem composicao alcancavel,,sem composicao alcancavel,True
tiktok,kokeshi,1733017808684352787,,40075,kit_suspected,title,True,in_scope,242.9,,produto_interno_sem_codigo_protheus,UNMAPPED,,False,,,,,,,,,,,,,,sem composicao alcancavel,,sem composicao alcancavel,,sem composicao alcancavel,False
tiktok,kokeshi,1733018041042109715,,40084,kit_suspected,title,True,in_scope,170.9,40084,bom_empirica_nf,CANDIDATE_REVIEW,kokeshi,False,nf_empirica,pedido_bling,1,2025-11-29 06:49:47,4,4.0,2,1,4,2,0.15,,,2 componente(s) sem referencia B2B,,1 componente(s) sem custo,,4 de 4 componente(s) sem saldo utilizavel,True
tiktok,kokeshi,1733018142055302419,,40085,kit_suspected,title,True,in_scope,199.9,40085,bom_empirica_nf,CANDIDATE_REVIEW,kokeshi,False,nf_empirica,pedido_bling,19,2025-11-30 22:21:14,4,4.0,2,1,4,2,0.15,,,2 componente(s) sem referencia B2B,,1 componente(s) sem custo,,4 de 4 componente(s) sem saldo utilizavel,True
tiktok,kokeshi,1733017913250907411,,40081,kit_suspected,title,True,in_scope,242.9,40081,bom_empirica_nf,CANDIDATE_REVIEW,kokeshi,False,nf_empirica,pedido_bling,4,2025-11-21 07:30:51,7,7.0,4,2,7,3,0.15,,,4 componente(s) sem referencia B2B,,2 componente(s) sem custo,,7 de 7 componente(s) sem saldo utilizavel,True
tiktok,kokeshi,1737683546268009747,,40134,kit_suspected,title,True,in_scope,85.9,40134|KAP99034,multiplos_kits_protheus,AMBIGUOUS,,True,,,,,,,,,,,,,,sem composicao alcancavel,,sem composicao alcancavel,,sem composicao alcancavel,True
tiktok,kokeshi,1733017879112287507,,40080,kit_suspected,title,True,in_scope,199.9,,produto_interno_sem_codigo_protheus,UNMAPPED,,False,,,,,,,,,,,,,,sem composicao alcancavel,,sem composicao alcancavel,,sem composicao alcancavel,False
tiktok,kokeshi,1733017764258612499,,40073,kit_suspected,title,True,in_scope,70.9,40073,bom_empirica_nf,CANDIDATE_REVIEW,kokeshi,False,nf_empirica,pedido_bling,3,2025-11-21 07:30:14,2,2.0,1,0,2,0,0.05,,,1 componente(s) sem referencia B2B,10.026,,,2 de 2 componente(s) sem saldo utilizavel,True
tiktok,kokeshi,1733017822256137491,,40077,kit_suspected,title,True,in_scope,99.9,,produto_interno_sem_codigo_protheus,UNMAPPED,,False,,,,,,,,,,,,,,sem composicao alcancavel,,sem composicao alcancavel,,sem composicao alcancavel,False
tiktok,kokeshi,1733017768268236051,,40074,kit_suspected,title,True,in_scope,199.9,,produto_interno_sem_codigo_protheus,UNMAPPED,,False,,,,,,,,,,,,,,sem composicao alcancavel,,sem composicao alcancavel,,sem composicao alcancavel,False
tiktok,kokeshi,1733018155852989715,,40087,kit_suspected,title,True,in_scope,170.9,40087,bom_empirica_nf,CANDIDATE_REVIEW,kokeshi,False,nf_empirica,pedido_bling,1,2025-11-03 15:42:44,2,2.0,0,0,2,0,0.05,145.8,138.51,,23.1593,,,2 de 2 componente(s) sem saldo utilizavel,True
tiktok,kokeshi,1732276446225073427,,40065,kit_suspected,title,True,in_scope,113.9,40065,bom_empirica_nf,CANDIDATE_REVIEW,kokeshi,False,nf_empirica,pedido_bling,78,2025-11-30 23:43:50,3,3.0,3,1,3,3,0.1,,,3 componente(s) sem referencia B2B,,1 componente(s) sem custo,,3 de 3 componente(s) sem saldo utilizavel,True
tiktok,kokeshi,1734830764226479379,,40091,kit_suspected,title,True,in_scope,85.9,,produto_interno_sem_codigo_protheus,UNMAPPED,,False,,,,,,,,,,,,,,sem composicao alcancavel,,sem composicao alcancavel,,sem composicao alcancavel,False
tiktok,kokeshi,1733018243005842707,,40088,kit_suspected,title,True,in_scope,170.9,40088,bom_empirica_nf,CANDIDATE_REVIEW,kokeshi,False,nf_empirica,pedido_bling,4,2025-11-27 21:26:54,2,2.0,0,0,2,0,0.05,145.8,138.51,,23.1176,,,2 de 2 componente(s) sem saldo utilizavel,True
tiktok,kokeshi,1733017970635932947,,40082,kit_suspected,title,True,in_scope,121.29,40082,bom_empirica_nf,CANDIDATE_REVIEW,kokeshi,False,nf_empirica,pedido_bling,8,2025-11-27 10:43:15,4,4.0,2,1,4,2,0.15,,,2 componente(s) sem referencia B2B,,1 componente(s) sem custo,,4 de 4 componente(s) sem saldo utilizavel,True
tiktok,kokeshi,1731599477079704851,,40006,kit_suspected,internal_catalog,True,in_scope,162.9,KKS00006,alias_codigo_bling,EXACT_ALIAS,kokeshi,False,protheus_bom,,,,5,5.0,0,0,5,0,0.15,167.5,142.38,,22.8279,,,5 de 5 componente(s) sem saldo utilizavel,False
tiktok,kokeshi,1736896866425668883,,40111,kit_suspected,title,True,in_scope,270.9,,produto_interno_sem_codigo_protheus,UNMAPPED,,False,,,,,,,,,,,,,,sem composicao alcancavel,,sem composicao alcancavel,,sem composicao alcancavel,False
tiktok,denavita,1732078404680714203,,DVLM03,kit_suspected,title,True,out_of_business_scope,285.9,,produto_interno_sem_codigo_protheus,UNMAPPED,,False,,,,,,,,,,,,,,sem composicao alcancavel,,sem composicao alcancavel,,sem composicao alcancavel,False
tiktok,kokeshi,1733939809724368147,,40070,kit_suspected,title,True,in_scope,77.9,40070,bom_empirica_nf,CANDIDATE_REVIEW,kokeshi,False,nf_empirica,pedido_bling,10,2025-11-24 22:36:33,2,2.0,1,1,2,1,0.05,,,1 componente(s) sem referencia B2B,,1 componente(s) sem custo,,2 de 2 componente(s) sem saldo utilizavel,True
tiktok,kokeshi,1733017844865139987,,40079,kit_suspected,title,True,in_scope,92.9,40079,bom_empirica_nf,CANDIDATE_REVIEW,kokeshi,False,nf_empirica,pedido_bling,1,2025-11-18 13:54:59,3,3.0,1,0,2,0,0.1,,,1 componente(s) sem referencia B2B,104.4084,,,2 de 3 componente(s) sem saldo utilizavel,True
tiktok,kokeshi,1737289940749813011,,40130,kit_suspected,title,True,in_scope,77.9,40130|KAP99022,multiplos_kits_protheus,AMBIGUOUS,,True,,,,,,,,,,,,,,sem composicao alcancavel,,sem composicao alcancavel,,sem composicao alcancavel,True
tiktok,kokeshi,1733017840616703251,,40078,kit_suspected,title,True,in_scope,77.9,40078,bom_empirica_nf,CANDIDATE_REVIEW,kokeshi,False,nf_empirica,pedido_bling,8,2025-11-28 21:21:02,2,2.0,1,1,2,1,0.05,,,1 componente(s) sem referencia B2B,,1 componente(s) sem custo,,2 de 2 componente(s) sem saldo utilizavel,True
tiktok,apice,1736258127790769236,,KIT070,kit_suspected,sku_prefix,True,in_scope,292.9,KIT070,bom_empirica_nf,CANDIDATE_REVIEW,apice,True,nf_empirica,pedido_marketplace,540,2026-09-24 22:16:02,5,5.0,0,0,5,0,0.15,250.5,212.92,,42.9289,,,5 de 5 componente(s) sem saldo utilizavel,True
tiktok,apice,1732316960625755220,,KIT025,kit_suspected,sku_prefix,True,in_scope,242.9,KIT025,bom_empirica_nf,CANDIDATE_REVIEW,apice,True,nf_empirica,pedido_marketplace,10,2026-09-18 06:44:48,7,7.0,1,0,6,3,0.15,,,1 componente(s) sem referencia B2B,127.1324,,,6 de 7 componente(s) sem saldo utilizavel,True
tiktok,apice,1733893476543202388,,KIT077,kit_suspected,sku_prefix,True,in_scope,202.9,,codigo_nao_encontrado_em_nenhuma_ponte,UNMAPPED,,False,,,,,,,,,,,,,,sem composicao alcancavel,,sem composicao alcancavel,,sem composicao alcancavel,False
tiktok,apice,1732316957517710420,,KIT019,kit_suspected,sku_prefix,True,in_scope,185.9,KIT019,bom_empirica_nf,CANDIDATE_REVIEW,apice,False,nf_empirica,pedido_marketplace,48,2026-09-22 13:08:44,3,3.0,0,0,3,0,0.1,154.7,139.23,,61.6447,,,3 de 3 componente(s) sem saldo utilizavel,True
tiktok,apice,1733893332889994324,,KIT074,kit_suspected,sku_prefix,True,in_scope,127.9,KIT074,bom_empirica_nf,CANDIDATE_REVIEW,apice,False,nf_empirica,pedido_marketplace,148,2026-09-24 18:48:49,2,2.0,0,0,2,0,0.05,100.8,95.76,,38.79,,,2 de 2 componente(s) sem saldo utilizavel,True
tiktok,rituaria,1735536432506045496,,MLMAGCOMB,kit_suspected,title,True,in_scope,99.9,MLMAGCOMB,bom_empirica_nf,CANDIDATE_REVIEW,rituaria,False,nf_empirica,pedido_marketplace,112,2026-09-21 07:37:56,2,2.0,2,2,2,0,0.05,,,2 componente(s) sem referencia B2B,,2 componente(s) sem custo,,2 de 2 componente(s) sem saldo utilizavel,True
tiktok,rituaria,1735535845617861688,,MLMAGNAC,kit_suspected,title,True,in_scope,99.9,MLMAGNAC,bom_empirica_nf,CANDIDATE_REVIEW,rituaria,False,nf_empirica,pedido_marketplace,452,2026-09-22 13:15:19,2,2.0,2,2,2,0,0.05,,,2 componente(s) sem referencia B2B,,2 componente(s) sem custo,,2 de 2 componente(s) sem saldo utilizavel,True
tiktok,rituaria,1735536227458122808,,MLMAGPIC,kit_suspected,title,True,in_scope,99.9,MLMAGPIC,bom_empirica_nf,CANDIDATE_REVIEW,rituaria,False,nf_empirica,pedido_marketplace,107,2026-09-22 05:58:01,2,2.0,2,2,2,0,0.05,,,2 componente(s) sem referencia B2B,,2 componente(s) sem custo,,2 de 2 componente(s) sem saldo utilizavel,True
tiktok,rituaria,1735872043552965688,,ML3COMPLEXOB,kit_suspected,title,True,in_scope,127.9,,produto_interno_sem_codigo_protheus,UNMAPPED,,False,,,,,,,,,,,,,,sem composicao alcancavel,,sem composicao alcancavel,,sem composicao alcancavel,False
tiktok,rituaria,1735537222430655544,,MLMAGNACOMB,kit_suspected,title,True,in_scope,142.9,MLMAGNACOMB,bom_empirica_nf,CANDIDATE_REVIEW,rituaria,False,nf_empirica,pedido_marketplace,140,2026-09-22 11:19:17,3,3.0,3,3,3,0,0.1,,,3 componente(s) sem referencia B2B,,3 componente(s) sem custo,,3 de 3 componente(s) sem saldo utilizavel,True
tiktok,rituaria,1735537520119219256,,MLMAGPICOMB,kit_suspected,title,True,in_scope,142.9,MLMAGPICOMB,bom_empirica_nf,CANDIDATE_REVIEW,rituaria,False,nf_empirica,pedido_marketplace,11,2026-09-14 22:10:10,3,3.0,3,3,3,0,0.1,,,3 componente(s) sem referencia B2B,,3 componente(s) sem custo,,3 de 3 componente(s) sem saldo utilizavel,True
tiktok,apice,1732308741101225044,,KIT003,kit_suspected,sku_prefix,True,in_scope,150.9,KIT003,bom_empirica_nf,CANDIDATE_REVIEW,apice,True,nf_empirica,pedido_marketplace,3,2026-09-19 17:33:12,9,9.0,5,2,3,6,0.15,,,5 componente(s) sem referencia B2B,,2 componente(s) sem custo,,3 de 9 componente(s) sem saldo utilizavel,True
tiktok,rituaria,1732425562192249912,,ML3PREBIOTICA,kit_suspected,title,True,in_scope,269.9,,produto_interno_sem_codigo_protheus,UNMAPPED,,False,,,,,,,,,,,,,,sem composicao alcancavel,,sem composicao alcancavel,,sem composicao alcancavel,False
tiktok,apice,1732308783286355028,,KIT011,kit_suspected,sku_prefix,True,in_scope,195.9,KIT011,bom_empirica_nf,CANDIDATE_REVIEW,apice,True,nf_empirica,pedido_marketplace,3,2026-09-19 20:14:05,8,8.0,3,0,5,4,0.15,,,3 componente(s) sem referencia B2B,80.7362,,,5 de 8 componente(s) sem saldo utilizavel,True
tiktok,barbours,1731981731417523620,,Kit051,kit_suspected,sku_prefix,True,in_scope,112.9,KIT051,bom_empirica_nf,CANDIDATE_REVIEW,barbours,False,nf_empirica,pedido_marketplace,3,2026-09-12 13:03:21,2,2.0,1,0,1,1,0.05,,,1 componente(s) sem referencia B2B,30.2833,,,1 de 2 componente(s) sem saldo utilizavel,True
tiktok,apice,1732316833848919124,,KIT071,kit_suspected,sku_prefix,True,in_scope,269.9,KIT071,bom_empirica_nf,CANDIDATE_REVIEW,apice,True,nf_empirica,pedido_marketplace,15,2026-09-21 07:04:54,5,5.0,0,0,5,0,0.15,250.5,212.92,,40.7134,,,5 de 5 componente(s) sem saldo utilizavel,True
tiktok,barbours,1735799291385906596,,Kit142,kit_suspected,sku_prefix,True,in_scope,114.0,KIT142,bom_empirica_nf,CANDIDATE_REVIEW,barbours,False,nf_empirica,pedido_marketplace,154,2026-09-24 20:39:06,2,2.0,0,0,2,0,0.05,104.8,99.56,,19.3853,,,2 de 2 componente(s) sem saldo utilizavel,True
tiktok,barbours,1731981413827052964,,Kit026,kit_suspected,sku_prefix,True,in_scope,171.0,KIT026,bom_empirica_nf,CANDIDATE_REVIEW,barbours,False,nf_empirica,pedido_marketplace,22,2026-07-29 21:07:14,3,3.0,1,1,2,1,0.1,,,1 componente(s) sem referencia B2B,,1 componente(s) sem custo,,2 de 3 componente(s) sem saldo utilizavel,True
tiktok,barbours,1734699292973368740,,Kit127,kit_suspected,sku_prefix,True,in_scope,108.86,KIT127,bom_empirica_nf,CANDIDATE_REVIEW,barbours,False,nf_empirica,pedido_marketplace,33,2026-09-18 18:07:32,2,2.0,0,0,2,0,0.05,109.8,104.31,,15.0045,,,2 de 2 componente(s) sem saldo utilizavel,True
tiktok,lescent,1735071271292536351,,KIT008,kit_suspected,sku_prefix,True,in_scope,99.9,KIT008,bom_empirica_nf,CANDIDATE_REVIEW,lescent,True,nf_empirica,pedido_marketplace,3,2026-09-24 10:44:32,10,10.0,5,0,8,8,0.15,,,5 componente(s) sem referencia B2B,123.2273,,,8 de 10 componente(s) sem saldo utilizavel,True
tiktok,lescent,1733030303952242207,,KIT001,kit_suspected,sku_prefix,True,in_scope,192.9,KIT001,bom_empirica_nf,CANDIDATE_REVIEW,lescent,True,nf_empirica,pedido_marketplace,48,2026-09-24 22:31:33,5,5.0,3,1,2,4,0.15,,,3 componente(s) sem referencia B2B,,1 componente(s) sem custo,,2 de 5 componente(s) sem saldo utilizavel,True
tiktok,lescent,1737562906576586271,,KIT018,kit_suspected,sku_prefix,True,in_scope,370.9,,produto_interno_sem_codigo_protheus,UNMAPPED,,True,,,,,,,,,,,,,,sem composicao alcancavel,,sem composicao alcancavel,,sem composicao alcancavel,False
tiktok,apice,1736369473278739540,,KIT075,kit_suspected,sku_prefix,True,in_scope,156.9,KIT075,bom_empirica_nf,CANDIDATE_REVIEW,apice,False,nf_empirica,pedido_marketplace,7,2026-09-18 06:49:09,2,2.0,0,0,2,0,0.05,100.8,95.76,,28.422,,,2 de 2 componente(s) sem saldo utilizavel,True
tiktok,apice,1736775558256559188,,KIT094,kit_suspected,sku_prefix,True,in_scope,235.9,KIT094,bom_empirica_nf,CANDIDATE_REVIEW,apice,True,nf_empirica,pedido_marketplace,28,2026-09-24 16:55:25,5,5.0,1,1,5,0,0.15,,,1 componente(s) sem referencia B2B,,1 componente(s) sem custo,,5 de 5 componente(s) sem saldo utilizavel,True
tiktok,apice,1736157686259811412,,KIT085,kit_suspected,sku_prefix,True,in_scope,185.9,KIT085,bom_empirica_nf,CANDIDATE_REVIEW,apice,False,nf_empirica,pedido_marketplace,4,2026-09-14 12:09:06,3,3.0,0,0,3,0,0.1,155.02,139.52,,29.8933,,,3 de 3 componente(s) sem saldo utilizavel,True
tiktok,apice,1736544815068644436,,KIT029,kit_suspected,sku_prefix,True,in_scope,323.9,KIT029,bom_empirica_nf,CANDIDATE_REVIEW,apice,True,nf_empirica,pedido_marketplace,45,2026-09-22 09:36:46,6,6.0,0,0,6,0,0.15,320.4,272.34,,112.343,,,6 de 6 componente(s) sem saldo utilizavel,True
tiktok,rituaria,1735941436392703032,,ML2PREBIOTICA,kit_suspected,title,True,in_scope,163.9,,produto_interno_sem_codigo_protheus,UNMAPPED,,False,,,,,,,,,,,,,,sem composicao alcancavel,,sem composicao alcancavel,,sem composicao alcancavel,False
tiktok,rituaria,1735537591108338744,,MLMAPINACOMB,kit_suspected,title,True,in_scope,199.9,MLMAPINACOMB,bom_empirica_nf,CANDIDATE_REVIEW,rituaria,False,nf_empirica,pedido_marketplace,930,2026-09-22 16:16:47,4,4.0,4,4,4,0,0.15,,,4 componente(s) sem referencia B2B,,4 componente(s) sem custo,,4 de 4 componente(s) sem saldo utilizavel,True
tiktok,kokeshi,1737580216768300307,,40131,kit_suspected,title,True,in_scope,77.9,40131|KAP99023,multiplos_kits_protheus,AMBIGUOUS,,True,,,,,,,,,,,,,,sem composicao alcancavel,,sem composicao alcancavel,,sem composicao alcancavel,True
tiktok,kokeshi,1731600206886307091,,40016,kit_suspected,title,True,in_scope,98.9,40016,bom_empirica_nf,CANDIDATE_REVIEW,kokeshi,False,nf_empirica,pedido_bling,757,2025-11-30 23:36:23,3,3.0,2,1,3,2,0.1,,,2 componente(s) sem referencia B2B,,1 componente(s) sem custo,,3 de 3 componente(s) sem saldo utilizavel,True
tiktok,kokeshi,1731599986279220499,,40010,kit_suspected,internal_catalog,True,in_scope,49.9,KKS00008,alias_codigo_bling,EXACT_ALIAS,kokeshi,False,protheus_bom,,,,2,2.0,0,0,2,0,0.05,68.8,65.36,,8.4065,,,2 de 2 componente(s) sem saldo utilizavel,False
tiktok,kokeshi,1731591689501967635,,40047,kit_suspected,title,True,in_scope,117.9,40047,bom_empirica_nf,CANDIDATE_REVIEW,kokeshi,False,nf_empirica,pedido_bling,47,2025-11-30 21:34:55,3,3.0,3,1,3,3,0.1,,,3 componente(s) sem referencia B2B,,1 componente(s) sem custo,,3 de 3 componente(s) sem saldo utilizavel,True
tiktok,kokeshi,1732017307681785107,,40058,kit_suspected,title,True,in_scope,116.9,40058,bom_empirica_nf,CANDIDATE_REVIEW,kokeshi,False,nf_empirica,pedido_bling,8,2025-11-30 14:24:40,2,2.0,2,0,2,2,0.05,,,2 componente(s) sem referencia B2B,12.28,,,2 de 2 componente(s) sem saldo utilizavel,True
tiktok,kokeshi,1732017319123911955,,40057,kit_suspected,title,True,in_scope,155.9,40057,bom_empirica_nf,CANDIDATE_REVIEW,kokeshi,False,nf_empirica,pedido_bling,121,2025-11-30 21:56:35,4,4.0,3,1,4,3,0.15,,,3 componente(s) sem referencia B2B,,1 componente(s) sem custo,,4 de 4 componente(s) sem saldo utilizavel,True
tiktok,kokeshi,1737683620114892051,,40135,kit_suspected,title,True,in_scope,56.9,,produto_interno_sem_codigo_protheus,UNMAPPED,,True,,,,,,,,,,,,,,sem composicao alcancavel,,sem composicao alcancavel,,sem composicao alcancavel,False
tiktok,kokeshi,1732017321609233683,,40060,kit_suspected,title,True,in_scope,167.9,40060,bom_empirica_nf,CANDIDATE_REVIEW,kokeshi,False,nf_empirica,pedido_bling,29,2025-11-30 20:37:04,4,4.0,4,1,4,4,0.15,,,4 componente(s) sem referencia B2B,,1 componente(s) sem custo,,4 de 4 componente(s) sem saldo utilizavel,True
tiktok,kokeshi,1733017954831664403,,40083,kit_suspected,title,True,in_scope,110.9,40083,bom_empirica_nf,CANDIDATE_REVIEW,kokeshi,False,nf_empirica,pedido_bling,6,2025-11-28 23:45:55,2,2.0,1,0,2,1,0.05,,,1 componente(s) sem referencia B2B,14.49,,,2 de 2 componente(s) sem saldo utilizavel,True
tiktok,kokeshi,1731599629364593939,,40009,kit_suspected,internal_catalog,True,in_scope,102.9,KKS00032,alias_codigo_bling,EXACT_ALIAS,kokeshi,False,protheus_bom,,,,3,3.0,0,0,3,0,0.1,103.7,93.33,,8.3647,,,3 de 3 componente(s) sem saldo utilizavel,False
tiktok,kokeshi,1732931308756894995,,40072,kit_suspected,title,True,in_scope,110.9,40072,bom_empirica_nf,CANDIDATE_REVIEW,kokeshi,False,nf_empirica,pedido_bling,5,2025-11-11 12:03:29,2,2.0,1,0,2,1,0.05,,,1 componente(s) sem referencia B2B,14.5317,,,2 de 2 componente(s) sem saldo utilizavel,True
tiktok,kokeshi,1731591710382982419,,40046,kit_suspected,title,True,in_scope,102.9,40046,bom_empirica_nf,CANDIDATE_REVIEW,kokeshi,False,nf_empirica,pedido_bling,37,2025-11-30 22:35:54,2,2.0,2,0,2,2,0.05,,,2 componente(s) sem referencia B2B,30.18,,,2 de 2 componente(s) sem saldo utilizavel,True
tiktok,kokeshi,1737668851881575699,,40133,kit_suspected,title,True,in_scope,120.9,40133|KAP99027,multiplos_kits_protheus,AMBIGUOUS,,True,,,,,,,,,,,,,,sem composicao alcancavel,,sem composicao alcancavel,,sem composicao alcancavel,True
tiktok,kokeshi,1732017307011482899,,40056,kit_suspected,title,True,in_scope,113.9,40056,bom_empirica_nf,CANDIDATE_REVIEW,kokeshi,False,nf_empirica,pedido_bling,158,2025-11-30 22:43:30,3,3.0,3,1,3,3,0.1,,,3 componente(s) sem referencia B2B,,1 componente(s) sem custo,,3 de 3 componente(s) sem saldo utilizavel,True
tiktok,kokeshi,1732017234176869651,,40055,kit_suspected,title,True,in_scope,99.9,40055,bom_empirica_nf,CANDIDATE_REVIEW,kokeshi,False,nf_empirica,pedido_bling,38,2025-11-30 19:08:36,2,2.0,2,0,2,2,0.05,,,2 componente(s) sem referencia B2B,27.9,,,2 de 2 componente(s) sem saldo utilizavel,True
tiktok,kokeshi,1732931289017845011,,40071,kit_suspected,title,True,in_scope,99.9,,produto_interno_sem_codigo_protheus,UNMAPPED,,False,,,,,,,,,,,,,,sem composicao alcancavel,,sem composicao alcancavel,,sem composicao alcancavel,False
tiktok,kokeshi,1731600023527916819,,40011,kit_suspected,title,True,in_scope,57.0,40011,bom_empirica_nf,CANDIDATE_REVIEW,kokeshi,False,nf_empirica,pedido_bling,31,2025-11-29 04:38:03,2,2.0,1,0,2,1,0.05,,,1 componente(s) sem referencia B2B,28.7696,,,2 de 2 componente(s) sem saldo utilizavel,True
tiktok,kokeshi,1736038748304409875,,40108,kit_suspected,title,True,in_scope,113.9,,produto_interno_sem_codigo_protheus,UNMAPPED,,False,,,,,,,,,,,,,,sem composicao alcancavel,,sem composicao alcancavel,,sem composicao alcancavel,False
tiktok,barbours,1736050487034676644,,Kit011,kit_suspected,sku_prefix,True,in_scope,113.0,KIT011,bom_empirica_nf,CANDIDATE_REVIEW,barbours,False,nf_empirica,pedido_marketplace,3,2026-09-19 20:14:05,8,8.0,3,0,5,7,0.15,,,3 componente(s) sem referencia B2B,80.7362,,,5 de 8 componente(s) sem saldo utilizavel,True
tiktok,barbours,1735813242211894692,,Kit001,kit_suspected,sku_prefix,True,in_scope,113.0,KIT001,bom_empirica_nf,CANDIDATE_REVIEW,barbours,False,nf_empirica,pedido_marketplace,48,2026-09-24 22:31:33,5,5.0,3,1,2,3,0.15,,,3 componente(s) sem referencia B2B,,1 componente(s) sem custo,,2 de 5 componente(s) sem saldo utilizavel,True
tiktok,barbours,1733480286688216484,,Kit115,kit_suspected,sku_prefix,True,in_scope,157.0,KIT115,bom_empirica_nf,CANDIDATE_REVIEW,barbours,False,nf_empirica,pedido_marketplace,11,2026-07-23 19:23:37,3,3.0,0,0,3,0,0.1,164.7,148.23,,26.7254,,,3 de 3 componente(s) sem saldo utilizavel,True
tiktok,kokeshi,1731600256354977043,,40017,kit_suspected,title,True,in_scope,112.9,40017,bom_empirica_nf,CANDIDATE_REVIEW,kokeshi,False,nf_empirica,pedido_bling,3,2025-11-20 09:10:26,3,3.0,3,2,2,3,0.1,,,3 componente(s) sem referencia B2B,,2 componente(s) sem custo,,2 de 3 componente(s) sem saldo utilizavel,True
tiktok,kokeshi,1735442514914870547,,40107,kit_suspected,title,True,in_scope,113.9,,produto_interno_sem_codigo_protheus,UNMAPPED,,False,,,,,,,,,,,,,,sem composicao alcancavel,,sem composicao alcancavel,,sem composicao alcancavel,False
tiktok,kokeshi,1735042077142910227,,40096,kit_suspected,title,True,in_scope,85.9,,produto_interno_sem_codigo_protheus,UNMAPPED,,False,,,,,,,,,,,,,,sem composicao alcancavel,,sem composicao alcancavel,,sem composicao alcancavel,False
tiktok,kokeshi,1736353163769971987,,40112,kit_suspected,title,True,in_scope,63.9,,produto_interno_sem_codigo_protheus,UNMAPPED,,False,,,,,,,,,,,,,,sem composicao alcancavel,,sem composicao alcancavel,,sem composicao alcancavel,False
tiktok,kokeshi,1735042094409418003,,40097,kit_suspected,title,True,in_scope,56.9,,produto_interno_sem_codigo_protheus,UNMAPPED,,False,,,,,,,,,,,,,,sem composicao alcancavel,,sem composicao alcancavel,,sem composicao alcancavel,False
tiktok,kokeshi,1735058102712894739,,40098,kit_suspected,title,True,in_scope,84.9,,produto_interno_sem_codigo_protheus,UNMAPPED,,False,,,,,,,,,,,,,,sem composicao alcancavel,,sem composicao alcancavel,,sem composicao alcancavel,False
tiktok,kokeshi,1735058036541064467,,40099,kit_suspected,title,True,in_scope,185.9,,produto_interno_sem_codigo_protheus,UNMAPPED,,False,,,,,,,,,,,,,,sem composicao alcancavel,,sem composicao alcancavel,,sem composicao alcancavel,False
tiktok,kokeshi,1734907320185095443,,40093,kit_suspected,title,True,in_scope,99.9,,produto_interno_sem_codigo_protheus,UNMAPPED,,False,,,,,,,,,,,,,,sem composicao alcancavel,,sem composicao alcancavel,,sem composicao alcancavel,False
tiktok,kokeshi,1731600337016751379,,40022,kit_suspected,title,True,in_scope,116.9,40022,bom_empirica_nf,CANDIDATE_REVIEW,kokeshi,False,nf_empirica,pedido_bling,350,2025-11-30 23:31:00,2,4.0,2,1,2,2,0.15,,,2 componente(s) sem referencia B2B,,1 componente(s) sem custo,,2 de 2 componente(s) sem saldo utilizavel,True
tiktok,kokeshi,1731589216128173331,,40019,kit_suspected,internal_catalog,True,in_scope,64.9,KKS00015,alias_codigo_bling,EXACT_ALIAS,kokeshi,False,protheus_bom,,,,2,2.0,0,0,2,0,0.05,55.8,53.01,,7.3552,,,2 de 2 componente(s) sem saldo utilizavel,False
tiktok,kokeshi,1736896768734496019,,40092,kit_suspected,title,True,in_scope,70.9,,produto_interno_sem_codigo_protheus,UNMAPPED,,False,,,,,,,,,,,,,,sem composicao alcancavel,,sem composicao alcancavel,,sem composicao alcancavel,False
tiktok,kokeshi,1735868212848592147,,40053,kit_suspected,title,True,in_scope,156.9,40053,bom_empirica_nf,CANDIDATE_REVIEW,kokeshi,False,nf_empirica,pedido_bling,66,2025-11-30 19:58:52,3,5.0,2,1,3,2,0.15,,,2 componente(s) sem referencia B2B,,1 componente(s) sem custo,,3 de 3 componente(s) sem saldo utilizavel,True
tiktok,kokeshi,1736050674609849619,,40106,kit_suspected,title,True,in_scope,92.9,,produto_interno_sem_codigo_protheus,UNMAPPED,,False,,,,,,,,,,,,,,sem composicao alcancavel,,sem composicao alcancavel,,sem composicao alcancavel,False
tiktok,kokeshi,1736333102599603475,,40109,kit_suspected,title,True,in_scope,177.9,,produto_interno_sem_codigo_protheus,UNMAPPED,,False,,,,,,,,,,,,,,sem composicao alcancavel,,sem composicao alcancavel,,sem composicao alcancavel,False
tiktok,kokeshi,1736368492313806099,,40115,kit_suspected,title,True,in_scope,142.9,,produto_interno_sem_codigo_protheus,UNMAPPED,,False,,,,,,,,,,,,,,sem composicao alcancavel,,sem composicao alcancavel,,sem composicao alcancavel,False
tiktok,kokeshi,1736368320839714067,,40113,kit_suspected,title,True,in_scope,113.9,,produto_interno_sem_codigo_protheus,UNMAPPED,,False,,,,,,,,,,,,,,sem composicao alcancavel,,sem composicao alcancavel,,sem composicao alcancavel,False
tiktok,kokeshi,1736353033729312019,,40114,kit_suspected,title,True,in_scope,113.9,,produto_interno_sem_codigo_protheus,UNMAPPED,,False,,,,,,,,,,,,,,sem composicao alcancavel,,sem composicao alcancavel,,sem composicao alcancavel,False
tiktok,kokeshi,1731600318982685971,,40021,kit_suspected,title,True,in_scope,57.0,40021,bom_empirica_nf,CANDIDATE_REVIEW,kokeshi,False,nf_empirica,pedido_bling,3,2025-11-29 18:22:17,2,2.0,1,1,1,1,0.05,,,1 componente(s) sem referencia B2B,,1 componente(s) sem custo,,1 de 2 componente(s) sem saldo utilizavel,True
tiktok,kokeshi,1735442439856096531,,40105,kit_suspected,title,True,in_scope,63.9,,produto_interno_sem_codigo_protheus,UNMAPPED,,False,,,,,,,,,,,,,,sem composicao alcancavel,,sem composicao alcancavel,,sem composicao alcancavel,False
tiktok,kokeshi,1731600119669425427,,40012,kit_suspected,internal_catalog,True,in_scope,92.9,KKS00010,alias_codigo_bling,EXACT_ALIAS,kokeshi,False,protheus_bom,,,,2,2.0,0,0,2,0,0.05,79.8,75.81,,8.8337,,,2 de 2 componente(s) sem saldo utilizavel,False
tiktok,kokeshi,1735442418798986515,,40104,kit_suspected,title,True,in_scope,70.9,,produto_interno_sem_codigo_protheus,UNMAPPED,,False,,,,,,,,,,,,,,sem composicao alcancavel,,sem composicao alcancavel,,sem composicao alcancavel,False
tiktok,kokeshi,1731781700585620755,,40054,kit_suspected,title,True,in_scope,76.9,,produto_interno_sem_codigo_protheus,UNMAPPED,,False,,,,,,,,,,,,,,sem composicao alcancavel,,sem composicao alcancavel,,sem composicao alcancavel,False
tiktok,kokeshi,1731600161094731027,,40014,kit_suspected,title,True,in_scope,92.9,40014,bom_empirica_nf,CANDIDATE_REVIEW,kokeshi,False,nf_empirica,pedido_bling,2,2025-11-23 22:08:42,3,3.0,3,2,2,3,0.1,,,3 componente(s) sem referencia B2B,,2 componente(s) sem custo,,2 de 3 componente(s) sem saldo utilizavel,True
tiktok,kokeshi,1731600293202199827,,40018,kit_suspected,internal_catalog,True,in_scope,170.9,KKS00017,alias_codigo_bling,EXACT_ALIAS,kokeshi,False,protheus_bom,,,,2,2.0,0,0,2,0,0.05,92.8,88.16,,9.885,,,2 de 2 componente(s) sem saldo utilizavel,False
tiktok,kokeshi,1735351739770701075,,40103,kit_suspected,title,True,in_scope,113.9,,produto_interno_sem_codigo_protheus,UNMAPPED,,False,,,,,,,,,,,,,,sem composicao alcancavel,,sem composicao alcancavel,,sem composicao alcancavel,False
tiktok,rituaria,1736656607986222136,,MLBRAINPREB,kit_suspected,title,True,in_scope,170.9,MLBRAINPREB,bom_empirica_nf,CANDIDATE_REVIEW,rituaria,False,nf_empirica,pedido_marketplace,26,2026-09-21 19:20:41,2,2.0,2,2,2,0,0.05,,,2 componente(s) sem referencia B2B,,2 componente(s) sem custo,,2 de 2 componente(s) sem saldo utilizavel,True
tiktok,rituaria,1736656198515328056,,MLBRAINPREB4MAG,kit_suspected,title,True,in_scope,227.9,MLBRAINPREB4MAG,bom_empirica_nf,CANDIDATE_REVIEW,rituaria,False,nf_empirica,pedido_marketplace,44,2026-09-22 14:33:33,3,3.0,3,3,3,0,0.1,,,3 componente(s) sem referencia B2B,,3 componente(s) sem custo,,3 de 3 componente(s) sem saldo utilizavel,True
tiktok,apice,1736195046583862356,,KIT073,kit_suspected,sku_prefix,True,in_scope,263.9,KIT073,bom_empirica_nf,CANDIDATE_REVIEW,apice,False,nf_empirica,pedido_marketplace,60,2026-09-21 16:42:00,5,5.0,0,0,5,0,0.15,250.5,212.92,,100.473,,,5 de 5 componente(s) sem saldo utilizavel,True
tiktok,apice,1735116033206420564,,VKN35231,kit_suspected,title,True,in_scope,79.9,VKN35231,bom_empirica_nf,CANDIDATE_REVIEW,apice,False,nf_empirica,pedido_marketplace,204,2026-09-24 14:22:02,2,2.0,1,0,2,0,0.05,,,1 componente(s) sem referencia B2B,26.6936,,,2 de 2 componente(s) sem saldo utilizavel,True
tiktok,barbours,1735404431968798116,,Kit141,kit_suspected,sku_prefix,True,in_scope,199.86,KIT141,bom_empirica_nf,CANDIDATE_REVIEW,barbours,False,nf_empirica,pedido_marketplace,1,2026-09-04 16:45:44,4,4.0,2,1,0,2,0.15,,,2 componente(s) sem referencia B2B,,1 componente(s) sem custo,462,,True
tiktok,apice,1736862899267798100,,KIT069,kit_suspected,sku_prefix,True,in_scope,285.9,KIT069,bom_empirica_nf,CANDIDATE_REVIEW,apice,True,nf_empirica,pedido_marketplace,11,2026-09-22 11:45:20,5,5.0,0,0,5,0,0.15,250.5,212.92,,66.2404,,,5 de 5 componente(s) sem saldo utilizavel,True
tiktok,barbours,1732635960340219300,,Kit102,kit_suspected,sku_prefix,True,in_scope,113.0,,produto_interno_sem_codigo_protheus,UNMAPPED,,False,,,,,,,,,,,,,,sem composicao alcancavel,,sem composicao alcancavel,,sem composicao alcancavel,False
tiktok,barbours,1731980385874249124,,Kit010,kit_suspected,sku_prefix,True,in_scope,113.0,KIT010,bom_empirica_nf,CANDIDATE_REVIEW,barbours,False,nf_empirica,pedido_marketplace,4,2026-08-31 15:06:28,4,4.0,4,0,1,2,0.15,,,4 componente(s) sem referencia B2B,50.5686,,,1 de 4 componente(s) sem saldo utilizavel,True
tiktok,barbours,1735404297264727460,,Kit139,kit_suspected,sku_prefix,True,in_scope,199.86,,produto_interno_sem_codigo_protheus,UNMAPPED,,False,,,,,,,,,,,,,,sem composicao alcancavel,,sem composicao alcancavel,,sem composicao alcancavel,False
tiktok,barbours,1731981776741631396,,Kit049,kit_suspected,sku_prefix,True,in_scope,113.0,,produto_interno_sem_codigo_protheus,UNMAPPED,,False,,,,,,,,,,,,,,sem composicao alcancavel,,sem composicao alcancavel,,sem composicao alcancavel,False
tiktok,barbours,1736530891817780644,,KIT148,kit_suspected,sku_prefix,True,in_scope,106.9,KIT148,bom_empirica_nf,CANDIDATE_REVIEW,barbours,False,nf_empirica,pedido_marketplace,10,2026-09-04 18:03:01,2,2.0,1,1,0,1,0.05,,,1 componente(s) sem referencia B2B,,1 componente(s) sem custo,462,,True
tiktok,barbours,1732006500138517924,,Kit058,kit_suspected,sku_prefix,True,in_scope,157.0,KIT058,bom_empirica_nf,CANDIDATE_REVIEW,barbours,False,nf_empirica,pedido_marketplace,3,2026-09-17 07:39:37,7,7.0,2,0,6,5,0.15,,,2 componente(s) sem referencia B2B,102.8174,,,6 de 7 componente(s) sem saldo utilizavel,True
tiktok,barbours,1733512508575679908,,Kit116,kit_suspected,sku_prefix,True,in_scope,114.0,KIT116,bom_empirica_nf,CANDIDATE_REVIEW,barbours,False,nf_empirica,pedido_marketplace,23,2026-06-29 19:51:45,2,2.0,0,0,2,0,0.05,104.8,99.56,,16.3099,,,2 de 2 componente(s) sem saldo utilizavel,True
tiktok,barbours,1731981731389670820,,Kit050,kit_suspected,sku_prefix,True,in_scope,113.0,,produto_interno_sem_codigo_protheus,UNMAPPED,,False,,,,,,,,,,,,,,sem composicao alcancavel,,sem composicao alcancavel,,sem composicao alcancavel,False
tiktok,barbours,1731980347510326692,,Kit005,kit_suspected,sku_prefix,True,in_scope,113.0,KIT005,bom_empirica_nf,CANDIDATE_REVIEW,barbours,False,nf_empirica,pedido_marketplace,6,2026-09-23 22:00:25,7,7.0,3,2,4,6,0.15,,,3 componente(s) sem referencia B2B,,2 componente(s) sem custo,,4 de 7 componente(s) sem saldo utilizavel,True
tiktok,barbours,1736900034247361956,,KIT156,kit_suspected,sku_prefix,True,in_scope,109.9,KIT156,bom_empirica_nf,CANDIDATE_REVIEW,barbours,False,nf_empirica,pedido_marketplace,2,2026-09-12 12:40:14,2,2.0,1,1,1,1,0.05,,,1 componente(s) sem referencia B2B,,1 componente(s) sem custo,,1 de 2 componente(s) sem saldo utilizavel,True
tiktok,barbours,1732944628799145380,,Kit112,kit_suspected,sku_prefix,True,in_scope,157.0,,produto_interno_sem_codigo_protheus,UNMAPPED,,False,,,,,,,,,,,,,,sem composicao alcancavel,,sem composicao alcancavel,,sem composicao alcancavel,False
tiktok,barbours,1731981631267505572,,Kit040,kit_suspected,sku_prefix,True,in_scope,157.0,,produto_interno_sem_codigo_protheus,UNMAPPED,,False,,,,,,,,,,,,,,sem composicao alcancavel,,sem composicao alcancavel,,sem composicao alcancavel,False
tiktok,barbours,1731952942949696932,,Kit002,kit_suspected,sku_prefix,True,in_scope,113.0,KIT002,bom_empirica_nf,CANDIDATE_REVIEW,barbours,False,nf_empirica,pedido_marketplace,4,2026-07-26 13:15:02,2,2.0,1,1,0,1,0.05,,,1 componente(s) sem referencia B2B,,1 componente(s) sem custo,435,,True
tiktok,barbours,1736899622603883940,,KIT154,kit_suspected,sku_prefix,True,in_scope,285.9,KIT154,bom_empirica_nf,CANDIDATE_REVIEW,barbours,False,nf_empirica,pedido_marketplace,25,2026-09-14 12:58:21,6,6.0,2,1,4,2,0.15,,,2 componente(s) sem referencia B2B,,1 componente(s) sem custo,,4 de 6 componente(s) sem saldo utilizavel,True
tiktok,barbours,1736530908286387620,,KIT149,kit_suspected,sku_prefix,True,in_scope,156.9,,produto_interno_sem_codigo_protheus,UNMAPPED,,False,,,,,,,,,,,,,,sem composicao alcancavel,,sem composicao alcancavel,,sem composicao alcancavel,False
tiktok,barbours,1734923937018906020,,Kit133,kit_suspected,sku_prefix,True,in_scope,108.86,KIT133,bom_empirica_nf,CANDIDATE_REVIEW,barbours,False,nf_empirica,pedido_marketplace,4,2026-08-20 21:29:10,2,2.0,1,0,1,1,0.05,,,1 componente(s) sem referencia B2B,29.762,,,1 de 2 componente(s) sem saldo utilizavel,True
tiktok,barbours,1736879637691205028,,KIT153,kit_suspected,sku_prefix,True,in_scope,285.9,KIT153,bom_empirica_nf,CANDIDATE_REVIEW,barbours,False,nf_empirica,pedido_marketplace,5,2026-09-09 12:04:36,6,6.0,0,0,6,0,0.15,329.4,279.99,,53.4644,,,6 de 6 componente(s) sem saldo utilizavel,True
tiktok,barbours,1737023992738973092,,Kit140,kit_suspected,sku_prefix,True,in_scope,199.9,KIT140,bom_empirica_nf,CANDIDATE_REVIEW,barbours,False,nf_empirica,pedido_marketplace,1,2026-09-04 08:59:15,4,4.0,1,0,2,1,0.15,,,1 componente(s) sem referencia B2B,47.5474,,,2 de 4 componente(s) sem saldo utilizavel,True
tiktok,barbours,1736376374936241572,,BB02090,kit_suspected,title,True,in_scope,113.9,,produto_interno_sem_codigo_protheus,UNMAPPED,,False,,,,,,,,,,,,,,sem composicao alcancavel,,sem composicao alcancavel,,sem composicao alcancavel,False
tiktok,barbours,1732944049058186660,,Kit108,kit_suspected,sku_prefix,True,in_scope,157.0,KIT108,bom_empirica_nf,CANDIDATE_REVIEW,barbours,False,nf_empirica,pedido_marketplace,3,2026-09-04 16:34:08,3,3.0,1,0,2,1,0.1,,,1 componente(s) sem referencia B2B,38.3493,,,2 de 3 componente(s) sem saldo utilizavel,True
tiktok,barbours,1736911443230360996,,KIT158,kit_suspected,sku_prefix,True,in_scope,109.9,KIT158,bom_empirica_nf,CANDIDATE_REVIEW,barbours,False,nf_empirica,pedido_marketplace,4,2026-09-09 21:25:20,2,2.0,0,0,2,0,0.05,109.8,104.31,,17.9467,,,2 de 2 componente(s) sem saldo utilizavel,True
tiktok,barbours,1736912140400362916,,KIT161,kit_suspected,sku_prefix,True,in_scope,109.9,KIT161,bom_empirica_nf,CANDIDATE_REVIEW,barbours,False,nf_empirica,pedido_marketplace,2,2026-08-11 22:53:35,2,2.0,0,0,2,0,0.05,109.8,104.31,,18.9218,,,2 de 2 componente(s) sem saldo utilizavel,True
tiktok,barbours,1736911456725206436,,KIT159,kit_suspected,sku_prefix,True,in_scope,109.9,,produto_interno_sem_codigo_protheus,UNMAPPED,,False,,,,,,,,,,,,,,sem composicao alcancavel,,sem composicao alcancavel,,sem composicao alcancavel,False
tiktok,barbours,1737523522059404708,,Kit135,kit_suspected,sku_prefix,True,in_scope,108.9,,produto_interno_sem_codigo_protheus,UNMAPPED,,False,,,,,,,,,,,,,,sem composicao alcancavel,,sem composicao alcancavel,,sem composicao alcancavel,False
tiktok,barbours,1736548110314603940,,KIT152,kit_suspected,sku_prefix,True,in_scope,285.9,KIT152,bom_empirica_nf,CANDIDATE_REVIEW,barbours,False,nf_empirica,pedido_marketplace,2,2026-08-12 15:00:43,6,6.0,1,0,4,1,0.15,,,1 componente(s) sem referencia B2B,66.4697,,,4 de 6 componente(s) sem saldo utilizavel,True
tiktok,barbours,1737327204970104228,,KIT165,kit_suspected,sku_prefix,True,in_scope,203.9,KIT165,bom_empirica_nf,CANDIDATE_REVIEW,barbours,False,nf_empirica,pedido_marketplace,3,2026-09-24 23:46:55,4,4.0,1,0,3,1,0.15,,,1 componente(s) sem referencia B2B,54.0148,,,3 de 4 componente(s) sem saldo utilizavel,True
tiktok,barbours,1734829496461985188,,Kit131,kit_suspected,sku_prefix,True,in_scope,108.86,KIT131,bom_empirica_nf,CANDIDATE_REVIEW,barbours,False,nf_empirica,pedido_marketplace,3,2026-08-12 15:49:26,2,2.0,1,0,1,1,0.05,,,1 componente(s) sem referencia B2B,30.8068,,,1 de 2 componente(s) sem saldo utilizavel,True
tiktok,barbours,1736373614878950820,,KIT147,kit_suspected,sku_prefix,True,in_scope,242.9,KIT147,bom_empirica_nf,CANDIDATE_REVIEW,barbours,False,nf_empirica,pedido_marketplace,15,2026-09-24 14:02:45,4,4.0,2,0,2,1,0.15,,,2 componente(s) sem referencia B2B,57.2628,,,2 de 4 componente(s) sem saldo utilizavel,True
tiktok,barbours,1736912262370788772,,KIT163,kit_suspected,sku_prefix,True,in_scope,199.9,,produto_interno_sem_codigo_protheus,UNMAPPED,,False,,,,,,,,,,,,,,sem composicao alcancavel,,sem composicao alcancavel,,sem composicao alcancavel,False
tiktok,barbours,1737558509450266020,,KIT143,kit_suspected,sku_prefix,True,in_scope,108.9,KIT143,bom_empirica_nf,CANDIDATE_REVIEW,barbours,False,nf_empirica,pedido_marketplace,48,2026-09-24 05:20:11,2,2.0,1,0,1,1,0.05,,,1 componente(s) sem referencia B2B,29.9977,,,1 de 2 componente(s) sem saldo utilizavel,True
tiktok,barbours,1737252059530757540,,KIT151,kit_suspected,sku_prefix,True,in_scope,142.9,,produto_interno_sem_codigo_protheus,UNMAPPED,,False,,,,,,,,,,,,,,sem composicao alcancavel,,sem composicao alcancavel,,sem composicao alcancavel,False
tiktok,barbours,1736880261198874020,,KIT155,kit_suspected,sku_prefix,True,in_scope,156.9,KIT155,bom_empirica_nf,CANDIDATE_REVIEW,barbours,False,nf_empirica,pedido_marketplace,7,2026-09-09 21:39:45,3,3.0,0,0,3,0,0.1,164.7,148.23,,26.9996,,,3 de 3 componente(s) sem saldo utilizavel,True
tiktok,barbours,1736912170329015716,,KIT162,kit_suspected,sku_prefix,True,in_scope,199.9,,produto_interno_sem_codigo_protheus,UNMAPPED,,False,,,,,,,,,,,,,,sem composicao alcancavel,,sem composicao alcancavel,,sem composicao alcancavel,False
tiktok,barbours,1734449136740828580,,Kit109,kit_suspected,sku_prefix,True,in_scope,157.0,KIT109,bom_empirica_nf,CANDIDATE_REVIEW,barbours,False,nf_empirica,pedido_marketplace,1,2026-08-11 12:38:14,3,3.0,1,0,0,1,0.1,,,1 componente(s) sem referencia B2B,38.0427,,435,,True
tiktok,barbours,1736912132722492836,,KIT160,kit_suspected,sku_prefix,True,in_scope,109.9,KIT160,bom_empirica_nf,CANDIDATE_REVIEW,barbours,False,nf_empirica,pedido_marketplace,16,2026-09-23 22:52:30,2,2.0,0,0,2,0,0.05,109.8,104.31,,18.2729,,,2 de 2 componente(s) sem saldo utilizavel,True
tiktok,barbours,1734923911425394084,,Kit132,kit_suspected,sku_prefix,True,in_scope,108.86,,produto_interno_sem_codigo_protheus,UNMAPPED,,False,,,,,,,,,,,,,,sem composicao alcancavel,,sem composicao alcancavel,,sem composicao alcancavel,False
tiktok,apice,1736212351594300500,,KIT087,kit_suspected,sku_prefix,True,in_scope,235.9,KIT087,bom_empirica_nf,CANDIDATE_REVIEW,apice,True,nf_empirica,pedido_marketplace,7,2026-09-23 21:08:47,4,4.0,0,0,4,0,0.15,202.24,171.9,,37.876,,,4 de 4 componente(s) sem saldo utilizavel,True
tiktok,barbours,1734812666654983588,,Kit129,kit_suspected,sku_prefix,True,in_scope,108.86,,produto_interno_sem_codigo_protheus,UNMAPPED,,False,,,,,,,,,,,,,,sem composicao alcancavel,,sem composicao alcancavel,,sem composicao alcancavel,False
tiktok,barbours,1734637538241119652,,Kit126,kit_suspected,sku_prefix,True,in_scope,108.86,,produto_interno_sem_codigo_protheus,UNMAPPED,,False,,,,,,,,,,,,,,sem composicao alcancavel,,sem composicao alcancavel,,sem composicao alcancavel,False
tiktok,barbours,1735404156148155812,,Kit134,kit_suspected,sku_prefix,True,in_scope,108.86,,produto_interno_sem_codigo_protheus,UNMAPPED,,False,,,,,,,,,,,,,,sem composicao alcancavel,,sem composicao alcancavel,,sem composicao alcancavel,False
tiktok,barbours,1734443594262414756,,Kit123,kit_suspected,sku_prefix,True,in_scope,157.0,,produto_interno_sem_codigo_protheus,UNMAPPED,,False,,,,,,,,,,,,,,sem composicao alcancavel,,sem composicao alcancavel,,sem composicao alcancavel,False
tiktok,barbours,1733788128229688740,,Kit117,kit_suspected,sku_prefix,True,in_scope,114.0,KIT117,bom_empirica_nf,CANDIDATE_REVIEW,barbours,False,nf_empirica,pedido_marketplace,175,2026-09-24 20:33:44,2,2.0,1,0,1,1,0.05,,,1 componente(s) sem referencia B2B,30.0276,,,1 de 2 componente(s) sem saldo utilizavel,True
tiktok,barbours,1732944459789600164,,Kit110,kit_suspected,sku_prefix,True,in_scope,157.0,KIT110,bom_empirica_nf,CANDIDATE_REVIEW,barbours,False,nf_empirica,pedido_marketplace,5,2026-09-04 16:26:19,3,3.0,1,0,1,1,0.1,,,1 componente(s) sem referencia B2B,37.6785,,,1 de 3 componente(s) sem saldo utilizavel,True
tiktok,barbours,1734542535752189348,,Kit124,kit_suspected,sku_prefix,True,in_scope,157.0,KIT124,bom_empirica_nf,CANDIDATE_REVIEW,barbours,False,nf_empirica,pedido_marketplace,46,2026-09-22 15:49:08,3,3.0,0,0,3,0,0.1,164.7,148.23,,25.8615,,,3 de 3 componente(s) sem saldo utilizavel,True
tiktok,barbours,1736911353965741476,,KIT157,kit_suspected,sku_prefix,True,in_scope,109.9,KIT157,bom_empirica_nf,CANDIDATE_REVIEW,barbours,False,nf_empirica,pedido_marketplace,3,2026-09-04 14:28:17,2,2.0,1,0,1,1,0.05,,,1 componente(s) sem referencia B2B,29.6715,,,1 de 2 componente(s) sem saldo utilizavel,True
tiktok,barbours,1737135520401425828,,Kit130,kit_suspected,sku_prefix,True,in_scope,108.9,KIT130,bom_empirica_nf,CANDIDATE_REVIEW,barbours,False,nf_empirica,pedido_marketplace,6,2026-08-11 16:01:40,2,2.0,1,0,0,1,0.05,,,1 componente(s) sem referencia B2B,30.136,,1562,,True
tiktok,barbours,1732635901810476452,,Kit103,kit_suspected,sku_prefix,True,in_scope,113.0,,produto_interno_sem_codigo_protheus,UNMAPPED,,False,,,,,,,,,,,,,,sem composicao alcancavel,,sem composicao alcancavel,,sem composicao alcancavel,False
tiktok,barbours,1734542805680686500,,Kit125,kit_suspected,sku_prefix,True,in_scope,157.0,KIT125,bom_empirica_nf,CANDIDATE_REVIEW,barbours,False,nf_empirica,pedido_marketplace,6,2026-09-11 11:49:12,3,3.0,1,0,2,1,0.1,,,1 componente(s) sem referencia B2B,39.4884,,,2 de 3 componente(s) sem saldo utilizavel,True
tiktok,barbours,1735404282746078628,,Kit138,kit_suspected,sku_prefix,True,in_scope,108.86,KIT138,bom_empirica_nf,CANDIDATE_REVIEW,barbours,False,nf_empirica,pedido_marketplace,1,2026-09-24 14:30:41,2,2.0,1,0,1,1,0.05,,,1 componente(s) sem referencia B2B,32.0088,,,1 de 2 componente(s) sem saldo utilizavel,True
tiktok,barbours,1731981411172582820,,Kit025,kit_suspected,sku_prefix,True,in_scope,171.0,KIT025,bom_empirica_nf,CANDIDATE_REVIEW,barbours,False,nf_empirica,pedido_marketplace,10,2026-09-18 06:44:48,7,7.0,1,0,6,5,0.15,,,1 componente(s) sem referencia B2B,127.1324,,,6 de 7 componente(s) sem saldo utilizavel,True
tiktok,barbours,1737432475493041572,,Kit113,kit_suspected,sku_prefix,True,in_scope,157.0,KIT113,bom_empirica_nf,CANDIDATE_REVIEW,barbours,False,nf_empirica,pedido_marketplace,39,2026-07-30 10:49:01,3,3.0,0,0,3,0,0.1,164.7,148.23,,26.9896,,,3 de 3 componente(s) sem saldo utilizavel,True
tiktok,barbours,1737224202505782692,,KIT146,kit_suspected,sku_prefix,True,in_scope,285.9,KIT146,bom_empirica_nf,CANDIDATE_REVIEW,barbours,False,nf_empirica,pedido_marketplace,154,2026-09-24 10:32:10,6,6.0,2,1,2,2,0.15,,,2 componente(s) sem referencia B2B,,1 componente(s) sem custo,,2 de 6 componente(s) sem saldo utilizavel,True
tiktok,barbours,1731981777798071716,,Kit056,kit_suspected,sku_prefix,True,in_scope,156.9,KIT056,bom_empirica_nf,CANDIDATE_REVIEW,barbours,False,nf_empirica,pedido_marketplace,7,2026-08-29 11:31:34,4,4.0,0,0,4,4,0.15,195.6,166.26,,44.5101,,,4 de 4 componente(s) sem saldo utilizavel,True
tiktok,barbours,1736548030610376100,,KIT150,kit_suspected,sku_prefix,True,in_scope,285.9,KIT150,bom_empirica_nf,CANDIDATE_REVIEW,barbours,False,nf_empirica,pedido_marketplace,266,2026-09-24 21:43:25,6,6.0,1,0,4,1,0.15,,,1 componente(s) sem referencia B2B,66.3521,,,4 de 6 componente(s) sem saldo utilizavel,True
tiktok,barbours,1736912347906409892,,KIT164,kit_suspected,sku_prefix,True,in_scope,285.9,,produto_interno_sem_codigo_protheus,UNMAPPED,,False,,,,,,,,,,,,,,sem composicao alcancavel,,sem composicao alcancavel,,sem composicao alcancavel,False
tiktok,barbours,1732944608433767844,,Kit107,kit_suspected,sku_prefix,True,in_scope,157.0,KIT107,bom_empirica_nf,CANDIDATE_REVIEW,barbours,False,nf_empirica,pedido_marketplace,7,2026-08-12 16:07:34,3,3.0,1,0,1,1,0.1,,,1 componente(s) sem referencia B2B,40.0049,,,1 de 3 componente(s) sem saldo utilizavel,True
tiktok,rituaria,1731961851357529144,,MLANTIOXNFABU,kit_suspected,title,True,in_scope,240.9,MLANTIOXNFABU,bom_empirica_nf,CANDIDATE_REVIEW,rituaria,False,nf_empirica,pedido_marketplace,7,2026-09-01 21:55:41,2,2.0,2,2,2,0,0.05,,,2 componente(s) sem referencia B2B,,2 componente(s) sem custo,,2 de 2 componente(s) sem saldo utilizavel,True
tiktok,rituaria,1733481784351360056,,MLIPECIRCU,kit_suspected,title,True,in_scope,256.9,MLIPECIRCU,bom_empirica_nf,CANDIDATE_REVIEW,rituaria,False,nf_empirica,pedido_marketplace,13,2026-09-21 00:01:00,2,2.0,1,1,2,0,0.05,,,1 componente(s) sem referencia B2B,,1 componente(s) sem custo,,2 de 2 componente(s) sem saldo utilizavel,True
tiktok,apice,1732308740498949204,,KIT001,kit_suspected,sku_prefix,True,in_scope,92.9,KIT001,bom_empirica_nf,CANDIDATE_REVIEW,apice,True,nf_empirica,pedido_marketplace,48,2026-09-24 22:31:33,5,5.0,3,1,2,3,0.15,,,3 componente(s) sem referencia B2B,,1 componente(s) sem custo,,2 de 5 componente(s) sem saldo utilizavel,True
tiktok,apice,1732308781665846356,,KIT009,kit_suspected,sku_prefix,True,in_scope,213.9,KIT009,bom_empirica_nf,CANDIDATE_REVIEW,apice,True,nf_empirica,pedido_marketplace,185,2026-09-24 16:11:39,4,4.0,0,0,4,0,0.15,204.6,173.91,,33.7517,,,4 de 4 componente(s) sem saldo utilizavel,True
tiktok,apice,1732308627614434388,,KIT005,kit_suspected,sku_prefix,True,in_scope,156.9,KIT005,bom_empirica_nf,CANDIDATE_REVIEW,apice,True,nf_empirica,pedido_marketplace,6,2026-09-23 22:00:25,7,7.0,3,2,4,4,0.15,,,3 componente(s) sem referencia B2B,,2 componente(s) sem custo,,4 de 7 componente(s) sem saldo utilizavel,True
tiktok,apice,1732308779873174612,,KIT007,kit_suspected,sku_prefix,True,in_scope,172.9,KIT007,bom_empirica_nf,CANDIDATE_REVIEW,apice,False,nf_empirica,pedido_marketplace,12,2026-09-23 15:10:35,5,5.0,2,0,3,2,0.15,,,2 componente(s) sem referencia B2B,40.866,,,3 de 5 componente(s) sem saldo utilizavel,True
