canal,observado_em,marca_canal,item_id,model_id,seller_sku,sinal_kit,fonte_do_sinal,ativo,escopo,referencia_antes,motivo_antes,status_ponte,metodo_ponte,kit_protheus,marca_kit,n_componentes,unidades,componentes,quantidades,componentes_resolvidos,metodos_do_componente,valor_antes_do_desconto,faixa_desconto,referencia_depois,motivo_depois,ganhou_referencia,bloqueado_para_aprovacao
tiktok,2026-09-25,kokeshi,1736333598178182419,,40110,kit_suspected,title,True,in_scope,,kit_composition_missing,UNMAPPED,,,,,,,,0,,,,,kit_bridge_not_promotable,False,False
shopee,2026-09-25,lescent,58158576082,,KIT007,kit_suspected,sku_prefix,True,in_scope,,kit_composition_missing,UNMAPPED,,,,,,,,0,,,,,kit_bridge_not_promotable,False,False
shopee,2026-09-25,lescent,54408581546,,KIT010,kit_suspected,sku_prefix,True,in_scope,,kit_composition_missing,UNMAPPED,,,,,,,,0,,,,,kit_bridge_not_promotable,False,False
shopee,2026-09-25,rituaria,23493696563,,MLLIMPDUPL,kit_confirmed,channel_flag,True,in_scope,,kit_composition_missing,UNMAPPED,,,,,,,,0,,,,,kit_bridge_not_promotable,False,False
shopee,2026-09-25,rituaria,23393735263,,MLANTIOXNFABU,kit_confirmed,channel_flag,True,in_scope,,kit_composition_missing,UNMAPPED,,,,,,,,0,,,,,kit_bridge_not_promotable,False,False
shopee,2026-09-25,barbours,47513375815,,BB02090,kit_suspected,title,True,in_scope,,kit_composition_missing,UNMAPPED,,,,,,,,0,,,,,kit_bridge_not_promotable,False,False
shopee,2026-09-25,lescent,52258586269,,KIT012,kit_suspected,sku_prefix,True,in_scope,,kit_composition_missing,UNMAPPED,,,,,,,,0,,,,,kit_bridge_not_promotable,False,False
shopee,2026-09-25,lescent,28294565754,,KIT006,kit_suspected,sku_prefix,True,in_scope,,kit_composition_missing,UNMAPPED,,,,,,,,0,,,,,kit_bridge_not_promotable,False,False
shopee,2026-09-25,apice,58265759217,,01346,kit_suspected,title,True,in_scope,,kit_composition_missing,UNMAPPED,,,,,,,,0,,,,,kit_bridge_not_promotable,False,False
shopee,2026-09-25,lescent,50408581234,,KIT005,kit_suspected,sku_prefix,True,in_scope,,kit_composition_missing,UNMAPPED,,,,,,,,0,,,,,kit_bridge_not_promotable,False,False
shopee,2026-09-25,barbours,20498290475,,KIT045,kit_confirmed,channel_flag,False,in_scope,,kit_composition_missing,UNMAPPED,,,,,,,,0,,,,,kit_bridge_not_promotable,False,False
shopee,2026-09-25,barbours,22598846773,,KIT039,kit_confirmed,channel_flag,True,in_scope,,kit_composition_missing,UNMAPPED,,,,,,,,0,,,,,kit_bridge_not_promotable,False,False
shopee,2026-09-25,barbours,22198866598,,KIT059,kit_confirmed,channel_flag,False,in_scope,,kit_composition_missing,UNMAPPED,,,,,,,,0,,,,,kit_bridge_not_promotable,False,False
shopee,2026-09-25,barbours,22194353816,,KIT001,kit_confirmed,channel_flag,False,in_scope,,kit_composition_missing,UNMAPPED,,,,,,,,0,,,,,kit_bridge_not_promotable,False,False
shopee,2026-09-25,barbours,23498842442,,KIT081,kit_confirmed,channel_flag,False,in_scope,,kit_composition_missing,UNMAPPED,,,,,,,,0,,,,,kit_bridge_not_promotable,False,False
shopee,2026-09-25,barbours,23098838412,,KIT079,kit_confirmed,channel_flag,False,in_scope,,kit_composition_missing,UNMAPPED,,,,,,,,0,,,,,kit_bridge_not_promotable,False,False
shopee,2026-09-25,barbours,19498296747,,KIT056,kit_confirmed,channel_flag,True,in_scope,,kit_composition_missing,UNMAPPED,,,,,,,,0,,,,,kit_bridge_not_promotable,False,False
shopee,2026-09-25,barbours,21998275002,,KIT011,kit_confirmed,channel_flag,False,in_scope,,kit_composition_missing,UNMAPPED,,,,,,,,0,,,,,kit_bridge_not_promotable,False,False
shopee,2026-09-25,barbours,23298849446,,KIT092,kit_confirmed,channel_flag,True,in_scope,,kit_composition_missing,UNMAPPED,,,,,,,,0,,,,,kit_bridge_not_promotable,False,False
shopee,2026-09-25,barbours,22594354568,,KIT047,kit_confirmed,channel_flag,False,in_scope,,kit_composition_missing,UNMAPPED,,,,,,,,0,,,,,kit_bridge_not_promotable,False,False
shopee,2026-09-25,barbours,23498837953,,KIT065,kit_confirmed,channel_flag,False,in_scope,,kit_composition_missing,UNMAPPED,,,,,,,,0,,,,,kit_bridge_not_promotable,False,False
shopee,2026-09-25,barbours,22998837024,,KIT040,kit_confirmed,channel_flag,False,in_scope,,kit_composition_missing,UNMAPPED,,,,,,,,0,,,,,kit_bridge_not_promotable,False,False
shopee,2026-09-25,barbours,22394353191,,KIT022,kit_confirmed,channel_flag,False,in_scope,,kit_composition_missing,UNMAPPED,,,,,,,,0,,,,,kit_bridge_not_promotable,False,False
shopee,2026-09-25,barbours,23298841779,,KIT051,kit_confirmed,channel_flag,True,in_scope,,kit_composition_missing,UNMAPPED,,,,,,,,0,,,,,kit_bridge_not_promotable,False,False
shopee,2026-09-25,barbours,23094341513,,KIT064,kit_confirmed,channel_flag,False,in_scope,,kit_composition_missing,UNMAPPED,,,,,,,,0,,,,,kit_bridge_not_promotable,False,False
shopee,2026-09-25,barbours,23994338858,,KIT084,kit_confirmed,channel_flag,False,in_scope,,kit_composition_missing,UNMAPPED,,,,,,,,0,,,,,kit_bridge_not_promotable,False,False
shopee,2026-09-25,barbours,23794340994,,KIT072,kit_confirmed,channel_flag,False,in_scope,,kit_composition_missing,UNMAPPED,,,,,,,,0,,,,,kit_bridge_not_promotable,False,False
shopee,2026-09-25,barbours,23994341744,,KIT083,kit_confirmed,channel_flag,False,in_scope,,kit_composition_missing,UNMAPPED,,,,,,,,0,,,,,kit_bridge_not_promotable,False,False
shopee,2026-09-25,barbours,23998832834,,KIT067,kit_confirmed,channel_flag,False,in_scope,,kit_composition_missing,UNMAPPED,,,,,,,,0,,,,,kit_bridge_not_promotable,False,False
shopee,2026-09-25,lescent,54958581448,,KIT008,kit_suspected,sku_prefix,True,in_scope,,kit_composition_missing,UNMAPPED,,,,,,,,0,,,,,kit_bridge_not_promotable,False,False
shopee,2026-09-25,lescent,40079944298,,KIT014,kit_suspected,sku_prefix,True,in_scope,,kit_composition_missing,UNMAPPED,,,,,,,,0,,,,,kit_bridge_not_promotable,False,False
shopee,2026-09-25,lescent,43379940371,,KIT013,kit_suspected,sku_prefix,True,in_scope,,kit_composition_missing,UNMAPPED,,,,,,,,0,,,,,kit_bridge_not_promotable,False,False
shopee,2026-09-25,lescent,47458596911,,KIT011,kit_suspected,sku_prefix,True,in_scope,,kit_composition_missing,UNMAPPED,,,,,,,,0,,,,,kit_bridge_not_promotable,False,False
shopee,2026-09-25,lescent,46458597611,,KIT016,kit_suspected,sku_prefix,True,in_scope,,kit_composition_missing,UNMAPPED,,,,,,,,0,,,,,kit_bridge_not_promotable,False,False
shopee,2026-09-25,barbours,23998839741,,KIT085,kit_confirmed,channel_flag,False,in_scope,,kit_composition_missing,UNMAPPED,,,,,,,,0,,,,,kit_bridge_not_promotable,False,False
shopee,2026-09-25,lescent,46408597345,,KIT015,kit_suspected,sku_prefix,True,in_scope,,kit_composition_missing,UNMAPPED,,,,,,,,0,,,,,kit_bridge_not_promotable,False,False
shopee,2026-09-25,lescent,45308605838,,KIT009,kit_suspected,sku_prefix,True,in_scope,,kit_composition_missing,UNMAPPED,,,,,,,,0,,,,,kit_bridge_not_promotable,False,False
shopee,2026-09-25,rituaria,23099016219,179409834773,MLUNIFHIDRA,kit_confirmed,channel_flag,True,in_scope,,kit_composition_missing,UNMAPPED,,,,,,,,0,,,,,kit_bridge_not_promotable,False,False
shopee,2026-09-25,rituaria,22694210842,219609311610,MLROSALUMI,kit_confirmed,channel_flag,True,in_scope,,kit_composition_missing,UNMAPPED,,,,,,,,0,,,,,kit_bridge_not_promotable,False,False
shopee,2026-09-25,apice,22694751159,239434621350,KIT029,kit_confirmed,channel_flag,True,in_scope,,kit_composition_missing,UNMAPPED,,,,,,,,0,,,,,kit_bridge_not_promotable,False,False
shopee,2026-09-25,rituaria,22395177148,199192150731,MLBRAIN4MAG,kit_confirmed,channel_flag,True,in_scope,,kit_composition_missing,UNMAPPED,,,,,,,,0,,,,,kit_bridge_not_promotable,False,False
shopee,2026-09-25,rituaria,23599138278,219181440300,MKPPRENACMAG,kit_confirmed,channel_flag,True,in_scope,,kit_composition_missing,UNMAPPED,,,,,,,,0,,,,,kit_bridge_not_promotable,False,False
shopee,2026-09-25,rituaria,23899002262,228792598668,MLESSENCIAL,kit_confirmed,channel_flag,True,in_scope,,kit_composition_missing,UNMAPPED,,,,,,,,0,,,,,kit_bridge_not_promotable,False,False
shopee,2026-09-25,rituaria,21999901662,109870653608,RITUAL-FABULOSO_SHOP,kit_confirmed,channel_flag,True,in_scope,,kit_composition_missing,UNMAPPED,,,,,,,,0,,,,,kit_bridge_not_promotable,False,False
shopee,2026-09-25,apice,22894400716,109725389303,KIT048,kit_confirmed,channel_flag,True,in_scope,,kit_composition_missing,UNMAPPED,,,,,,,,0,,,,,kit_bridge_not_promotable,False,False
shopee,2026-09-25,apice,23094400746,219179354818,KIT057,kit_confirmed,channel_flag,True,in_scope,,kit_composition_missing,UNMAPPED,,,,,,,,0,,,,,kit_bridge_not_promotable,False,False
shopee,2026-09-25,apice,58255312733,238801381198,KIT073,kit_confirmed,channel_flag,True,in_scope,,kit_composition_missing,UNMAPPED,,,,,,,,0,,,,,kit_bridge_not_promotable,False,False
shopee,2026-09-25,apice,58206173762,228801256842,KIT077,kit_confirmed,channel_flag,True,in_scope,,kit_composition_missing,UNMAPPED,,,,,,,,0,,,,,kit_bridge_not_promotable,False,False
shopee,2026-09-25,apice,58253753809,149789730214,KIT015,kit_confirmed,channel_flag,True,in_scope,,kit_composition_missing,UNMAPPED,,,,,,,,0,,,,,kit_bridge_not_promotable,False,False
shopee,2026-09-25,apice,58252401987,139837549638,KIT019,kit_confirmed,channel_flag,True,in_scope,,kit_composition_missing,UNMAPPED,,,,,,,,0,,,,,kit_bridge_not_promotable,False,False
shopee,2026-09-25,barbours,20598294782,129835346654,KIT017,kit_confirmed,channel_flag,False,in_scope,,kit_composition_missing,UNMAPPED,,,,,,,,0,,,,,kit_bridge_not_promotable,False,False
shopee,2026-09-25,rituaria,23599011004,239430000114,MLTRIOUNIF,kit_confirmed,channel_flag,True,in_scope,,kit_composition_missing,UNMAPPED,,,,,,,,0,,,,,kit_bridge_not_promotable,False,False
shopee,2026-09-25,rituaria,23299450869,149554085875,MLMAGCOMB,kit_confirmed,channel_flag,True,in_scope,,kit_composition_missing,UNMAPPED,,,,,,,,0,,,,,kit_bridge_not_promotable,False,False
shopee,2026-09-25,rituaria,23798987231,199612951514,ML2UNIFO,kit_confirmed,channel_flag,True,in_scope,,kit_composition_missing,UNMAPPED,,,,,,,,0,,,,,kit_bridge_not_promotable,False,False
shopee,2026-09-25,apice,22298920322,239428314320,KIT038,kit_confirmed,channel_flag,True,in_scope,,kit_composition_missing,UNMAPPED,,,,,,,,0,,,,,kit_bridge_not_promotable,False,False
shopee,2026-09-25,barbours,22398906909,238791814945,KIT091,kit_confirmed,channel_flag,False,in_scope,,kit_composition_missing,UNMAPPED,,,,,,,,0,,,,,kit_bridge_not_promotable,False,False
shopee,2026-09-25,barbours,23294399392,239428310133,KIT029,kit_confirmed,channel_flag,True,in_scope,,kit_composition_missing,UNMAPPED,,,,,,,,0,,,,,kit_bridge_not_promotable,False,False
shopee,2026-09-25,apice,22494413963,238791815656,KIT047,kit_confirmed,channel_flag,True,in_scope,,kit_composition_missing,UNMAPPED,,,,,,,,0,,,,,kit_bridge_not_promotable,False,False
shopee,2026-09-25,rituaria,19998328534,169721299197,MLESSENPREBI,kit_confirmed,channel_flag,True,in_scope,,kit_composition_missing,UNMAPPED,,,,,,,,0,,,,,kit_bridge_not_promotable,False,False
shopee,2026-09-25,rituaria,20499901747,199180499922,MLRITUALINTER,kit_confirmed,channel_flag,True,in_scope,,kit_composition_missing,UNMAPPED,,,,,,,,0,,,,,kit_bridge_not_promotable,False,False
shopee,2026-09-25,rituaria,23794510124,159549294463,MLRITUALIMUNI,kit_confirmed,channel_flag,True,in_scope,,kit_composition_missing,UNMAPPED,,,,,,,,0,,,,,kit_bridge_not_promotable,False,False
shopee,2026-09-25,rituaria,58265385859,209192547739,MLFEMMEMIXER,kit_confirmed,channel_flag,True,in_scope,,kit_composition_missing,UNMAPPED,,,,,,,,0,,,,,kit_bridge_not_promotable,False,False
shopee,2026-09-25,rituaria,58206307902,139655495291,RITUAL-FABULOSO_SHOP,kit_confirmed,channel_flag,True,in_scope,,kit_composition_missing,UNMAPPED,,,,,,,,0,,,,,kit_bridge_not_promotable,False,False
shopee,2026-09-25,rituaria,58265374223,209625006989,MLFEMMEJUICYMIX,kit_confirmed,channel_flag,True,in_scope,,kit_composition_missing,UNMAPPED,,,,,,,,0,,,,,kit_bridge_not_promotable,False,False
shopee,2026-09-25,rituaria,58214776557,199192156793,MLNUTRI4MAG,kit_confirmed,channel_flag,True,in_scope,,kit_composition_missing,UNMAPPED,,,,,,,,0,,,,,kit_bridge_not_promotable,False,False
shopee,2026-09-25,apice,23294395562,219611806527,KIT061,kit_confirmed,channel_flag,True,in_scope,,kit_composition_missing,UNMAPPED,,,,,,,,0,,,,,kit_bridge_not_promotable,False,False
shopee,2026-09-25,barbours,23594844921,119872514139,KIT056,kit_confirmed,channel_flag,False,in_scope,,kit_composition_missing,UNMAPPED,,,,,,,,0,,,,,kit_bridge_not_promotable,False,False
shopee,2026-09-25,barbours,23798895891,209611801817,KIT036,kit_confirmed,channel_flag,True,in_scope,,kit_composition_missing,UNMAPPED,,,,,,,,0,,,,,kit_bridge_not_promotable,False,False
shopee,2026-09-25,barbours,23694395476,129652358777,KIT030,kit_confirmed,channel_flag,False,in_scope,,kit_composition_missing,UNMAPPED,,,,,,,,0,,,,,kit_bridge_not_promotable,False,False
shopee,2026-09-25,barbours,58208917279,189188308776,KIT108,kit_confirmed,channel_flag,True,in_scope,,kit_composition_missing,UNMAPPED,,,,,,,,0,,,,,kit_bridge_not_promotable,False,False
shopee,2026-09-25,rituaria,22594400903,229428147904,ML3FABULOSA,kit_confirmed,channel_flag,True,in_scope,,kit_composition_missing,UNMAPPED,,,,,,,,0,,,,,kit_bridge_not_promotable,False,False
shopee,2026-09-25,rituaria,23498987107,189612946361,MKPUNIFANTI,kit_confirmed,channel_flag,True,in_scope,,kit_composition_missing,UNMAPPED,,,,,,,,0,,,,,kit_bridge_not_promotable,False,False
shopee,2026-09-25,rituaria,58201692468,169411745347,MLIPECIRCU,kit_confirmed,channel_flag,True,in_scope,,kit_composition_missing,UNMAPPED,,,,,,,,0,,,,,kit_bridge_not_promotable,False,False
shopee,2026-09-25,rituaria,22994391535,239428143405,ML2PREBIOTICA,kit_confirmed,channel_flag,True,in_scope,,kit_composition_missing,UNMAPPED,,,,,,,,0,,,,,kit_bridge_not_promotable,False,False
shopee,2026-09-25,barbours,58209360688,129656328698,KIT011,kit_confirmed,channel_flag,False,in_scope,,kit_composition_missing,UNMAPPED,,,,,,,,0,,,,,kit_bridge_not_promotable,False,False
shopee,2026-09-25,rituaria,18999901264,199180499562,IMUNO-ANTIOXI90-SHOP,kit_confirmed,channel_flag,True,in_scope,,kit_composition_missing,UNMAPPED,,,,,,,,0,,,,,kit_bridge_not_promotable,False,False
shopee,2026-09-25,rituaria,19099892403,219180503225,DFASJKHR_SHOP,kit_confirmed,channel_flag,True,in_scope,,kit_composition_missing,UNMAPPED,,,,,,,,0,,,,,kit_bridge_not_promotable,False,False
shopee,2026-09-25,rituaria,58264768320,229446985581,MLFEMMEJUICY,kit_confirmed,channel_flag,True,in_scope,,kit_composition_missing,UNMAPPED,,,,,,,,0,,,,,kit_bridge_not_promotable,False,False
shopee,2026-09-25,rituaria,23094519494,219180498388,MLRITURUGA,kit_confirmed,channel_flag,True,in_scope,,kit_composition_missing,UNMAPPED,,,,,,,,0,,,,,kit_bridge_not_promotable,False,False
shopee,2026-09-25,rituaria,22998888040,189611676278,ML3PREBIOTICA,kit_confirmed,channel_flag,True,in_scope,,kit_composition_missing,UNMAPPED,,,,,,,,0,,,,,kit_bridge_not_promotable,False,False
shopee,2026-09-25,rituaria,20798322847,239430010728,MLCOMPLETAO,kit_confirmed,channel_flag,True,in_scope,,kit_composition_missing,UNMAPPED,,,,,,,,0,,,,,kit_bridge_not_promotable,False,False
shopee,2026-09-25,rituaria,58214770281,139841223549,MLNUTRIPREB4MAG,kit_confirmed,channel_flag,True,in_scope,,kit_composition_missing,UNMAPPED,,,,,,,,0,,,,,kit_bridge_not_promotable,False,False
shopee,2026-09-25,rituaria,58210270004,199189159573,MLMAPINACOMB,kit_confirmed,channel_flag,True,in_scope,,kit_composition_missing,UNMAPPED,,,,,,,,0,,,,,kit_bridge_not_promotable,False,False
shopee,2026-09-25,rituaria,58206312204,169414273563,MLESSENCIAL,kit_confirmed,channel_flag,True,in_scope,,kit_composition_missing,UNMAPPED,,,,,,,,0,,,,,kit_bridge_not_promotable,False,False
shopee,2026-09-25,lescent,58251338955,239433372822,KIT003,kit_confirmed,channel_flag,True,in_scope,,kit_composition_missing,UNMAPPED,,,,,,,,0,,,,,kit_bridge_not_promotable,False,False
shopee,2026-09-25,lescent,58250181152,109726127569,KIT001,kit_confirmed,channel_flag,True,in_scope,,kit_composition_missing,UNMAPPED,,,,,,,,0,,,,,kit_bridge_not_promotable,False,False
shopee,2026-09-25,lescent,58268320373,228812634727,KIT018,kit_confirmed,channel_flag,True,in_scope,,kit_composition_missing,UNMAPPED,,,,,,,,0,,,,,kit_bridge_not_promotable,False,False
shopee,2026-09-25,apice,21098297872,149786695726,KIT001,kit_confirmed,channel_flag,True,in_scope,,kit_composition_missing,UNMAPPED,,,,,,,,0,,,,,kit_bridge_not_promotable,False,False
shopee,2026-09-25,apice,22098920198,189179346549,KIT006,kit_confirmed,channel_flag,True,in_scope,,kit_composition_missing,UNMAPPED,,,,,,,,0,,,,,kit_bridge_not_promotable,False,False
shopee,2026-09-25,apice,22198920251,169720462296,KIT008,kit_confirmed,channel_flag,True,in_scope,,kit_composition_missing,UNMAPPED,,,,,,,,0,,,,,kit_bridge_not_promotable,False,False
shopee,2026-09-25,apice,20198297966,238791758619,KIT002,kit_confirmed,channel_flag,True,in_scope,,kit_composition_missing,UNMAPPED,,,,,,,,0,,,,,kit_bridge_not_promotable,False,False
shopee,2026-09-25,apice,22998901214,219611803664,KIT064,kit_confirmed,channel_flag,True,in_scope,,kit_composition_missing,UNMAPPED,,,,,,,,0,,,,,kit_bridge_not_promotable,False,False
shopee,2026-09-25,apice,18798300349,229428318998,KIT032,kit_confirmed,channel_flag,True,in_scope,,kit_composition_missing,UNMAPPED,,,,,,,,0,,,,,kit_bridge_not_promotable,False,False
shopee,2026-09-25,apice,22898897116,189611803673,KIT050,kit_confirmed,channel_flag,True,in_scope,,kit_composition_missing,UNMAPPED,,,,,,,,0,,,,,kit_bridge_not_promotable,False,False
shopee,2026-09-25,apice,18398314747,179720467501,KIT031,kit_confirmed,channel_flag,True,in_scope,,kit_composition_missing,UNMAPPED,,,,,,,,0,,,,,kit_bridge_not_promotable,False,False
shopee,2026-09-25,apice,19098294990,139652358414,KIT033,kit_confirmed,channel_flag,True,in_scope,,kit_composition_missing,UNMAPPED,,,,,,,,0,,,,,kit_bridge_not_promotable,False,False
shopee,2026-09-25,apice,22198920417,179409023318,KIT036,kit_confirmed,channel_flag,True,in_scope,,kit_composition_missing,UNMAPPED,,,,,,,,0,,,,,kit_bridge_not_promotable,False,False
shopee,2026-09-25,apice,19698294968,189179349498,KIT007,kit_confirmed,channel_flag,True,in_scope,,kit_composition_missing,UNMAPPED,,,,,,,,0,,,,,kit_bridge_not_promotable,False,False
shopee,2026-09-25,apice,22494409921,239428308261,KIT012,kit_confirmed,channel_flag,True,in_scope,,kit_composition_missing,UNMAPPED,,,,,,,,0,,,,,kit_bridge_not_promotable,False,False
shopee,2026-09-25,apice,22498910617,139835689213,KIT049,kit_confirmed,channel_flag,True,in_scope,,kit_composition_missing,UNMAPPED,,,,,,,,0,,,,,kit_bridge_not_promotable,False,False
shopee,2026-09-25,apice,22999659381,219624706594,KIT089,kit_confirmed,channel_flag,True,in_scope,,kit_composition_missing,UNMAPPED,,,,,,,,0,,,,,kit_bridge_not_promotable,False,False
shopee,2026-09-25,apice,22698906996,149786697755,KIT070,kit_confirmed,channel_flag,True,in_scope,,kit_composition_missing,UNMAPPED,,,,,,,,0,,,,,kit_bridge_not_promotable,False,False
shopee,2026-09-25,apice,21499886753,239428304615,KIT003,kit_confirmed,channel_flag,True,in_scope,,kit_composition_missing,UNMAPPED,,,,,,,,0,,,,,kit_bridge_not_promotable,False,False
shopee,2026-09-25,apice,20798313514,179720465881,KIT009,kit_confirmed,channel_flag,True,in_scope,,kit_composition_missing,UNMAPPED,,,,,,,,0,,,,,kit_bridge_not_promotable,False,False
shopee,2026-09-25,apice,22894404953,229428323817,KIT060,kit_confirmed,channel_flag,True,in_scope,,kit_composition_missing,UNMAPPED,,,,,,,,0,,,,,kit_bridge_not_promotable,False,False
shopee,2026-09-25,apice,22694408784,209611798617,KIT014,kit_confirmed,channel_flag,True,in_scope,,kit_composition_missing,UNMAPPED,,,,,,,,0,,,,,kit_bridge_not_promotable,False,False
shopee,2026-09-25,apice,22594656395,189181439634,KIT072,kit_confirmed,channel_flag,True,in_scope,,kit_composition_missing,UNMAPPED,,,,,,,,0,,,,,kit_bridge_not_promotable,False,False
shopee,2026-09-25,apice,22794400970,209611801269,KIT067,kit_confirmed,channel_flag,True,in_scope,,kit_composition_missing,UNMAPPED,,,,,,,,0,,,,,kit_bridge_not_promotable,False,False
shopee,2026-09-25,apice,22598907000,189179353004,KIT043,kit_confirmed,channel_flag,True,in_scope,,kit_composition_missing,UNMAPPED,,,,,,,,0,,,,,kit_bridge_not_promotable,False,False
shopee,2026-09-25,apice,22594414034,219179354723,KIT052,kit_confirmed,channel_flag,True,in_scope,,kit_composition_missing,UNMAPPED,,,,,,,,0,,,,,kit_bridge_not_promotable,False,False
shopee,2026-09-25,apice,22298924708,229428320098,KIT044,kit_confirmed,channel_flag,True,in_scope,,kit_composition_missing,UNMAPPED,,,,,,,,0,,,,,kit_bridge_not_promotable,False,False
shopee,2026-09-25,apice,22494413830,219179352550,KIT046,kit_confirmed,channel_flag,True,in_scope,,kit_composition_missing,UNMAPPED,,,,,,,,0,,,,,kit_bridge_not_promotable,False,False
shopee,2026-09-25,apice,20699886828,209179352158,KIT037,kit_confirmed,channel_flag,True,in_scope,,kit_composition_missing,UNMAPPED,,,,,,,,0,,,,,kit_bridge_not_promotable,False,False
shopee,2026-09-25,apice,22998897083,109870262883,KIT054,kit_confirmed,channel_flag,True,in_scope,,kit_composition_missing,UNMAPPED,,,,,,,,0,,,,,kit_bridge_not_promotable,False,False
shopee,2026-09-25,apice,22194812005,229435200632,KIT074,kit_confirmed,channel_flag,True,in_scope,,kit_composition_missing,UNMAPPED,,,,,,,,0,,,,,kit_bridge_not_promotable,False,False
shopee,2026-09-25,apice,23298891926,238791810203,KIT018,kit_confirmed,channel_flag,True,in_scope,,kit_composition_missing,UNMAPPED,,,,,,,,0,,,,,kit_bridge_not_promotable,False,False
shopee,2026-09-25,apice,23598895922,179720467030,KIT027,kit_confirmed,channel_flag,True,in_scope,,kit_composition_missing,UNMAPPED,,,,,,,,0,,,,,kit_bridge_not_promotable,False,False
shopee,2026-09-25,apice,21699882254,209611800831,KIT040,kit_confirmed,channel_flag,True,in_scope,,kit_composition_missing,UNMAPPED,,,,,,,,0,,,,,kit_bridge_not_promotable,False,False
shopee,2026-09-25,apice,21198308847,219179349113,KIT010,kit_confirmed,channel_flag,True,in_scope,,kit_composition_missing,UNMAPPED,,,,,,,,0,,,,,kit_bridge_not_promotable,False,False
shopee,2026-09-25,apice,18598314629,199179349095,KIT005,kit_confirmed,channel_flag,True,in_scope,,kit_composition_missing,UNMAPPED,,,,,,,,0,,,,,kit_bridge_not_promotable,False,False
shopee,2026-09-25,apice,23495167295,179730669301,KIT079,kit_confirmed,channel_flag,True,in_scope,,kit_composition_missing,UNMAPPED,,,,,,,,0,,,,,kit_bridge_not_promotable,False,False
shopee,2026-09-25,apice,21499882230,199611794985,KIT011,kit_confirmed,channel_flag,True,in_scope,,kit_composition_missing,UNMAPPED,,,,,,,,0,,,,,kit_bridge_not_promotable,False,False
shopee,2026-09-25,apice,22098920381,209179352085,KIT034,kit_confirmed,channel_flag,True,in_scope,,kit_composition_missing,UNMAPPED,,,,,,,,0,,,,,kit_bridge_not_promotable,False,False
shopee,2026-09-25,apice,20599871166,159786667151,KIT004,kit_confirmed,channel_flag,True,in_scope,,kit_composition_missing,UNMAPPED,,,,,,,,0,,,,,kit_bridge_not_promotable,False,False
shopee,2026-09-25,apice,23699670436,199193873774,KIT094,kit_confirmed,channel_flag,True,in_scope,,kit_composition_missing,UNMAPPED,,,,,,,,0,,,,,kit_bridge_not_promotable,False,False
shopee,2026-09-25,apice,23098892295,109870262915,KIT059,kit_confirmed,channel_flag,True,in_scope,,kit_composition_missing,UNMAPPED,,,,,,,,0,,,,,kit_bridge_not_promotable,False,False
shopee,2026-09-25,apice,22694408992,199179355086,KIT056,kit_confirmed,channel_flag,True,in_scope,,kit_composition_missing,UNMAPPED,,,,,,,,0,,,,,kit_bridge_not_promotable,False,False
shopee,2026-09-25,apice,23294395358,219179347071,KIT017,kit_confirmed,channel_flag,True,in_scope,,kit_composition_missing,UNMAPPED,,,,,,,,0,,,,,kit_bridge_not_promotable,False,False
shopee,2026-09-25,apice,22994400340,159786685099,KIT013,kit_confirmed,channel_flag,True,in_scope,,kit_composition_missing,UNMAPPED,,,,,,,,0,,,,,kit_bridge_not_promotable,False,False
shopee,2026-09-25,apice,22794400879,189611803542,KIT045,kit_confirmed,channel_flag,True,in_scope,,kit_composition_missing,UNMAPPED,,,,,,,,0,,,,,kit_bridge_not_promotable,False,False
shopee,2026-09-25,apice,22998897171,149786701763,KIT055,kit_confirmed,channel_flag,True,in_scope,,kit_composition_missing,UNMAPPED,,,,,,,,0,,,,,kit_bridge_not_promotable,False,False
shopee,2026-09-25,apice,23299298743,189184055208,KIT076,kit_confirmed,channel_flag,True,in_scope,,kit_composition_missing,UNMAPPED,,,,,,,,0,,,,,kit_bridge_not_promotable,False,False
shopee,2026-09-25,apice,22598910526,229428323475,KIT065,kit_confirmed,channel_flag,True,in_scope,,kit_composition_missing,UNMAPPED,,,,,,,,0,,,,,kit_bridge_not_promotable,False,False
shopee,2026-09-25,apice,22498906664,169409017873,KIT071,kit_confirmed,channel_flag,True,in_scope,,kit_composition_missing,UNMAPPED,,,,,,,,0,,,,,kit_bridge_not_promotable,False,False
shopee,2026-09-25,apice,22994400686,229428320525,KIT053,kit_confirmed,channel_flag,True,in_scope,,kit_composition_missing,UNMAPPED,,,,,,,,0,,,,,kit_bridge_not_promotable,False,False
shopee,2026-09-25,apice,22498906914,229428319732,KIT042,kit_confirmed,channel_flag,True,in_scope,,kit_composition_missing,UNMAPPED,,,,,,,,0,,,,,kit_bridge_not_promotable,False,False
shopee,2026-09-25,apice,22494413879,228790933734,KIT066,kit_confirmed,channel_flag,True,in_scope,,kit_composition_missing,UNMAPPED,,,,,,,,0,,,,,kit_bridge_not_promotable,False,False
shopee,2026-09-25,apice,23698891983,199179350783,KIT021,kit_confirmed,channel_flag,True,in_scope,,kit_composition_missing,UNMAPPED,,,,,,,,0,,,,,kit_bridge_not_promotable,False,False
shopee,2026-09-25,apice,22794404886,179409021923,KIT016,kit_confirmed,channel_flag,True,in_scope,,kit_composition_missing,UNMAPPED,,,,,,,,0,,,,,kit_bridge_not_promotable,False,False
shopee,2026-09-25,apice,23298892270,179720460107,KIT063,kit_confirmed,channel_flag,True,in_scope,,kit_composition_missing,UNMAPPED,,,,,,,,0,,,,,kit_bridge_not_promotable,False,False
shopee,2026-09-25,apice,23298892102,238791821346,KIT062,kit_confirmed,channel_flag,True,in_scope,,kit_composition_missing,UNMAPPED,,,,,,,,0,,,,,kit_bridge_not_promotable,False,False
shopee,2026-09-25,apice,58202403407,229434626482,KIT025,kit_confirmed,channel_flag,True,in_scope,,kit_composition_missing,UNMAPPED,,,,,,,,0,,,,,kit_bridge_not_promotable,False,False
shopee,2026-09-25,apice,23893750807,179720458556,KIT024,kit_confirmed,channel_flag,True,in_scope,,kit_composition_missing,UNMAPPED,,,,,,,,0,,,,,kit_bridge_not_promotable,False,False
shopee,2026-09-25,apice,58215220074,219624868926,KIT093,kit_confirmed,channel_flag,True,in_scope,,kit_composition_missing,UNMAPPED,,,,,,,,0,,,,,kit_bridge_not_promotable,False,False
shopee,2026-09-25,apice,58208741413,219620627766,VKN35231,kit_suspected,title,True,in_scope,,kit_composition_missing,UNMAPPED,,,,,,,,0,,,,,kit_bridge_not_promotable,False,False
shopee,2026-09-25,apice,58208741413,219620627767,VKN35232,kit_suspected,title,True,in_scope,,kit_composition_missing,UNMAPPED,,,,,,,,0,,,,,kit_bridge_not_promotable,False,False
shopee,2026-09-25,apice,58208741413,219620627765,VKN35230,kit_suspected,title,True,in_scope,,kit_composition_missing,UNMAPPED,,,,,,,,0,,,,,kit_bridge_not_promotable,False,False
shopee,2026-09-25,apice,58217568157,228811926555,KIT099,kit_confirmed,channel_flag,True,in_scope,,kit_composition_missing,UNMAPPED,,,,,,,,0,,,,,kit_bridge_not_promotable,False,False
shopee,2026-09-25,apice,58209321811,229441785622,KIT084,kit_confirmed,channel_flag,True,in_scope,,kit_composition_missing,UNMAPPED,,,,,,,,0,,,,,kit_bridge_not_promotable,False,False
shopee,2026-09-25,apice,58217573057,179419582316,KIT098,kit_confirmed,channel_flag,True,in_scope,,kit_composition_missing,UNMAPPED,,,,,,,,0,,,,,kit_bridge_not_promotable,False,False
shopee,2026-09-25,apice,58202946314,169412497254,KIT080,kit_confirmed,channel_flag,False,in_scope,,kit_composition_missing,UNMAPPED,,,,,,,,0,,,,,kit_bridge_not_promotable,False,False
shopee,2026-09-25,apice,58217575971,129842003967,KIT100,kit_confirmed,channel_flag,True,in_scope,,kit_composition_missing,UNMAPPED,,,,,,,,0,,,,,kit_bridge_not_promotable,False,False
shopee,2026-09-25,apice,23994386091,238791811124,KIT026,kit_confirmed,channel_flag,True,in_scope,,kit_composition_missing,UNMAPPED,,,,,,,,0,,,,,kit_bridge_not_promotable,False,False
shopee,2026-09-25,lescent,22399138793,238794840146,KIT002,kit_confirmed,channel_flag,True,in_scope,,kit_composition_missing,UNMAPPED,,,,,,,,0,,,,,kit_bridge_not_promotable,False,False
shopee,2026-09-25,apice,23098892159,239428318519,KIT058,kit_confirmed,channel_flag,True,in_scope,,kit_composition_missing,UNMAPPED,,,,,,,,0,,,,,kit_bridge_not_promotable,False,False
shopee,2026-09-25,apice,58264918936,179418335587,KIT090,kit_confirmed,channel_flag,True,in_scope,,kit_composition_missing,UNMAPPED,,,,,,,,0,,,,,kit_bridge_not_promotable,False,False
shopee,2026-09-25,apice,58266858619,209625972755,KIT081,kit_confirmed,channel_flag,True,in_scope,,kit_composition_missing,UNMAPPED,,,,,,,,0,,,,,kit_bridge_not_promotable,False,False
shopee,2026-09-25,apice,58263035177,239445229118,KIT087,kit_confirmed,channel_flag,True,in_scope,,kit_composition_missing,UNMAPPED,,,,,,,,0,,,,,kit_bridge_not_promotable,False,False
shopee,2026-09-25,apice,58265211361,119874811159,KIT095,kit_confirmed,channel_flag,True,in_scope,,kit_composition_missing,UNMAPPED,,,,,,,,0,,,,,kit_bridge_not_promotable,False,False
shopee,2026-09-25,barbours,20598290623,238790785714,KIT075,kit_confirmed,channel_flag,False,in_scope,,kit_composition_missing,UNMAPPED,,,,,,,,0,,,,,kit_bridge_not_promotable,False,False
shopee,2026-09-25,barbours,18798300080,189179288868,KIT008,kit_confirmed,channel_flag,True,in_scope,,kit_composition_missing,UNMAPPED,,,,,,,,0,,,,,kit_bridge_not_promotable,False,False
shopee,2026-09-25,barbours,20899886818,229428319315,KIT073,kit_confirmed,channel_flag,False,in_scope,,kit_composition_missing,UNMAPPED,,,,,,,,0,,,,,kit_bridge_not_promotable,False,False
shopee,2026-09-25,barbours,20598297785,209179280757,KIT003,kit_confirmed,channel_flag,True,in_scope,,kit_composition_missing,UNMAPPED,,,,,,,,0,,,,,kit_bridge_not_promotable,False,False
shopee,2026-09-25,barbours,21099886732,239428314326,KIT076,kit_confirmed,channel_flag,False,in_scope,,kit_composition_missing,UNMAPPED,,,,,,,,0,,,,,kit_bridge_not_promotable,False,False
shopee,2026-09-25,lescent,58264495386,228809029406,KIT017,kit_confirmed,channel_flag,True,in_scope,,kit_composition_missing,UNMAPPED,,,,,,,,0,,,,,kit_bridge_not_promotable,False,False
shopee,2026-09-25,barbours,18599922618,169721651445,KIT109,kit_confirmed,channel_flag,True,in_scope,,kit_composition_missing,UNMAPPED,,,,,,,,0,,,,,kit_bridge_not_promotable,False,False
shopee,2026-09-25,barbours,22094428432,228790917683,KIT023,kit_confirmed,channel_flag,True,in_scope,,kit_composition_missing,UNMAPPED,,,,,,,,0,,,,,kit_bridge_not_promotable,False,False
shopee,2026-09-25,apice,22794400858,199179352818,KIT068,kit_confirmed,channel_flag,True,in_scope,,kit_composition_missing,UNMAPPED,,,,,,,,0,,,,,kit_bridge_not_promotable,False,False
shopee,2026-09-25,barbours,20698295066,169408484819,KIT037,kit_confirmed,channel_flag,False,in_scope,,kit_composition_missing,UNMAPPED,,,,,,,,0,,,,,kit_bridge_not_promotable,False,False
shopee,2026-09-25,barbours,21898313333,179409014638,KIT044,kit_confirmed,channel_flag,False,in_scope,,kit_composition_missing,UNMAPPED,,,,,,,,0,,,,,kit_bridge_not_promotable,False,False
shopee,2026-09-25,rituaria,58259495589,199621104991,MLPICNACMAG,kit_confirmed,channel_flag,True,in_scope,,kit_composition_missing,UNMAPPED,,,,,,,,0,,,,,kit_bridge_not_promotable,False,False
shopee,2026-09-25,barbours,20798297797,229428234465,KIT004,kit_confirmed,channel_flag,True,in_scope,,kit_composition_missing,UNMAPPED,,,,,,,,0,,,,,kit_bridge_not_promotable,False,False
shopee,2026-09-25,barbours,21398308883,199611802874,KIT080,kit_confirmed,channel_flag,False,in_scope,,kit_composition_missing,UNMAPPED,,,,,,,,0,,,,,kit_bridge_not_promotable,False,False
shopee,2026-09-25,barbours,18899877000,169409027537,KIT034,kit_confirmed,channel_flag,True,in_scope,,kit_composition_missing,UNMAPPED,,,,,,,,0,,,,,kit_bridge_not_promotable,False,False
shopee,2026-09-25,apice,58213193483,159555143253,KIT088,kit_confirmed,channel_flag,True,in_scope,,kit_composition_missing,UNMAPPED,,,,,,,,0,,,,,kit_bridge_not_promotable,False,False
shopee,2026-09-25,barbours,22499360747,169413739400,KIT001,kit_confirmed,channel_flag,True,in_scope,,kit_composition_missing,UNMAPPED,,,,,,,,0,,,,,kit_bridge_not_promotable,False,False
shopee,2026-09-25,apice,58262828233,149793067535,KIT085,kit_confirmed,channel_flag,True,in_scope,,kit_composition_missing,UNMAPPED,,,,,,,,0,,,,,kit_bridge_not_promotable,False,False
shopee,2026-09-25,barbours,22298864923,199611021113,KIT028,kit_confirmed,channel_flag,False,in_scope,,kit_composition_missing,UNMAPPED,,,,,,,,0,,,,,kit_bridge_not_promotable,False,False
shopee,2026-09-25,barbours,22198957959,199612349981,KIT097,kit_confirmed,channel_flag,True,in_scope,,kit_composition_missing,UNMAPPED,,,,,,,,0,,,,,kit_bridge_not_promotable,False,False
shopee,2026-09-25,barbours,22294461652,149548985088,KIT077,kit_confirmed,channel_flag,False,in_scope,,kit_composition_missing,UNMAPPED,,,,,,,,0,,,,,kit_bridge_not_promotable,False,False
shopee,2026-09-25,apice,58264925719,219624706976,KIT092,kit_confirmed,channel_flag,True,in_scope,,kit_composition_missing,UNMAPPED,,,,,,,,0,,,,,kit_bridge_not_promotable,False,False
shopee,2026-09-25,barbours,22294457674,189612350249,KIT069,kit_confirmed,channel_flag,False,in_scope,,kit_composition_missing,UNMAPPED,,,,,,,,0,,,,,kit_bridge_not_promotable,False,False
shopee,2026-09-25,apice,58266588610,228811028413,KIT080,kit_confirmed,channel_flag,True,in_scope,,kit_composition_missing,UNMAPPED,,,,,,,,0,,,,,kit_bridge_not_promotable,False,False
shopee,2026-09-25,barbours,22194971513,209621019204,KIT004,kit_confirmed,channel_flag,False,in_scope,,kit_composition_missing,UNMAPPED,,,,,,,,0,,,,,kit_bridge_not_promotable,False,False
shopee,2026-09-25,barbours,22498906887,228790933318,KIT096,kit_confirmed,channel_flag,True,in_scope,,kit_composition_missing,UNMAPPED,,,,,,,,0,,,,,kit_bridge_not_promotable,False,False
shopee,2026-09-25,apice,23194395753,199179355278,KIT069,kit_confirmed,channel_flag,True,in_scope,,kit_composition_missing,UNMAPPED,,,,,,,,0,,,,,kit_bridge_not_promotable,False,False
shopee,2026-09-25,barbours,22094428796,149548670583,KIT046,kit_confirmed,channel_flag,True,in_scope,,kit_composition_missing,UNMAPPED,,,,,,,,0,,,,,kit_bridge_not_promotable,False,False
shopee,2026-09-25,rituaria,58206316111,199186643629,MLESSENPREBI,kit_confirmed,channel_flag,True,in_scope,,kit_composition_missing,UNMAPPED,,,,,,,,0,,,,,kit_bridge_not_promotable,False,False
shopee,2026-09-25,barbours,18999873897,159786300876,KIT074,kit_confirmed,channel_flag,False,in_scope,,kit_composition_missing,UNMAPPED,,,,,,,,0,,,,,kit_bridge_not_promotable,False,False
shopee,2026-09-25,barbours,22099562504,129841033229,KIT151,kit_confirmed,channel_flag,True,in_scope,,kit_composition_missing,UNMAPPED,,,,,,,,0,,,,,kit_bridge_not_promotable,False,False
shopee,2026-09-25,barbours,22198958095,229429132485,KIT078,kit_confirmed,channel_flag,False,in_scope,,kit_composition_missing,UNMAPPED,,,,,,,,0,,,,,kit_bridge_not_promotable,False,False
shopee,2026-09-25,apice,23694395445,129835689182,KIT020,kit_confirmed,channel_flag,True,in_scope,,kit_composition_missing,UNMAPPED,,,,,,,,0,,,,,kit_bridge_not_promotable,False,False
shopee,2026-09-25,barbours,22099336389,159551521571,KIT057,kit_confirmed,channel_flag,True,in_scope,,kit_composition_missing,UNMAPPED,,,,,,,,0,,,,,kit_bridge_not_promotable,False,False
shopee,2026-09-25,barbours,22594410060,239428314567,KIT098,kit_confirmed,channel_flag,False,in_scope,,kit_composition_missing,UNMAPPED,,,,,,,,0,,,,,kit_bridge_not_promotable,False,False
shopee,2026-09-25,barbours,22194982098,228804869251,KIT141,kit_confirmed,channel_flag,True,in_scope,,kit_composition_missing,UNMAPPED,,,,,,,,0,,,,,kit_bridge_not_promotable,False,False
shopee,2026-09-25,barbours,20998297793,238791733158,KIT005,kit_confirmed,channel_flag,True,in_scope,,kit_composition_missing,UNMAPPED,,,,,,,,0,,,,,kit_bridge_not_promotable,False,False
shopee,2026-09-25,barbours,22298958103,199179901568,KIT063,kit_confirmed,channel_flag,False,in_scope,,kit_composition_missing,UNMAPPED,,,,,,,,0,,,,,kit_bridge_not_promotable,False,False
shopee,2026-09-25,apice,58217572851,159794829089,KIT097,kit_confirmed,channel_flag,True,in_scope,,kit_composition_missing,UNMAPPED,,,,,,,,0,,,,,kit_bridge_not_promotable,False,False
shopee,2026-09-25,barbours,20398313524,219179353854,KIT062,kit_confirmed,channel_flag,False,in_scope,,kit_composition_missing,UNMAPPED,,,,,,,,0,,,,,kit_bridge_not_promotable,False,False
shopee,2026-09-25,barbours,22394410294,228790931053,KIT090,kit_confirmed,channel_flag,False,in_scope,,kit_composition_missing,UNMAPPED,,,,,,,,0,,,,,kit_bridge_not_promotable,False,False
shopee,2026-09-25,barbours,22198913288,159548632761,KIT012,kit_confirmed,channel_flag,True,in_scope,,kit_composition_missing,UNMAPPED,,,,,,,,0,,,,,kit_bridge_not_promotable,False,False
shopee,2026-09-25,rituaria,58206322590,219186643920,MLRITUALINTER,kit_confirmed,channel_flag,True,in_scope,,kit_composition_missing,UNMAPPED,,,,,,,,0,,,,,kit_bridge_not_promotable,False,False
shopee,2026-09-25,rituaria,58214753427,219192140005,MLBRAINPREB4MAG,kit_confirmed,channel_flag,True,in_scope,,kit_composition_missing,UNMAPPED,,,,,,,,0,,,,,kit_bridge_not_promotable,False,False
shopee,2026-09-25,barbours,20098313597,139835688871,KIT060,kit_confirmed,channel_flag,False,in_scope,,kit_composition_missing,UNMAPPED,,,,,,,,0,,,,,kit_bridge_not_promotable,False,False
shopee,2026-09-25,barbours,22094433099,139652358563,KIT093,kit_confirmed,channel_flag,True,in_scope,,kit_composition_missing,UNMAPPED,,,,,,,,0,,,,,kit_bridge_not_promotable,False,False
shopee,2026-09-25,barbours,22098919985,199611780140,KIT024,kit_confirmed,channel_flag,True,in_scope,,kit_composition_missing,UNMAPPED,,,,,,,,0,,,,,kit_bridge_not_promotable,False,False
shopee,2026-09-25,barbours,22098920068,189611792341,KIT026,kit_confirmed,channel_flag,True,in_scope,,kit_composition_missing,UNMAPPED,,,,,,,,0,,,,,kit_bridge_not_promotable,False,False
shopee,2026-09-25,barbours,23294430993,189179831524,KIT103,kit_confirmed,channel_flag,True,in_scope,,kit_composition_missing,UNMAPPED,,,,,,,,0,,,,,kit_bridge_not_promotable,False,False
shopee,2026-09-25,apice,58209701045,189621230483,KIT075,kit_confirmed,channel_flag,True,in_scope,,kit_composition_missing,UNMAPPED,,,,,,,,0,,,,,kit_bridge_not_promotable,False,False
shopee,2026-09-25,apice,58252870617,199616503730,KIT078,kit_confirmed,channel_flag,True,in_scope,,kit_composition_missing,UNMAPPED,,,,,,,,0,,,,,kit_bridge_not_promotable,False,False
shopee,2026-09-25,apice,23995042739,238808570080,KIT086,kit_confirmed,channel_flag,True,in_scope,,kit_composition_missing,UNMAPPED,,,,,,,,0,,,,,kit_bridge_not_promotable,False,False
shopee,2026-09-25,barbours,21499886772,179720467505,KIT043,kit_confirmed,channel_flag,False,in_scope,,kit_composition_missing,UNMAPPED,,,,,,,,0,,,,,kit_bridge_not_promotable,False,False
shopee,2026-09-25,barbours,20699871337,209611802077,KIT041,kit_confirmed,channel_flag,True,in_scope,,kit_composition_missing,UNMAPPED,,,,,,,,0,,,,,kit_bridge_not_promotable,False,False
shopee,2026-09-25,barbours,18999873673,219611023611,KIT025,kit_confirmed,channel_flag,True,in_scope,,kit_composition_missing,UNMAPPED,,,,,,,,0,,,,,kit_bridge_not_promotable,False,False
shopee,2026-09-25,barbours,21599899579,169721652407,KIT110,kit_confirmed,channel_flag,False,in_scope,,kit_composition_missing,UNMAPPED,,,,,,,,0,,,,,kit_bridge_not_promotable,False,False
shopee,2026-09-25,apice,58265211660,119874801421,KIT094,kit_confirmed,channel_flag,False,in_scope,,kit_composition_missing,UNMAPPED,,,,,,,,0,,,,,kit_bridge_not_promotable,False,False
shopee,2026-09-25,barbours,19798335816,159549568487,KIT111,kit_confirmed,channel_flag,False,in_scope,,kit_composition_missing,UNMAPPED,,,,,,,,0,,,,,kit_bridge_not_promotable,False,False
shopee,2026-09-25,barbours,18499886135,149786674524,KIT006,kit_confirmed,channel_flag,True,in_scope,,kit_composition_missing,UNMAPPED,,,,,,,,0,,,,,kit_bridge_not_promotable,False,False
shopee,2026-09-25,barbours,23194808275,199184209621,KIT032,kit_confirmed,channel_flag,False,in_scope,,kit_composition_missing,UNMAPPED,,,,,,,,0,,,,,kit_bridge_not_promotable,False,False
shopee,2026-09-25,barbours,22094379195,179719949956,KIT058,kit_confirmed,channel_flag,True,in_scope,,kit_composition_missing,UNMAPPED,,,,,,,,0,,,,,kit_bridge_not_promotable,False,False
shopee,2026-09-25,barbours,20699886826,238791817790,KIT071,kit_confirmed,channel_flag,False,in_scope,,kit_composition_missing,UNMAPPED,,,,,,,,0,,,,,kit_bridge_not_promotable,False,False
shopee,2026-09-25,barbours,21998313273,199179343652,KIT020,kit_confirmed,channel_flag,True,in_scope,,kit_composition_missing,UNMAPPED,,,,,,,,0,,,,,kit_bridge_not_promotable,False,False
shopee,2026-09-25,barbours,19798314347,238791814622,KIT052,kit_confirmed,channel_flag,False,in_scope,,kit_composition_missing,UNMAPPED,,,,,,,,0,,,,,kit_bridge_not_promotable,False,False
shopee,2026-09-25,barbours,23194431274,238792530598,KIT102,kit_confirmed,channel_flag,True,in_scope,,kit_composition_missing,UNMAPPED,,,,,,,,0,,,,,kit_bridge_not_promotable,False,False
shopee,2026-09-25,barbours,23499346593,179725175153,KIT059,kit_confirmed,channel_flag,False,in_scope,,kit_composition_missing,UNMAPPED,,,,,,,,0,,,,,kit_bridge_not_promotable,False,False
shopee,2026-09-25,barbours,20999871276,219179343195,KIT018,kit_confirmed,channel_flag,False,in_scope,,kit_composition_missing,UNMAPPED,,,,,,,,0,,,,,kit_bridge_not_promotable,False,False
shopee,2026-09-25,barbours,21499856503,209179288512,KIT009,kit_confirmed,channel_flag,True,in_scope,,kit_composition_missing,UNMAPPED,,,,,,,,0,,,,,kit_bridge_not_promotable,False,False
shopee,2026-09-25,barbours,22494410151,179409023462,KIT094,kit_confirmed,channel_flag,False,in_scope,,kit_composition_missing,UNMAPPED,,,,,,,,0,,,,,kit_bridge_not_promotable,False,False
shopee,2026-09-25,barbours,22298957884,169409427080,KIT070,kit_confirmed,channel_flag,False,in_scope,,kit_composition_missing,UNMAPPED,,,,,,,,0,,,,,kit_bridge_not_promotable,False,False
shopee,2026-09-25,barbours,23494398868,189611776626,KIT019,kit_confirmed,channel_flag,True,in_scope,,kit_composition_missing,UNMAPPED,,,,,,,,0,,,,,kit_bridge_not_promotable,False,False
shopee,2026-09-25,apice,58264919796,149555863970,KIT091,kit_confirmed,channel_flag,True,in_scope,,kit_composition_missing,UNMAPPED,,,,,,,,0,,,,,kit_bridge_not_promotable,False,False
shopee,2026-09-25,barbours,22195025491,219189982612,KIT116,kit_confirmed,channel_flag,True,in_scope,,kit_composition_missing,UNMAPPED,,,,,,,,0,,,,,kit_bridge_not_promotable,False,False
shopee,2026-09-25,barbours,22098913308,199179281012,KIT010,kit_confirmed,channel_flag,True,in_scope,,kit_composition_missing,UNMAPPED,,,,,,,,0,,,,,kit_bridge_not_promotable,False,False
shopee,2026-09-25,barbours,23094341176,219178633648,,kit_confirmed,channel_flag,True,in_scope,,kit_composition_missing,UNMAPPED,,,,,,,,0,,,,,kit_bridge_not_promotable,False,False
shopee,2026-09-25,barbours,23198928649,219179830901,KIT104,kit_confirmed,channel_flag,True,in_scope,,kit_composition_missing,UNMAPPED,,,,,,,,0,,,,,kit_bridge_not_promotable,False,False
shopee,2026-09-25,barbours,23198928649,149549024962,KIT104,kit_confirmed,channel_flag,True,in_scope,,kit_composition_missing,UNMAPPED,,,,,,,,0,,,,,kit_bridge_not_promotable,False,False
shopee,2026-09-25,barbours,22998896152,219179322085,KIT013,kit_confirmed,channel_flag,True,in_scope,,kit_composition_missing,UNMAPPED,,,,,,,,0,,,,,kit_bridge_not_promotable,False,False
shopee,2026-09-25,barbours,22494448670,209612336184,KIT105,kit_confirmed,channel_flag,False,in_scope,,kit_composition_missing,UNMAPPED,,,,,,,,0,,,,,kit_bridge_not_promotable,False,False
shopee,2026-09-25,barbours,22698909902,169409004744,KIT016,kit_confirmed,channel_flag,False,in_scope,,kit_composition_missing,UNMAPPED,,,,,,,,0,,,,,kit_bridge_not_promotable,False,False
shopee,2026-09-25,barbours,23299415746,228802889845,KIT132,kit_confirmed,channel_flag,True,in_scope,,kit_composition_missing,UNMAPPED,,,,,,,,0,,,,,kit_bridge_not_promotable,False,False
shopee,2026-09-25,barbours,23498826908,209178446005,KIT007,kit_confirmed,channel_flag,False,in_scope,,kit_composition_missing,UNMAPPED,,,,,,,,0,,,,,kit_bridge_not_promotable,False,False
shopee,2026-09-25,barbours,22298958027,189612353482,KIT068,kit_confirmed,channel_flag,False,in_scope,,kit_composition_missing,UNMAPPED,,,,,,,,0,,,,,kit_bridge_not_promotable,False,False
shopee,2026-09-25,barbours,23098932683,189612279675,KIT101,kit_confirmed,channel_flag,False,in_scope,,kit_composition_missing,UNMAPPED,,,,,,,,0,,,,,kit_bridge_not_promotable,False,False
shopee,2026-09-25,barbours,23099369928,159790795232,KIT125,kit_confirmed,channel_flag,True,in_scope,,kit_composition_missing,UNMAPPED,,,,,,,,0,,,,,kit_bridge_not_promotable,False,False
shopee,2026-09-25,barbours,22594819705,229435722920,KIT112,kit_confirmed,channel_flag,True,in_scope,,kit_composition_missing,UNMAPPED,,,,,,,,0,,,,,kit_bridge_not_promotable,False,False
shopee,2026-09-25,barbours,23299661440,149556157133,KIT158,kit_confirmed,channel_flag,True,in_scope,,kit_composition_missing,UNMAPPED,,,,,,,,0,,,,,kit_bridge_not_promotable,False,False
shopee,2026-09-25,barbours,23094436206,139835900049,KIT100,kit_confirmed,channel_flag,True,in_scope,,kit_composition_missing,UNMAPPED,,,,,,,,0,,,,,kit_bridge_not_promotable,False,False
shopee,2026-09-25,barbours,22494410283,209179352417,KIT095,kit_confirmed,channel_flag,False,in_scope,,kit_composition_missing,UNMAPPED,,,,,,,,0,,,,,kit_bridge_not_promotable,False,False
shopee,2026-09-25,barbours,23898886962,209179351292,KIT038,kit_confirmed,channel_flag,False,in_scope,,kit_composition_missing,UNMAPPED,,,,,,,,0,,,,,kit_bridge_not_promotable,False,False
shopee,2026-09-25,barbours,23794794991,238799221616,KIT114,kit_confirmed,channel_flag,True,in_scope,,kit_composition_missing,UNMAPPED,,,,,,,,0,,,,,kit_bridge_not_promotable,False,False
shopee,2026-09-25,barbours,22094428986,238791817559,KIT048,kit_confirmed,channel_flag,True,in_scope,,kit_composition_missing,UNMAPPED,,,,,,,,0,,,,,kit_bridge_not_promotable,False,False
shopee,2026-09-25,barbours,22498945314,229429126868,KIT106,kit_confirmed,channel_flag,False,in_scope,,kit_composition_missing,UNMAPPED,,,,,,,,0,,,,,kit_bridge_not_promotable,False,False
shopee,2026-09-25,barbours,23594395445,149548665981,KIT027,kit_confirmed,channel_flag,False,in_scope,,kit_composition_missing,UNMAPPED,,,,,,,,0,,,,,kit_bridge_not_promotable,False,False
shopee,2026-09-25,barbours,23994788066,189184215272,KIT033,kit_confirmed,channel_flag,True,in_scope,,kit_composition_missing,UNMAPPED,,,,,,,,0,,,,,kit_bridge_not_promotable,False,False
shopee,2026-09-25,barbours,23893754795,209611779784,KIT014,kit_confirmed,channel_flag,False,in_scope,,kit_composition_missing,UNMAPPED,,,,,,,,0,,,,,kit_bridge_not_promotable,False,False
shopee,2026-09-25,barbours,22894437213,219612279160,KIT099,kit_confirmed,channel_flag,True,in_scope,,kit_composition_missing,UNMAPPED,,,,,,,,0,,,,,kit_bridge_not_promotable,False,False
shopee,2026-09-25,barbours,23599446137,179415995896,KIT134,kit_confirmed,channel_flag,True,in_scope,,kit_composition_missing,UNMAPPED,,,,,,,,0,,,,,kit_bridge_not_promotable,False,False
shopee,2026-09-25,barbours,23998886578,219611779787,KIT021,kit_confirmed,channel_flag,False,in_scope,,kit_composition_missing,UNMAPPED,,,,,,,,0,,,,,kit_bridge_not_promotable,False,False
shopee,2026-09-25,barbours,23998832555,238790764390,,kit_confirmed,channel_flag,True,in_scope,,kit_composition_missing,UNMAPPED,,,,,,,,0,,,,,kit_bridge_not_promotable,False,False
shopee,2026-09-25,barbours,23798843529,179408520868,,kit_confirmed,channel_flag,False,in_scope,,kit_composition_missing,UNMAPPED,,,,,,,,0,,,,,kit_bridge_not_promotable,False,False
shopee,2026-09-25,barbours,23194850201,189618342379,KIT040,kit_confirmed,channel_flag,True,in_scope,,kit_composition_missing,UNMAPPED,,,,,,,,0,,,,,kit_bridge_not_promotable,False,False
shopee,2026-09-25,barbours,23698837948,199178637751,KIT066,kit_confirmed,channel_flag,False,in_scope,,kit_composition_missing,UNMAPPED,,,,,,,,0,,,,,kit_bridge_not_promotable,False,False
shopee,2026-09-25,barbours,23998886884,129835689572,KIT042,kit_confirmed,channel_flag,True,in_scope,,kit_composition_missing,UNMAPPED,,,,,,,,0,,,,,kit_bridge_not_promotable,False,False
shopee,2026-09-25,barbours,23898886437,149548658620,KIT015,kit_confirmed,channel_flag,True,in_scope,,kit_composition_missing,UNMAPPED,,,,,,,,0,,,,,kit_bridge_not_promotable,False,False
shopee,2026-09-25,barbours,23898884730,129652334471,KIT002,kit_confirmed,channel_flag,True,in_scope,,kit_composition_missing,UNMAPPED,,,,,,,,0,,,,,kit_bridge_not_promotable,False,False
shopee,2026-09-25,barbours,23594999768,129657148364,KIT145,kit_confirmed,channel_flag,True,in_scope,,kit_composition_missing,UNMAPPED,,,,,,,,0,,,,,kit_bridge_not_promotable,False,False
shopee,2026-09-25,barbours,58205305833,219618332503,KIT045,kit_confirmed,channel_flag,True,in_scope,,kit_composition_missing,UNMAPPED,,,,,,,,0,,,,,kit_bridge_not_promotable,False,False
shopee,2026-09-25,barbours,22098920478,219611800359,KIT049,kit_confirmed,channel_flag,True,in_scope,,kit_composition_missing,UNMAPPED,,,,,,,,0,,,,,kit_bridge_not_promotable,False,False
shopee,2026-09-25,barbours,58212128408,199190394046,KIT143,kit_confirmed,channel_flag,True,in_scope,,kit_composition_missing,UNMAPPED,,,,,,,,0,,,,,kit_bridge_not_promotable,False,False
shopee,2026-09-25,barbours,58204404712,219185231692,KIT122,kit_confirmed,channel_flag,True,in_scope,,kit_composition_missing,UNMAPPED,,,,,,,,0,,,,,kit_bridge_not_promotable,False,False
shopee,2026-09-25,barbours,58211503510,159792599570,KIT111,kit_confirmed,channel_flag,True,in_scope,,kit_composition_missing,UNMAPPED,,,,,,,,0,,,,,kit_bridge_not_promotable,False,False
shopee,2026-09-25,barbours,58214234849,139657682157,KIT149,kit_confirmed,channel_flag,True,in_scope,,kit_composition_missing,UNMAPPED,,,,,,,,0,,,,,kit_bridge_not_promotable,False,False
shopee,2026-09-25,apice,22098924739,209611800934,KIT041,kit_confirmed,channel_flag,True,in_scope,,kit_composition_missing,UNMAPPED,,,,,,,,0,,,,,kit_bridge_not_promotable,False,False
shopee,2026-09-25,apice,21398308887,199611802883,KIT039,kit_confirmed,channel_flag,True,in_scope,,kit_composition_missing,UNMAPPED,,,,,,,,0,,,,,kit_bridge_not_promotable,False,False
shopee,2026-09-25,rituaria,58214766447,149555806873,MLNUTRIPREB,kit_confirmed,channel_flag,True,in_scope,,kit_composition_missing,UNMAPPED,,,,,,,,0,,,,,kit_bridge_not_promotable,False,False
shopee,2026-09-25,apice,19798314354,169409019699,KIT035,kit_confirmed,channel_flag,True,in_scope,,kit_composition_missing,UNMAPPED,,,,,,,,0,,,,,kit_bridge_not_promotable,False,False
shopee,2026-09-25,apice,22594413911,199179355027,KIT051,kit_confirmed,channel_flag,True,in_scope,,kit_composition_missing,UNMAPPED,,,,,,,,0,,,,,kit_bridge_not_promotable,False,False
shopee,2026-09-25,barbours,58211547249,199190013958,KIT026,kit_confirmed,channel_flag,True,in_scope,,kit_composition_missing,UNMAPPED,,,,,,,,0,,,,,kit_bridge_not_promotable,False,False
shopee,2026-09-25,barbours,58268309622,189626923003,KIT166,kit_confirmed,channel_flag,True,in_scope,,kit_composition_missing,UNMAPPED,,,,,,,,0,,,,,kit_bridge_not_promotable,False,False
shopee,2026-09-25,lescent,58251338685,179722967863,KIT004,kit_confirmed,channel_flag,True,in_scope,,kit_composition_missing,UNMAPPED,,,,,,,,0,,,,,kit_bridge_not_promotable,False,False
shopee,2026-09-25,barbours,23698892005,169409018827,KIT031,kit_confirmed,channel_flag,True,in_scope,,kit_composition_missing,UNMAPPED,,,,,,,,0,,,,,kit_bridge_not_promotable,False,False
shopee,2026-09-25,barbours,58207078816,209187116204,KIT128,kit_confirmed,channel_flag,True,in_scope,,kit_composition_missing,UNMAPPED,,,,,,,,0,,,,,kit_bridge_not_promotable,False,False
shopee,2026-09-25,barbours,58208971285,238804934187,KIT110,kit_confirmed,channel_flag,True,in_scope,,kit_composition_missing,UNMAPPED,,,,,,,,0,,,,,kit_bridge_not_promotable,False,False
shopee,2026-09-25,barbours,58212129234,129657107989,KIT144,kit_confirmed,channel_flag,True,in_scope,,kit_composition_missing,UNMAPPED,,,,,,,,0,,,,,kit_bridge_not_promotable,False,False
shopee,2026-09-25,barbours,58211544495,199190010165,KIT025,kit_confirmed,channel_flag,True,in_scope,,kit_composition_missing,UNMAPPED,,,,,,,,0,,,,,kit_bridge_not_promotable,False,False
shopee,2026-09-25,barbours,58210063483,239442455322,KIT138,kit_confirmed,channel_flag,True,in_scope,,kit_composition_missing,UNMAPPED,,,,,,,,0,,,,,kit_bridge_not_promotable,False,False
shopee,2026-09-25,barbours,58211511960,239443878457,KIT142,kit_confirmed,channel_flag,True,in_scope,,kit_composition_missing,UNMAPPED,,,,,,,,0,,,,,kit_bridge_not_promotable,False,False
shopee,2026-09-25,barbours,58210071643,219621465082,KIT139,kit_confirmed,channel_flag,True,in_scope,,kit_composition_missing,UNMAPPED,,,,,,,,0,,,,,kit_bridge_not_promotable,False,False
shopee,2026-09-25,barbours,58214234389,219624187940,KIT148,kit_confirmed,channel_flag,True,in_scope,,kit_composition_missing,UNMAPPED,,,,,,,,0,,,,,kit_bridge_not_promotable,False,False
shopee,2026-09-25,barbours,58200794909,239432709698,KIT113,kit_confirmed,channel_flag,True,in_scope,,kit_composition_missing,UNMAPPED,,,,,,,,0,,,,,kit_bridge_not_promotable,False,False
shopee,2026-09-25,barbours,58201630973,109871533986,KIT116,kit_confirmed,channel_flag,True,in_scope,,kit_composition_missing,UNMAPPED,,,,,,,,0,,,,,kit_bridge_not_promotable,False,False
shopee,2026-09-25,barbours,58203286342,199616874610,KIT115,kit_confirmed,channel_flag,True,in_scope,,kit_composition_missing,UNMAPPED,,,,,,,,0,,,,,kit_bridge_not_promotable,False,False
shopee,2026-09-25,barbours,58213656506,238809375745,KIT147,kit_confirmed,channel_flag,True,in_scope,,kit_composition_missing,UNMAPPED,,,,,,,,0,,,,,kit_bridge_not_promotable,False,False
shopee,2026-09-25,rituaria,23893828229,219612951391,ML3UNIF,kit_confirmed,channel_flag,True,in_scope,,kit_composition_missing,UNMAPPED,,,,,,,,0,,,,,kit_bridge_not_promotable,False,False
shopee,2026-09-25,barbours,58211511026,169416708449,KIT117,kit_confirmed,channel_flag,True,in_scope,,kit_composition_missing,UNMAPPED,,,,,,,,0,,,,,kit_bridge_not_promotable,False,False
shopee,2026-09-25,barbours,58209361367,199621022315,KIT001,kit_confirmed,channel_flag,False,in_scope,,kit_composition_missing,UNMAPPED,,,,,,,,0,,,,,kit_bridge_not_promotable,False,False
shopee,2026-09-25,barbours,58205308561,189618340551,KIT022,kit_confirmed,channel_flag,False,in_scope,,kit_composition_missing,UNMAPPED,,,,,,,,0,,,,,kit_bridge_not_promotable,False,False
shopee,2026-09-25,barbours,58207614646,238803637402,KIT131,kit_confirmed,channel_flag,True,in_scope,,kit_composition_missing,UNMAPPED,,,,,,,,0,,,,,kit_bridge_not_promotable,False,False
shopee,2026-09-25,barbours,58265696343,109730037588,KIT161,kit_confirmed,channel_flag,True,in_scope,,kit_composition_missing,UNMAPPED,,,,,,,,0,,,,,kit_bridge_not_promotable,False,False
shopee,2026-09-25,barbours,58217436323,238812990342,KIT165,kit_confirmed,channel_flag,True,in_scope,,kit_composition_missing,UNMAPPED,,,,,,,,0,,,,,kit_bridge_not_promotable,False,False
shopee,2026-09-25,barbours,58264299377,229446522869,KIT152,kit_confirmed,channel_flag,True,in_scope,,kit_composition_missing,UNMAPPED,,,,,,,,0,,,,,kit_bridge_not_promotable,False,False
shopee,2026-09-25,barbours,58215652172,189625194516,KIT156,kit_confirmed,channel_flag,True,in_scope,,kit_composition_missing,UNMAPPED,,,,,,,,0,,,,,kit_bridge_not_promotable,False,False
shopee,2026-09-25,apice,58258752192,109728436670,VK35231,kit_suspected,title,True,in_scope,,kit_composition_missing,UNMAPPED,,,,,,,,0,,,,,kit_bridge_not_promotable,False,False
shopee,2026-09-25,apice,58258752192,109728436669,VK35230,kit_suspected,title,True,in_scope,,kit_composition_missing,UNMAPPED,,,,,,,,0,,,,,kit_bridge_not_promotable,False,False
shopee,2026-09-25,apice,58258752192,109728436671,VK35232,kit_suspected,title,True,in_scope,,kit_composition_missing,UNMAPPED,,,,,,,,0,,,,,kit_bridge_not_promotable,False,False
shopee,2026-09-25,barbours,58265684755,169418709244,KIT160,kit_confirmed,channel_flag,True,in_scope,,kit_composition_missing,UNMAPPED,,,,,,,,0,,,,,kit_bridge_not_promotable,False,False
shopee,2026-09-25,barbours,58265701370,179418709761,KIT157,kit_confirmed,channel_flag,True,in_scope,,kit_composition_missing,UNMAPPED,,,,,,,,0,,,,,kit_bridge_not_promotable,False,False
shopee,2026-09-25,barbours,58260056158,219189019312,KIT135,kit_confirmed,channel_flag,True,in_scope,,kit_composition_missing,UNMAPPED,,,,,,,,0,,,,,kit_bridge_not_promotable,False,False
shopee,2026-09-25,barbours,58255331196,209618360682,KIT001,kit_confirmed,channel_flag,False,in_scope,,kit_composition_missing,UNMAPPED,,,,,,,,0,,,,,kit_bridge_not_promotable,False,False
shopee,2026-09-25,barbours,58253003925,229435394159,KIT035,kit_confirmed,channel_flag,False,in_scope,,kit_composition_missing,UNMAPPED,,,,,,,,0,,,,,kit_bridge_not_promotable,False,False
shopee,2026-09-25,barbours,58256429822,119872790063,KIT124,kit_confirmed,channel_flag,True,in_scope,,kit_composition_missing,UNMAPPED,,,,,,,,0,,,,,kit_bridge_not_promotable,False,False
shopee,2026-09-25,rituaria,22094543595,139836178135,MLAVANRENO,kit_confirmed,channel_flag,True,in_scope,,kit_composition_missing,UNMAPPED,,,,,,,,0,,,,,kit_bridge_not_promotable,False,False
shopee,2026-09-25,apice,58252401849,229434622527,KIT022,kit_confirmed,channel_flag,True,in_scope,,kit_composition_missing,UNMAPPED,,,,,,,,0,,,,,kit_bridge_not_promotable,False,False
shopee,2026-09-25,barbours,58255298584,169413740933,KIT051,kit_confirmed,channel_flag,False,in_scope,,kit_composition_missing,UNMAPPED,,,,,,,,0,,,,,kit_bridge_not_promotable,False,False
shopee,2026-09-25,barbours,58255743791,239438343790,KIT123,kit_confirmed,channel_flag,True,in_scope,,kit_composition_missing,UNMAPPED,,,,,,,,0,,,,,kit_bridge_not_promotable,False,False
shopee,2026-09-25,barbours,58257423491,209619785591,KIT129,kit_confirmed,channel_flag,False,in_scope,,kit_composition_missing,UNMAPPED,,,,,,,,0,,,,,kit_bridge_not_promotable,False,False
shopee,2026-09-25,barbours,58253269557,129654584156,KIT107,kit_confirmed,channel_flag,True,in_scope,,kit_composition_missing,UNMAPPED,,,,,,,,0,,,,,kit_bridge_not_promotable,False,False
shopee,2026-09-25,barbours,58255295980,209185889904,KIT011,kit_confirmed,channel_flag,True,in_scope,,kit_composition_missing,UNMAPPED,,,,,,,,0,,,,,kit_bridge_not_promotable,False,False
shopee,2026-09-25,barbours,58260053163,109728710758,KIT136,kit_confirmed,channel_flag,True,in_scope,,kit_composition_missing,UNMAPPED,,,,,,,,0,,,,,kit_bridge_not_promotable,False,False
shopee,2026-09-25,barbours,58257610378,169414866752,KIT130,kit_confirmed,channel_flag,True,in_scope,,kit_composition_missing,UNMAPPED,,,,,,,,0,,,,,kit_bridge_not_promotable,False,False
shopee,2026-09-25,barbours,58265560809,169418638897,KIT155,kit_confirmed,channel_flag,False,in_scope,,kit_composition_missing,UNMAPPED,,,,,,,,0,,,,,kit_bridge_not_promotable,False,False
shopee,2026-09-25,barbours,58256867891,239439451748,KIT126,kit_confirmed,channel_flag,True,in_scope,,kit_composition_missing,UNMAPPED,,,,,,,,0,,,,,kit_bridge_not_promotable,False,False
shopee,2026-09-25,barbours,58260066593,209621470788,KIT140,kit_confirmed,channel_flag,True,in_scope,,kit_composition_missing,UNMAPPED,,,,,,,,0,,,,,kit_bridge_not_promotable,False,False
shopee,2026-09-25,barbours,58252498051,209183773986,KIT117,kit_confirmed,channel_flag,True,in_scope,,kit_composition_missing,UNMAPPED,,,,,,,,0,,,,,kit_bridge_not_promotable,False,False
shopee,2026-09-25,barbours,58261545641,169416726877,KIT022,kit_confirmed,channel_flag,True,in_scope,,kit_composition_missing,UNMAPPED,,,,,,,,0,,,,,kit_bridge_not_promotable,False,False
shopee,2026-09-25,barbours,58257541529,169726285845,KIT129,kit_confirmed,channel_flag,True,in_scope,,kit_composition_missing,UNMAPPED,,,,,,,,0,,,,,kit_bridge_not_promotable,False,False
shopee,2026-09-25,barbours,58253275333,169724138546,KIT108,kit_confirmed,channel_flag,False,in_scope,,kit_composition_missing,UNMAPPED,,,,,,,,0,,,,,kit_bridge_not_promotable,False,False
shopee,2026-09-25,barbours,58254393492,219617676807,KIT119,kit_confirmed,channel_flag,True,in_scope,,kit_composition_missing,UNMAPPED,,,,,,,,0,,,,,kit_bridge_not_promotable,False,False
shopee,2026-09-25,rituaria,23199452691,228805034838,MLMAGPICOMB,kit_confirmed,channel_flag,True,in_scope,,kit_composition_missing,UNMAPPED,,,,,,,,0,,,,,kit_bridge_not_promotable,False,False
shopee,2026-09-25,rituaria,22199035101,219180499623,MLESSENIMUNI,kit_confirmed,channel_flag,True,in_scope,,kit_composition_missing,UNMAPPED,,,,,,,,0,,,,,kit_bridge_not_promotable,False,False
shopee,2026-09-25,apice,58253755035,209617198746,KIT023,kit_confirmed,channel_flag,True,in_scope,,kit_composition_missing,UNMAPPED,,,,,,,,0,,,,,kit_bridge_not_promotable,False,False
shopee,2026-09-25,barbours,58215694994,229447883844,KIT162,kit_confirmed,channel_flag,True,in_scope,,kit_composition_missing,UNMAPPED,,,,,,,,0,,,,,kit_bridge_not_promotable,False,False
shopee,2026-09-25,barbours,58260052548,228804850645,KIT136,kit_confirmed,channel_flag,True,in_scope,,kit_composition_missing,UNMAPPED,,,,,,,,0,,,,,kit_bridge_not_promotable,False,False
shopee,2026-09-25,barbours,58264358032,239446591739,KIT146,kit_confirmed,channel_flag,True,in_scope,,kit_composition_missing,UNMAPPED,,,,,,,,0,,,,,kit_bridge_not_promotable,False,False
shopee,2026-09-25,barbours,58215799457,179418755464,KIT159,kit_confirmed,channel_flag,True,in_scope,,kit_composition_missing,UNMAPPED,,,,,,,,0,,,,,kit_bridge_not_promotable,False,False
shopee,2026-09-25,barbours,58261501262,109873927796,KIT117,kit_confirmed,channel_flag,False,in_scope,,kit_composition_missing,UNMAPPED,,,,,,,,0,,,,,kit_bridge_not_promotable,False,False
shopee,2026-09-25,barbours,58254395875,209185233633,KIT121,kit_confirmed,channel_flag,True,in_scope,,kit_composition_missing,UNMAPPED,,,,,,,,0,,,,,kit_bridge_not_promotable,False,False
shopee,2026-09-25,barbours,58215710736,149794159370,KIT163,kit_confirmed,channel_flag,True,in_scope,,kit_composition_missing,UNMAPPED,,,,,,,,0,,,,,kit_bridge_not_promotable,False,False
shopee,2026-09-25,barbours,58265687780,238811370454,KIT164,kit_confirmed,channel_flag,True,in_scope,,kit_composition_missing,UNMAPPED,,,,,,,,0,,,,,kit_bridge_not_promotable,False,False
shopee,2026-09-25,barbours,58257973123,179726465261,KIT133,kit_confirmed,channel_flag,True,in_scope,,kit_composition_missing,UNMAPPED,,,,,,,,0,,,,,kit_bridge_not_promotable,False,False
shopee,2026-09-25,barbours,58215789588,109730057583,KIT155,kit_confirmed,channel_flag,True,in_scope,,kit_composition_missing,UNMAPPED,,,,,,,,0,,,,,kit_bridge_not_promotable,False,False
shopee,2026-09-25,barbours,58265632570,189192750423,KIT154,kit_confirmed,channel_flag,True,in_scope,,kit_composition_missing,UNMAPPED,,,,,,,,0,,,,,kit_bridge_not_promotable,False,False
shopee,2026-09-25,barbours,58252498139,219616222286,KIT118,kit_confirmed,channel_flag,True,in_scope,,kit_composition_missing,UNMAPPED,,,,,,,,0,,,,,kit_bridge_not_promotable,False,False
shopee,2026-09-25,barbours,58253273644,189616873863,KIT061,kit_confirmed,channel_flag,False,in_scope,,kit_composition_missing,UNMAPPED,,,,,,,,0,,,,,kit_bridge_not_promotable,False,False
shopee,2026-09-25,rituaria,58251688395,179723187903,VERAORITU,kit_confirmed,channel_flag,True,in_scope,,kit_composition_missing,UNMAPPED,,,,,,,,0,,,,,kit_bridge_not_promotable,False,False
shopee,2026-09-25,rituaria,58260226458,219189138802,MLMAGPIC,kit_confirmed,channel_flag,True,in_scope,,kit_composition_missing,UNMAPPED,,,,,,,,0,,,,,kit_bridge_not_promotable,False,False
shopee,2026-09-25,barbours,58215805009,209192843782,KIT153,kit_confirmed,channel_flag,True,in_scope,,kit_composition_missing,UNMAPPED,,,,,,,,0,,,,,kit_bridge_not_promotable,False,False
shopee,2026-09-25,rituaria,58260258745,109873636776,MLMAGNACOMB,kit_confirmed,channel_flag,True,in_scope,,kit_composition_missing,UNMAPPED,,,,,,,,0,,,,,kit_bridge_not_promotable,False,False
shopee,2026-09-25,barbours,58254393698,239436885404,KIT120,kit_confirmed,channel_flag,True,in_scope,,kit_composition_missing,UNMAPPED,,,,,,,,0,,,,,kit_bridge_not_promotable,False,False
shopee,2026-09-25,rituaria,58215393804,219624996081,MLJUICYMIXER,kit_confirmed,channel_flag,True,in_scope,,kit_composition_missing,UNMAPPED,,,,,,,,0,,,,,kit_bridge_not_promotable,False,False
shopee,2026-09-25,apice,58265212419,139841345329,KIT096,kit_confirmed,channel_flag,True,in_scope,,kit_composition_missing,UNMAPPED,,,,,,,,0,,,,,kit_bridge_not_promotable,False,False
shopee,2026-09-25,barbours,58257073461,209619559925,KIT127,kit_confirmed,channel_flag,True,in_scope,,kit_composition_missing,UNMAPPED,,,,,,,,0,,,,,kit_bridge_not_promotable,False,False
shopee,2026-09-25,barbours,58214308823,119874575762,KIT150,kit_confirmed,channel_flag,True,in_scope,,kit_composition_missing,UNMAPPED,,,,,,,,0,,,,,kit_bridge_not_promotable,False,False
shopee,2026-09-25,rituaria,58212969392,238808680499,MLMAGNAC,kit_confirmed,channel_flag,True,in_scope,,kit_composition_missing,UNMAPPED,,,,,,,,0,,,,,kit_bridge_not_promotable,False,False
shopee,2026-09-25,rituaria,58210231654,219189138468,MLMAGNAC,kit_confirmed,channel_flag,True,in_scope,,kit_composition_missing,UNMAPPED,,,,,,,,0,,,,,kit_bridge_not_promotable,False,False
shopee,2026-09-25,rituaria,58214749739,219192150295,MLBRAINPREB,kit_confirmed,channel_flag,True,in_scope,,kit_composition_missing,UNMAPPED,,,,,,,,0,,,,,kit_bridge_not_promotable,False,False
tiktok,2026-09-25,rituaria,1732403561358853176,,MLCOMPLETAO,kit_suspected,title,True,in_scope,,kit_composition_missing,UNMAPPED,,,,,,,,0,,,,,kit_bridge_not_promotable,False,False
tiktok,2026-09-25,rituaria,1732403572357694520,,DFASJKHR_SHOP,kit_suspected,title,True,in_scope,,kit_composition_missing,UNMAPPED,,,,,,,,0,,,,,kit_bridge_not_promotable,False,False
tiktok,2026-09-25,rituaria,1732403526201214008,,RITUAL-FABULOSO_SHOP,kit_suspected,title,True,in_scope,,kit_composition_missing,UNMAPPED,,,,,,,,0,,,,,kit_bridge_not_promotable,False,False
tiktok,2026-09-25,rituaria,1731574088569685048,,MKPUNIFANTI,kit_suspected,title,True,in_scope,,kit_composition_missing,UNMAPPED,,,,,,,,0,,,,,kit_bridge_not_promotable,False,False
tiktok,2026-09-25,rituaria,1731574054834570296,,MLRITURUGA,kit_suspected,title,True,in_scope,,kit_composition_missing,UNMAPPED,,,,,,,,0,,,,,kit_bridge_not_promotable,False,False
tiktok,2026-09-25,barbours,1731981777796171172,,Kit053,kit_suspected,sku_prefix,True,in_scope,,kit_composition_missing,UNMAPPED,,,,,,,,0,,,,,kit_bridge_not_promotable,False,False
tiktok,2026-09-25,denavita,1732104979926845403,,KTON02,kit_suspected,title,True,out_of_business_scope,,kit_composition_missing,UNMAPPED,,,,,,,,0,,,,,kit_bridge_not_promotable,False,False
tiktok,2026-09-25,apice,1732317099339973716,,KIT028,kit_suspected,sku_prefix,True,in_scope,,kit_composition_missing,UNMAPPED,,,,,,,,0,,,,,kit_bridge_not_promotable,False,False
tiktok,2026-09-25,rituaria,1731574194034869304,,MLAVANRENO,kit_suspected,title,True,in_scope,,kit_composition_missing,UNMAPPED,,,,,,,,0,,,,,kit_bridge_not_promotable,False,False
tiktok,2026-09-25,rituaria,1732403641659196472,,MLRITUALINTER,kit_suspected,title,True,in_scope,,kit_composition_missing,UNMAPPED,,,,,,,,0,,,,,kit_bridge_not_promotable,False,False
tiktok,2026-09-25,rituaria,1731574117500290104,,MLLIMPDUPL,kit_suspected,title,True,in_scope,,kit_composition_missing,UNMAPPED,,,,,,,,0,,,,,kit_bridge_not_promotable,False,False
tiktok,2026-09-25,rituaria,1736656809983181880,,MLNUTRIPREB,kit_suspected,title,True,in_scope,,kit_composition_missing,UNMAPPED,,,,,,,,0,,,,,kit_bridge_not_promotable,False,False
tiktok,2026-09-25,rituaria,1732403611569914936,,MLESSENPREBI,kit_suspected,title,True,in_scope,,kit_composition_missing,UNMAPPED,,,,,,,,0,,,,,kit_bridge_not_promotable,False,False
tiktok,2026-09-25,rituaria,1736656456360821816,,MLNUTRIPREB4MAG,kit_suspected,title,True,in_scope,,kit_composition_missing,UNMAPPED,,,,,,,,0,,,,,kit_bridge_not_promotable,False,False
tiktok,2026-09-25,rituaria,1732403457597998136,,MLUNIFHIDRA,kit_suspected,title,True,in_scope,,kit_composition_missing,UNMAPPED,,,,,,,,0,,,,,kit_bridge_not_promotable,False,False
tiktok,2026-09-25,rituaria,1732403495178175544,,ML3UNIF,kit_suspected,title,True,in_scope,,kit_composition_missing,UNMAPPED,,,,,,,,0,,,,,kit_bridge_not_promotable,False,False
tiktok,2026-09-25,rituaria,1736459506135696440,,MLNUTRI4MAG,kit_suspected,title,True,in_scope,,kit_composition_missing,UNMAPPED,,,,,,,,0,,,,,kit_bridge_not_promotable,False,False
tiktok,2026-09-25,rituaria,1732403641254970424,,MLESSENIMUNI,kit_suspected,title,True,in_scope,,kit_composition_missing,UNMAPPED,,,,,,,,0,,,,,kit_bridge_not_promotable,False,False
tiktok,2026-09-25,kokeshi,1731600330795615507,,V40041,kit_suspected,title,True,in_scope,,kit_composition_missing,UNMAPPED,,,,,,,,0,,,,,kit_bridge_not_promotable,False,False
tiktok,2026-09-25,kokeshi,1731600351375688979,,V40035,kit_suspected,title,True,in_scope,,kit_composition_missing,UNMAPPED,,,,,,,,0,,,,,kit_bridge_not_promotable,False,False
tiktok,2026-09-25,kokeshi,1731600349192684819,,V40038,kit_suspected,title,True,in_scope,,kit_composition_missing,UNMAPPED,,,,,,,,0,,,,,kit_bridge_not_promotable,False,False
tiktok,2026-09-25,kokeshi,1731600173976814867,,40015,kit_suspected,internal_catalog,True,in_scope,,kit_composition_missing,EXACT_DIRECT,brand_code_exact,KKS00027,kokeshi,4,4.0,KS03015|KS03016|KS03019|KS03022,1.0|1.0|1.0|1.0,3,component_brand_gtin_exact|component_brand_sku_exact_unique|component_brand_sku_exact_unique|,,0.15,,kit_component_reference_missing,False,False
tiktok,2026-09-25,barbours,1731980608456852900,,Kit019,kit_suspected,sku_prefix,True,in_scope,,kit_composition_missing,UNMAPPED,,,,,,,,0,,,,,kit_bridge_not_promotable,False,False
tiktok,2026-09-25,rituaria,1732403537951032376,,IMUNO-ANTIOXI90-SHOP,kit_suspected,title,True,in_scope,,kit_composition_missing,UNMAPPED,,,,,,,,0,,,,,kit_bridge_not_promotable,False,False
tiktok,2026-09-25,rituaria,1732403482583991352,,ML2UNIFO,kit_suspected,title,True,in_scope,,kit_composition_missing,UNMAPPED,,,,,,,,0,,,,,kit_bridge_not_promotable,False,False
tiktok,2026-09-25,rituaria,1735276003423192120,,MLESSENCIAL,kit_suspected,title,True,in_scope,,kit_composition_missing,UNMAPPED,,,,,,,,0,,,,,kit_bridge_not_promotable,False,False
tiktok,2026-09-25,kokeshi,1731599328969065747,,V40044,kit_suspected,title,True,in_scope,,kit_composition_missing,UNMAPPED,,,,,,,,0,,,,,kit_bridge_not_promotable,False,False
tiktok,2026-09-25,apice,1736157698881258580,,KIT086,kit_suspected,sku_prefix,True,in_scope,,kit_composition_missing,UNMAPPED,,,,,,,,0,,,,,kit_bridge_not_promotable,False,False
tiktok,2026-09-25,apice,1735168279541744724,,KIT084,kit_suspected,sku_prefix,True,in_scope,,kit_composition_missing,UNMAPPED,,,,,,,,0,,,,,kit_bridge_not_promotable,False,False
tiktok,2026-09-25,barbours,1735404201842476452,,Kit136,kit_suspected,sku_prefix,True,in_scope,,kit_composition_missing,UNMAPPED,,,,,,,,0,,,,,kit_bridge_not_promotable,False,False
tiktok,2026-09-25,lescent,1733440690467079711,,KIT003,kit_suspected,sku_prefix,True,in_scope,,kit_composition_missing,UNMAPPED,,,,,,,,0,,,,,kit_bridge_not_promotable,False,False
tiktok,2026-09-25,apice,1732326535752221780,,KIT052,kit_suspected,sku_prefix,True,in_scope,,kit_composition_missing,UNMAPPED,,,,,,,,0,,,,,kit_bridge_not_promotable,False,False
tiktok,2026-09-25,apice,1732326575401305172,,KIT058,kit_suspected,sku_prefix,True,in_scope,,kit_composition_missing,UNMAPPED,,,,,,,,0,,,,,kit_bridge_not_promotable,False,False
tiktok,2026-09-25,apice,1732316961393509460,,KIT027,kit_suspected,sku_prefix,True,in_scope,,kit_composition_missing,UNMAPPED,,,,,,,,0,,,,,kit_bridge_not_promotable,False,False
tiktok,2026-09-25,apice,1732317005074039892,,KIT021,kit_suspected,sku_prefix,True,in_scope,,kit_composition_missing,UNMAPPED,,,,,,,,0,,,,,kit_bridge_not_promotable,False,False
tiktok,2026-09-25,apice,1732326518512583764,,KIT048,kit_suspected,sku_prefix,True,in_scope,,kit_composition_missing,UNMAPPED,,,,,,,,0,,,,,kit_bridge_not_promotable,False,False
tiktok,2026-09-25,apice,1732326529944224852,,KIT050,kit_suspected,sku_prefix,True,in_scope,,kit_composition_missing,UNMAPPED,,,,,,,,0,,,,,kit_bridge_not_promotable,False,False
tiktok,2026-09-25,apice,1732326557730899028,,KIT054,kit_suspected,sku_prefix,True,in_scope,,kit_composition_missing,UNMAPPED,,,,,,,,0,,,,,kit_bridge_not_promotable,False,False
tiktok,2026-09-25,apice,1732326628907582548,,KIT056,kit_suspected,sku_prefix,True,in_scope,,kit_composition_missing,UNMAPPED,,,,,,,,0,,,,,kit_bridge_not_promotable,False,False
tiktok,2026-09-25,denavita,1735749230594066395,,KLMVIN,kit_suspected,title,True,out_of_business_scope,,kit_composition_missing,UNMAPPED,,,,,,,,0,,,,,kit_bridge_not_promotable,False,False
tiktok,2026-09-25,apice,1733893493271725140,,KIT078,kit_suspected,sku_prefix,True,in_scope,,kit_composition_missing,UNMAPPED,,,,,,,,0,,,,,kit_bridge_not_promotable,False,False
tiktok,2026-09-25,apice,1733893446315705428,,KIT076,kit_suspected,sku_prefix,True,in_scope,,kit_composition_missing,UNMAPPED,,,,,,,,0,,,,,kit_bridge_not_promotable,False,False
tiktok,2026-09-25,barbours,1732944463478097316,,Kit111,kit_suspected,sku_prefix,True,in_scope,,kit_composition_missing,UNMAPPED,,,,,,,,0,,,,,kit_bridge_not_promotable,False,False
tiktok,2026-09-25,barbours,1733596460383438244,,Kit022,kit_suspected,sku_prefix,True,in_scope,,kit_composition_missing,UNMAPPED,,,,,,,,0,,,,,kit_bridge_not_promotable,False,False
tiktok,2026-09-25,barbours,1736036526899234212,,KIT145,kit_suspected,sku_prefix,True,in_scope,,kit_composition_missing,UNMAPPED,,,,,,,,0,,,,,kit_bridge_not_promotable,False,False
tiktok,2026-09-25,barbours,1735985970077468068,,KIT144,kit_suspected,sku_prefix,True,in_scope,,kit_composition_missing,UNMAPPED,,,,,,,,0,,,,,kit_bridge_not_promotable,False,False
tiktok,2026-09-25,apice,1732317371605746772,,KIT045,kit_suspected,sku_prefix,True,in_scope,,kit_composition_missing,UNMAPPED,,,,,,,,0,,,,,kit_bridge_not_promotable,False,False
tiktok,2026-09-25,lescent,1735072022751643167,,KIT011,kit_suspected,sku_prefix,True,in_scope,,kit_composition_missing,UNMAPPED,,,,,,,,0,,,,,kit_bridge_not_promotable,False,False
tiktok,2026-09-25,rituaria,1736656407369385016,,MLBRAIN4MAG,kit_suspected,title,True,in_scope,,kit_composition_missing,UNMAPPED,,,,,,,,0,,,,,kit_bridge_not_promotable,False,False
tiktok,2026-09-25,apice,1732317356626969684,,KIT046,kit_suspected,sku_prefix,True,in_scope,,kit_composition_missing,UNMAPPED,,,,,,,,0,,,,,kit_bridge_not_promotable,False,False
tiktok,2026-09-25,barbours,1731980318979818916,,Kit004,kit_suspected,sku_prefix,True,in_scope,,kit_composition_missing,UNMAPPED,,,,,,,,0,,,,,kit_bridge_not_promotable,False,False
tiktok,2026-09-25,apice,1736693116810658900,,KIT089,kit_suspected,sku_prefix,True,in_scope,,kit_composition_missing,UNMAPPED,,,,,,,,0,,,,,kit_bridge_not_promotable,False,False
tiktok,2026-09-25,apice,1736775731092882516,,KIT095,kit_suspected,sku_prefix,True,in_scope,,kit_composition_missing,UNMAPPED,,,,,,,,0,,,,,kit_bridge_not_promotable,False,False
tiktok,2026-09-25,apice,1736693151933826132,,KIT091,kit_suspected,sku_prefix,True,in_scope,,kit_composition_missing,UNMAPPED,,,,,,,,0,,,,,kit_bridge_not_promotable,False,False
tiktok,2026-09-25,apice,1736694123625612372,,KIT092,kit_suspected,sku_prefix,True,in_scope,,kit_composition_missing,UNMAPPED,,,,,,,,0,,,,,kit_bridge_not_promotable,False,False
tiktok,2026-09-25,apice,1736692999325123668,,KIT090,kit_suspected,sku_prefix,True,in_scope,,kit_composition_missing,UNMAPPED,,,,,,,,0,,,,,kit_bridge_not_promotable,False,False
tiktok,2026-09-25,apice,1736775441659954260,,KIT093,kit_suspected,sku_prefix,True,in_scope,,kit_composition_missing,UNMAPPED,,,,,,,,0,,,,,kit_bridge_not_promotable,False,False
tiktok,2026-09-25,denavita,1737310751829690331,,kit2spirulina2x1denavita-1,kit_suspected,sku_prefix,True,out_of_business_scope,,kit_composition_missing,UNMAPPED,,,,,,,,0,,,,,kit_bridge_not_promotable,False,False
tiktok,2026-09-25,denavita,1737309541683595227,,DVMAI2,kit_suspected,title,False,out_of_business_scope,,kit_composition_missing,UNMAPPED,,,,,,,,0,,,,,kit_bridge_not_promotable,False,False
tiktok,2026-09-25,denavita,1737309200498919387,,KJEJ02,kit_suspected,title,True,out_of_business_scope,,kit_composition_missing,UNMAPPED,,,,,,,,0,,,,,kit_bridge_not_promotable,False,False
tiktok,2026-09-25,denavita,1732078333936568283,,DVLM05,kit_suspected,title,False,out_of_business_scope,,kit_composition_missing,UNMAPPED,,,,,,,,0,,,,,kit_bridge_not_promotable,False,False
tiktok,2026-09-25,denavita,1737310550462269403,,kit2omega33x1denavita-1,kit_suspected,sku_prefix,True,out_of_business_scope,,kit_composition_missing,UNMAPPED,,,,,,,,0,,,,,kit_bridge_not_promotable,False,False
tiktok,2026-09-25,denavita,1732144792706058203,,DVOME003,kit_suspected,title,True,out_of_business_scope,,kit_composition_missing,UNMAPPED,,,,,,,,0,,,,,kit_bridge_not_promotable,False,False
tiktok,2026-09-25,denavita,1737326796464424923,,DVCOQCHLO,kit_suspected,title,True,out_of_business_scope,,kit_composition_missing,UNMAPPED,,,,,,,,0,,,,,kit_bridge_not_promotable,False,False
tiktok,2026-09-25,denavita,1736150278628149211,,DVNAC3,kit_suspected,title,True,out_of_business_scope,,kit_composition_missing,UNMAPPED,,,,,,,,0,,,,,kit_bridge_not_promotable,False,False
tiktok,2026-09-25,denavita,1737309016316151771,,DVCOL02-1,kit_suspected,title,True,out_of_business_scope,,kit_composition_missing,UNMAPPED,,,,,,,,0,,,,,kit_bridge_not_promotable,False,False
tiktok,2026-09-25,denavita,1732144638754916315,,JEJOOM02,kit_suspected,title,False,out_of_business_scope,,kit_composition_missing,UNMAPPED,,,,,,,,0,,,,,kit_bridge_not_promotable,False,False
tiktok,2026-09-25,denavita,1736150454881978331,,DVMAI3,kit_suspected,title,False,out_of_business_scope,,kit_composition_missing,UNMAPPED,,,,,,,,0,,,,,kit_bridge_not_promotable,False,False
tiktok,2026-09-25,denavita,1737325100574148571,,DENAPAUSA02,kit_suspected,title,True,out_of_business_scope,,kit_composition_missing,UNMAPPED,,,,,,,,0,,,,,kit_bridge_not_promotable,False,False
tiktok,2026-09-25,denavita,1732622186941351899,,KLMSPI,kit_suspected,title,True,out_of_business_scope,,kit_composition_missing,UNMAPPED,,,,,,,,0,,,,,kit_bridge_not_promotable,False,False
tiktok,2026-09-25,denavita,1737310183539640283,,DVMEL02-1,kit_suspected,title,True,out_of_business_scope,,kit_composition_missing,UNMAPPED,,,,,,,,0,,,,,kit_bridge_not_promotable,False,False
tiktok,2026-09-25,denavita,1732622416058877915,,DVQUILM,kit_suspected,title,True,out_of_business_scope,,kit_composition_missing,UNMAPPED,,,,,,,,0,,,,,kit_bridge_not_promotable,False,False
tiktok,2026-09-25,denavita,1732144565695711195,,DVQUITO03-1,kit_suspected,title,True,out_of_business_scope,,kit_composition_missing,UNMAPPED,,,,,,,,0,,,,,kit_bridge_not_promotable,False,False
tiktok,2026-09-25,denavita,1737309282341193691,,KGVM02,kit_suspected,title,True,out_of_business_scope,,kit_composition_missing,UNMAPPED,,,,,,,,0,,,,,kit_bridge_not_promotable,False,False
tiktok,2026-09-25,denavita,1732144734060644315,,DVTRANS03-1,kit_suspected,title,True,out_of_business_scope,,kit_composition_missing,UNMAPPED,,,,,,,,0,,,,,kit_bridge_not_promotable,False,False
tiktok,2026-09-25,denavita,1732144797693282267,,KMEL03,kit_suspected,title,True,out_of_business_scope,,kit_composition_missing,UNMAPPED,,,,,,,,0,,,,,kit_bridge_not_promotable,False,False
tiktok,2026-09-25,denavita,1732078262311028699,,DVLM03,kit_suspected,title,False,out_of_business_scope,,kit_composition_missing,UNMAPPED,,,,,,,,0,,,,,kit_bridge_not_promotable,False,False
tiktok,2026-09-25,denavita,1737308601042831323,,kit2coenzima3x1denavita-1,kit_suspected,sku_prefix,True,out_of_business_scope,,kit_composition_missing,UNMAPPED,,,,,,,,0,,,,,kit_bridge_not_promotable,False,False
tiktok,2026-09-25,denavita,1732622502030051291,,DVLMCOL,kit_suspected,title,True,out_of_business_scope,,kit_composition_missing,UNMAPPED,,,,,,,,0,,,,,kit_bridge_not_promotable,False,False
tiktok,2026-09-25,denavita,1732078459597916123,,DVLM02,kit_suspected,title,True,out_of_business_scope,,kit_composition_missing,UNMAPPED,,,,,,,,0,,,,,kit_bridge_not_promotable,False,False
tiktok,2026-09-25,denavita,1732144674320910299,,KJEJ03,kit_suspected,title,True,out_of_business_scope,,kit_composition_missing,UNMAPPED,,,,,,,,0,,,,,kit_bridge_not_promotable,False,False
tiktok,2026-09-25,denavita,1737310779868350427,,DVQUI02-1,kit_suspected,title,True,out_of_business_scope,,kit_composition_missing,UNMAPPED,,,,,,,,0,,,,,kit_bridge_not_promotable,False,False
tiktok,2026-09-25,denavita,1732622795668752347,,KCOL02,kit_suspected,title,False,out_of_business_scope,,kit_composition_missing,UNMAPPED,,,,,,,,0,,,,,kit_bridge_not_promotable,False,False
tiktok,2026-09-25,denavita,1737326377938552795,,DVLMTONS,kit_suspected,title,True,out_of_business_scope,,kit_composition_missing,UNMAPPED,,,,,,,,0,,,,,kit_bridge_not_promotable,False,False
tiktok,2026-09-25,denavita,1732622799033239515,,DVCOL03,kit_suspected,title,True,out_of_business_scope,,kit_composition_missing,UNMAPPED,,,,,,,,0,,,,,kit_bridge_not_promotable,False,False
tiktok,2026-09-25,denavita,1733054191436072923,,KDIG02,kit_suspected,title,True,out_of_business_scope,,kit_composition_missing,UNMAPPED,,,,,,,,0,,,,,kit_bridge_not_promotable,False,False
tiktok,2026-09-25,denavita,1732144601159862235,,DVSPI003,kit_suspected,title,True,out_of_business_scope,,kit_composition_missing,UNMAPPED,,,,,,,,0,,,,,kit_bridge_not_promotable,False,False
tiktok,2026-09-25,denavita,1734013214360635355,,KGVM03,kit_suspected,title,True,out_of_business_scope,,kit_composition_missing,UNMAPPED,,,,,,,,0,,,,,kit_bridge_not_promotable,False,False
tiktok,2026-09-25,denavita,1737310373587355611,,DVNAC2,kit_suspected,title,True,out_of_business_scope,,kit_composition_missing,UNMAPPED,,,,,,,,0,,,,,kit_bridge_not_promotable,False,False
tiktok,2026-09-25,denavita,1737309384857716699,,kit2laranjamorodenavitaa,kit_suspected,sku_prefix,True,out_of_business_scope,,kit_composition_missing,UNMAPPED,,,,,,,,0,,,,,kit_bridge_not_promotable,False,False
tiktok,2026-09-25,denavita,1733054170983729115,,KDIG05,kit_suspected,title,True,out_of_business_scope,,kit_composition_missing,UNMAPPED,,,,,,,,0,,,,,kit_bridge_not_promotable,False,False
tiktok,2026-09-25,denavita,1737310910148413403,,DVTRI2,kit_suspected,title,True,out_of_business_scope,,kit_composition_missing,UNMAPPED,,,,,,,,0,,,,,kit_bridge_not_promotable,False,False
tiktok,2026-09-25,denavita,1734013418315548635,,KGVM05,kit_suspected,title,True,out_of_business_scope,,kit_composition_missing,UNMAPPED,,,,,,,,0,,,,,kit_bridge_not_promotable,False,False
tiktok,2026-09-25,denavita,1737341083326777307,,DVTRANS002-11,kit_suspected,title,True,out_of_business_scope,,kit_composition_missing,UNMAPPED,,,,,,,,0,,,,,kit_bridge_not_promotable,False,False
tiktok,2026-09-25,denavita,1737340335717648347,,DVMAG02,kit_suspected,title,True,out_of_business_scope,,kit_composition_missing,UNMAPPED,,,,,,,,0,,,,,kit_bridge_not_promotable,False,False
tiktok,2026-09-25,denavita,1737325355055876059,,KDIG03-1,kit_suspected,title,True,out_of_business_scope,,kit_composition_missing,UNMAPPED,,,,,,,,0,,,,,kit_bridge_not_promotable,False,False
tiktok,2026-09-25,denavita,1732622273023608795,,DVLMCOQ,kit_suspected,title,True,out_of_business_scope,,kit_composition_missing,UNMAPPED,,,,,,,,0,,,,,kit_bridge_not_promotable,False,False
tiktok,2026-09-25,denavita,1732622198419589083,,KITFJ1,kit_suspected,sku_prefix,True,out_of_business_scope,,kit_composition_missing,UNMAPPED,,,,,,,,0,,,,,kit_bridge_not_promotable,False,False
tiktok,2026-09-25,denavita,1732144798074374107,,DVCOQ003,kit_suspected,title,True,out_of_business_scope,,kit_composition_missing,UNMAPPED,,,,,,,,0,,,,,kit_bridge_not_promotable,False,False
tiktok,2026-09-25,denavita,1737325247545378779,,DENAPAUSA03,kit_suspected,title,True,out_of_business_scope,,kit_composition_missing,UNMAPPED,,,,,,,,0,,,,,kit_bridge_not_promotable,False,False
tiktok,2026-09-25,denavita,1736149799948748763,,DVTRI3,kit_suspected,title,True,out_of_business_scope,,kit_composition_missing,UNMAPPED,,,,,,,,0,,,,,kit_bridge_not_promotable,False,False
tiktok,2026-09-25,denavita,1732078438838863835,,DVLM05,kit_suspected,title,False,out_of_business_scope,,kit_composition_missing,UNMAPPED,,,,,,,,0,,,,,kit_bridge_not_promotable,False,False
tiktok,2026-09-25,denavita,1732144768391153627,,DVMAG03,kit_suspected,title,True,out_of_business_scope,,kit_composition_missing,UNMAPPED,,,,,,,,0,,,,,kit_bridge_not_promotable,False,False
tiktok,2026-09-25,barbours,1731980478940087716,,Kit012,kit_suspected,sku_prefix,True,in_scope,,kit_composition_missing,UNMAPPED,,,,,,,,0,,,,,kit_bridge_not_promotable,False,False
tiktok,2026-09-25,barbours,1735404281675744676,,Kit137,kit_suspected,sku_prefix,True,in_scope,,kit_composition_missing,UNMAPPED,,,,,,,,0,,,,,kit_bridge_not_promotable,False,False
tiktok,2026-09-25,lescent,1733041065118107167,,KIT001,kit_suspected,sku_prefix,False,in_scope,,kit_composition_missing,UNMAPPED,,,,,,,,0,,,,,kit_bridge_not_promotable,False,False
tiktok,2026-09-25,apice,1735116396368856148,,VK35231,kit_suspected,title,True,in_scope,,kit_composition_missing,UNMAPPED,,,,,,,,0,,,,,kit_bridge_not_promotable,False,False
tiktok,2026-09-25,rituaria,1731574254232372280,,MLROSALUMI,kit_suspected,title,True,in_scope,,kit_composition_missing,UNMAPPED,,,,,,,,0,,,,,kit_bridge_not_promotable,False,False
tiktok,2026-09-25,rituaria,1732403554495988792,,MLESSENCIAL,kit_suspected,title,False,in_scope,,kit_composition_missing,UNMAPPED,,,,,,,,0,,,,,kit_bridge_not_promotable,False,False
tiktok,2026-09-25,rituaria,1736811278465664056,,MLFEMMEJUICYMIX,kit_suspected,title,True,in_scope,,kit_composition_missing,UNMAPPED,,,,,,,,0,,,,,kit_bridge_not_promotable,False,False
tiktok,2026-09-25,rituaria,1734398798786102328,,MLRITUALIMUNI,kit_suspected,title,True,in_scope,,kit_composition_missing,UNMAPPED,,,,,,,,0,,,,,kit_bridge_not_promotable,False,False
tiktok,2026-09-25,rituaria,1736810932475888696,,MLJUICYMIXER,kit_suspected,title,True,in_scope,,kit_composition_missing,UNMAPPED,,,,,,,,0,,,,,kit_bridge_not_promotable,False,False
tiktok,2026-09-25,rituaria,1733691097289360440,,MLESSENCIAL,kit_suspected,title,False,in_scope,,kit_composition_missing,UNMAPPED,,,,,,,,0,,,,,kit_bridge_not_promotable,False,False
tiktok,2026-09-25,rituaria,1731960423498417208,,MLRITUALIMUNI,kit_suspected,title,False,in_scope,,kit_composition_missing,UNMAPPED,,,,,,,,0,,,,,kit_bridge_not_promotable,False,False
tiktok,2026-09-25,rituaria,1733940289060111416,,MLESSENCIAL,kit_suspected,title,False,in_scope,,kit_composition_missing,UNMAPPED,,,,,,,,0,,,,,kit_bridge_not_promotable,False,False
tiktok,2026-09-25,rituaria,1733030348437161016,,MKPPRENACMAG,kit_suspected,title,False,in_scope,,kit_composition_missing,UNMAPPED,,,,,,,,0,,,,,kit_bridge_not_promotable,False,False
tiktok,2026-09-25,rituaria,1731962073913852984,,MLESSENCI,kit_suspected,title,False,in_scope,,kit_composition_missing,UNMAPPED,,,,,,,,0,,,,,kit_bridge_not_promotable,False,False
tiktok,2026-09-25,rituaria,1736811162026083384,,MLFEMMEMIXER,kit_suspected,title,True,in_scope,,kit_composition_missing,UNMAPPED,,,,,,,,0,,,,,kit_bridge_not_promotable,False,False
tiktok,2026-09-25,rituaria,1731961799245202488,,ML2PREBIOTICA,kit_suspected,title,False,in_scope,,kit_composition_missing,UNMAPPED,,,,,,,,0,,,,,kit_bridge_not_promotable,False,False
tiktok,2026-09-25,rituaria,1732403538388223032,,ML3FABULOSA,kit_suspected,title,True,in_scope,,kit_composition_missing,UNMAPPED,,,,,,,,0,,,,,kit_bridge_not_promotable,False,False
tiktok,2026-09-25,rituaria,1736657910332097592,,MLFEMMEJUICY,kit_suspected,title,True,in_scope,,kit_composition_missing,UNMAPPED,,,,,,,,0,,,,,kit_bridge_not_promotable,False,False
tiktok,2026-09-25,rituaria,1734443213657834552,,ML3PREBIOTICA,kit_suspected,title,False,in_scope,,kit_composition_missing,UNMAPPED,,,,,,,,0,,,,,kit_bridge_not_promotable,False,False
tiktok,2026-09-25,rituaria,1733370271496438840,,,kit_suspected,title,False,in_scope,,kit_composition_missing,UNMAPPED,,,,,,,,0,,,,,kit_bridge_not_promotable,False,False
tiktok,2026-09-25,rituaria,1734339185381114936,,,kit_suspected,title,False,in_scope,,kit_composition_missing,UNMAPPED,,,,,,,,0,,,,,kit_bridge_not_promotable,False,False
tiktok,2026-09-25,rituaria,1734367455840142392,,MLRITUALIMUNI,kit_suspected,title,False,in_scope,,kit_composition_missing,UNMAPPED,,,,,,,,0,,,,,kit_bridge_not_promotable,False,False
tiktok,2026-09-25,rituaria,1734366847554389048,,,kit_suspected,title,False,in_scope,,kit_composition_missing,UNMAPPED,,,,,,,,0,,,,,kit_bridge_not_promotable,False,False
tiktok,2026-09-25,rituaria,1732403596191958072,,MLANTIOXNFABU,kit_suspected,title,False,in_scope,,kit_composition_missing,UNMAPPED,,,,,,,,0,,,,,kit_bridge_not_promotable,False,False
tiktok,2026-09-25,rituaria,1735456393360933944,,MLMAGNAC,kit_suspected,title,False,in_scope,,kit_composition_missing,UNMAPPED,,,,,,,,0,,,,,kit_bridge_not_promotable,False,False
tiktok,2026-09-25,kokeshi,1736640767612388627,,40116,kit_suspected,title,False,in_scope,,kit_composition_missing,UNMAPPED,,,,,,,,0,,,,,kit_bridge_not_promotable,False,False
tiktok,2026-09-25,kokeshi,1733017661964911891,,40067,kit_suspected,title,True,in_scope,,kit_composition_missing,UNMAPPED,,,,,,,,0,,,,,kit_bridge_not_promotable,False,False
tiktok,2026-09-25,kokeshi,1736896339223217427,,40126,kit_suspected,title,False,in_scope,,kit_composition_missing,CANDIDATE_REVIEW,seller_sku_is_protheus_kit,40126,,,,,,0,,,,,kit_bridge_not_promotable,False,True
tiktok,2026-09-25,kokeshi,1736640978687984915,,40118,kit_suspected,title,False,in_scope,,kit_composition_missing,UNMAPPED,,,,,,,,0,,,,,kit_bridge_not_promotable,False,False
tiktok,2026-09-25,kokeshi,1736350527235917075,,40092,kit_suspected,title,False,in_scope,,kit_composition_missing,UNMAPPED,,,,,,,,0,,,,,kit_bridge_not_promotable,False,False
tiktok,2026-09-25,kokeshi,1737088793567266067,,40100,kit_suspected,title,False,in_scope,,kit_composition_missing,UNMAPPED,,,,,,,,0,,,,,kit_bridge_not_promotable,False,False
tiktok,2026-09-25,kokeshi,1733018245159486739,,40089,kit_suspected,title,True,in_scope,,kit_composition_missing,UNMAPPED,,,,,,,,0,,,,,kit_bridge_not_promotable,False,False
tiktok,2026-09-25,kokeshi,1737150096356640019,,40119,kit_suspected,title,False,in_scope,,kit_composition_missing,CANDIDATE_REVIEW,seller_sku_is_protheus_kit,40119,,,,,,0,,,,,kit_bridge_not_promotable,False,True
tiktok,2026-09-25,kokeshi,1736676764978611475,,40123,kit_suspected,title,False,in_scope,,kit_composition_missing,UNMAPPED,,,,,,,,0,,,,,kit_bridge_not_promotable,False,False
tiktok,2026-09-25,kokeshi,1736675051651630355,,40119,kit_suspected,title,False,in_scope,,kit_composition_missing,CANDIDATE_REVIEW,seller_sku_is_protheus_kit,40119,,,,,,0,,,,,kit_bridge_not_promotable,False,True
tiktok,2026-09-25,kokeshi,1733018147087942931,,40086,kit_suspected,title,False,in_scope,,kit_composition_missing,UNMAPPED,,,,,,,,0,,,,,kit_bridge_not_promotable,False,False
tiktok,2026-09-25,kokeshi,1735351649286784275,,40100,kit_suspected,title,False,in_scope,,kit_composition_missing,UNMAPPED,,,,,,,,0,,,,,kit_bridge_not_promotable,False,False
tiktok,2026-09-25,kokeshi,1736675798553953555,,40121,kit_suspected,title,False,in_scope,,kit_composition_missing,UNMAPPED,,,,,,,,0,,,,,kit_bridge_not_promotable,False,False
tiktok,2026-09-25,kokeshi,1736913613946324243,,40129,kit_suspected,title,False,in_scope,,kit_composition_missing,CANDIDATE_REVIEW,seller_sku_is_protheus_kit,40129,,,,,,0,,,,,kit_bridge_not_promotable,False,True
tiktok,2026-09-25,kokeshi,1736676721853629715,,40122,kit_suspected,title,False,in_scope,,kit_composition_missing,UNMAPPED,,,,,,,,0,,,,,kit_bridge_not_promotable,False,False
tiktok,2026-09-25,kokeshi,1733594326980723987,,40070,kit_suspected,title,False,in_scope,,kit_composition_missing,UNMAPPED,,,,,,,,0,,,,,kit_bridge_not_promotable,False,False
tiktok,2026-09-25,kokeshi,1733594304673711379,,40001,kit_suspected,title,True,in_scope,,kit_composition_missing,UNMAPPED,,,,,,,,0,,,,,kit_bridge_not_promotable,False,False
tiktok,2026-09-25,kokeshi,1735442509779404051,,40106,kit_suspected,title,False,in_scope,,kit_composition_missing,UNMAPPED,,,,,,,,0,,,,,kit_bridge_not_promotable,False,False
tiktok,2026-09-25,kokeshi,1736913393186080019,,40128,kit_suspected,title,False,in_scope,,kit_composition_missing,CANDIDATE_REVIEW,seller_sku_is_protheus_kit,40128,,,,,,0,,,,,kit_bridge_not_promotable,False,True
tiktok,2026-09-25,kokeshi,1736640858543064339,,40117,kit_suspected,title,False,in_scope,,kit_composition_missing,CANDIDATE_REVIEW,seller_sku_is_protheus_kit,40117,,,,,,0,,,,,kit_bridge_not_promotable,False,True
tiktok,2026-09-25,kokeshi,1736896631962764563,,40127,kit_suspected,title,False,in_scope,,kit_composition_missing,CANDIDATE_REVIEW,seller_sku_is_protheus_kit,40127,,,,,,0,,,,,kit_bridge_not_promotable,False,True
tiktok,2026-09-25,kokeshi,1735287899412530451,,40092,kit_suspected,title,False,in_scope,,kit_composition_missing,UNMAPPED,,,,,,,,0,,,,,kit_bridge_not_promotable,False,False
tiktok,2026-09-25,kokeshi,1736675170863449363,,40120,kit_suspected,title,False,in_scope,,kit_composition_missing,UNMAPPED,,,,,,,,0,,,,,kit_bridge_not_promotable,False,False
tiktok,2026-09-25,kokeshi,1736335255946691859,,40111,kit_suspected,title,False,in_scope,,kit_composition_missing,UNMAPPED,,,,,,,,0,,,,,kit_bridge_not_promotable,False,False
tiktok,2026-09-25,kokeshi,1733017703682770195,,40069,kit_suspected,title,False,in_scope,,kit_composition_missing,UNMAPPED,,,,,,,,0,,,,,kit_bridge_not_promotable,False,False
tiktok,2026-09-25,kokeshi,1733017696601343251,,40068,kit_suspected,title,True,in_scope,,kit_composition_missing,UNMAPPED,,,,,,,,0,,,,,kit_bridge_not_promotable,False,False
tiktok,2026-09-25,kokeshi,1734831985348478227,,40092,kit_suspected,title,False,in_scope,,kit_composition_missing,UNMAPPED,,,,,,,,0,,,,,kit_bridge_not_promotable,False,False
tiktok,2026-09-25,kokeshi,1732017339880408339,,40061,kit_suspected,title,True,in_scope,,kit_composition_missing,UNMAPPED,,,,,,,,0,,,,,kit_bridge_not_promotable,False,False
tiktok,2026-09-25,kokeshi,1732276634553648403,,40063,kit_suspected,title,True,in_scope,,kit_composition_missing,UNMAPPED,,,,,,,,0,,,,,kit_bridge_not_promotable,False,False
tiktok,2026-09-25,kokeshi,1731781555796542739,,40052,kit_suspected,title,False,in_scope,,kit_composition_missing,UNMAPPED,,,,,,,,0,,,,,kit_bridge_not_promotable,False,False
tiktok,2026-09-25,kokeshi,1732931288170398995,,40070,kit_suspected,title,False,in_scope,,kit_composition_missing,UNMAPPED,,,,,,,,0,,,,,kit_bridge_not_promotable,False,False
tiktok,2026-09-25,kokeshi,1731708718312359187,,40049,kit_suspected,title,True,in_scope,,kit_composition_missing,UNMAPPED,,,,,,,,0,,,,,kit_bridge_not_promotable,False,False
tiktok,2026-09-25,kokeshi,1731650709181400339,,,kit_suspected,title,False,in_scope,,kit_composition_missing,UNMAPPED,,,,,,,,0,,,,,kit_bridge_not_promotable,False,False
tiktok,2026-09-25,kokeshi,1731599237492540691,,40003,kit_suspected,title,False,in_scope,,kit_composition_missing,UNMAPPED,,,,,,,,0,,,,,kit_bridge_not_promotable,False,False
tiktok,2026-09-25,kokeshi,1731599182932116755,,40002,kit_suspected,internal_catalog,False,in_scope,,kit_composition_missing,EXACT_DIRECT,brand_code_exact,KKS00002,kokeshi,3,3.0,KS02006|KS03023|KS03046,1.0|1.0|1.0,1,||component_brand_gtin_exact,,0.10,,kit_component_reference_missing,False,False
tiktok,2026-09-25,kokeshi,1731600349192684819,,V40037,kit_suspected,title,True,in_scope,,kit_composition_missing,UNMAPPED,,,,,,,,0,,,,,kit_bridge_not_promotable,False,False
tiktok,2026-09-25,kokeshi,1731600349192684819,,V40039,kit_suspected,title,True,in_scope,,kit_composition_missing,UNMAPPED,,,,,,,,0,,,,,kit_bridge_not_promotable,False,False
tiktok,2026-09-25,kokeshi,1731600330795615507,,V40040,kit_suspected,title,True,in_scope,,kit_composition_missing,UNMAPPED,,,,,,,,0,,,,,kit_bridge_not_promotable,False,False
tiktok,2026-09-25,kokeshi,1731600330795615507,,V40042,kit_suspected,title,True,in_scope,,kit_composition_missing,UNMAPPED,,,,,,,,0,,,,,kit_bridge_not_promotable,False,False
tiktok,2026-09-25,kokeshi,1731600372205847827,,V40027,kit_suspected,title,True,in_scope,,kit_composition_missing,UNMAPPED,,,,,,,,0,,,,,kit_bridge_not_promotable,False,False
tiktok,2026-09-25,kokeshi,1731600372205847827,,V40028,kit_suspected,title,True,in_scope,,kit_composition_missing,UNMAPPED,,,,,,,,0,,,,,kit_bridge_not_promotable,False,False
tiktok,2026-09-25,kokeshi,1731600372205847827,,V40029,kit_suspected,title,True,in_scope,,kit_composition_missing,UNMAPPED,,,,,,,,0,,,,,kit_bridge_not_promotable,False,False
tiktok,2026-09-25,kokeshi,1731600365582845203,,V40031,kit_suspected,title,True,in_scope,,kit_composition_missing,UNMAPPED,,,,,,,,0,,,,,kit_bridge_not_promotable,False,False
tiktok,2026-09-25,kokeshi,1731600365582845203,,V40032,kit_suspected,title,True,in_scope,,kit_composition_missing,UNMAPPED,,,,,,,,0,,,,,kit_bridge_not_promotable,False,False
tiktok,2026-09-25,kokeshi,1731600365582845203,,V40033,kit_suspected,title,True,in_scope,,kit_composition_missing,UNMAPPED,,,,,,,,0,,,,,kit_bridge_not_promotable,False,False
tiktok,2026-09-25,kokeshi,1731599261097100563,,40004,kit_suspected,internal_catalog,False,in_scope,,kit_composition_missing,EXACT_DIRECT,brand_code_exact,KKS00004,kokeshi,3,3.0,KS02006|KS03022|KS03046,1.0|1.0|1.0,1,||component_brand_gtin_exact,,0.10,,kit_component_reference_missing,False,False
tiktok,2026-09-25,kokeshi,1731708954784662803,,40050,kit_suspected,title,True,in_scope,,kit_composition_missing,UNMAPPED,,,,,,,,0,,,,,kit_bridge_not_promotable,False,False
tiktok,2026-09-25,kokeshi,1732276606632756499,,40062,kit_suspected,title,True,in_scope,,kit_composition_missing,UNMAPPED,,,,,,,,0,,,,,kit_bridge_not_promotable,False,False
tiktok,2026-09-25,kokeshi,1731600310388950291,,40020,kit_suspected,title,True,in_scope,,kit_composition_missing,UNMAPPED,,,,,,,,0,,,,,kit_bridge_not_promotable,False,False
tiktok,2026-09-25,kokeshi,1731599421414540563,,40030,kit_suspected,title,True,in_scope,,kit_composition_missing,UNMAPPED,,,,,,,,0,,,,,kit_bridge_not_promotable,False,False
tiktok,2026-09-25,kokeshi,1732276639175312659,,40064,kit_suspected,title,False,in_scope,,kit_composition_missing,UNMAPPED,,,,,,,,0,,,,,kit_bridge_not_promotable,False,False
tiktok,2026-09-25,kokeshi,1731600375679780115,,40026,kit_suspected,title,False,in_scope,,kit_composition_missing,UNMAPPED,,,,,,,,0,,,,,kit_bridge_not_promotable,False,False
tiktok,2026-09-25,kokeshi,1732017321249703187,,40059,kit_suspected,title,True,in_scope,,kit_composition_missing,UNMAPPED,,,,,,,,0,,,,,kit_bridge_not_promotable,False,False
tiktok,2026-09-25,kokeshi,1731600342325888275,,40024,kit_suspected,title,True,in_scope,,kit_composition_missing,UNMAPPED,,,,,,,,0,,,,,kit_bridge_not_promotable,False,False
tiktok,2026-09-25,kokeshi,1731600372801438995,,40025,kit_suspected,internal_catalog,False,in_scope,,kit_composition_missing,EXACT_DIRECT,brand_code_exact,KKS00005,kokeshi,5,5.0,KS02006|KS03015|KS03016|KS03019|KS03046,1.0|1.0|1.0|1.0|1.0,4,|component_brand_gtin_exact|component_brand_sku_exact_unique|component_brand_sku_exact_unique|component_brand_gtin_exact,,0.15,,kit_component_reference_missing,False,False
tiktok,2026-09-25,kokeshi,1731781687132521747,,40053,kit_suspected,title,False,in_scope,,kit_composition_missing,UNMAPPED,,,,,,,,0,,,,,kit_bridge_not_promotable,False,False
tiktok,2026-09-25,kokeshi,1731599065184175379,,40001,kit_suspected,title,False,in_scope,,kit_composition_missing,UNMAPPED,,,,,,,,0,,,,,kit_bridge_not_promotable,False,False
tiktok,2026-09-25,kokeshi,1732017319126467859,,40055,kit_suspected,title,False,in_scope,,kit_composition_missing,UNMAPPED,,,,,,,,0,,,,,kit_bridge_not_promotable,False,False
tiktok,2026-09-25,kokeshi,1731599615446254867,,40008,kit_suspected,title,False,in_scope,,kit_composition_missing,UNMAPPED,,,,,,,,0,,,,,kit_bridge_not_promotable,False,False
tiktok,2026-09-25,kokeshi,1731599328969065747,,V40043,kit_suspected,title,True,in_scope,,kit_composition_missing,UNMAPPED,,,,,,,,0,,,,,kit_bridge_not_promotable,False,False
tiktok,2026-09-25,kokeshi,1731599328969065747,,V40045,kit_suspected,title,True,in_scope,,kit_composition_missing,UNMAPPED,,,,,,,,0,,,,,kit_bridge_not_promotable,False,False
tiktok,2026-09-25,kokeshi,1731599495651230995,,40007,kit_suspected,title,True,in_scope,,kit_composition_missing,UNMAPPED,,,,,,,,0,,,,,kit_bridge_not_promotable,False,False
tiktok,2026-09-25,kokeshi,1731600351375688979,,V40034,kit_suspected,title,True,in_scope,,kit_composition_missing,UNMAPPED,,,,,,,,0,,,,,kit_bridge_not_promotable,False,False
tiktok,2026-09-25,kokeshi,1731600351375688979,,V40036,kit_suspected,title,True,in_scope,,kit_composition_missing,UNMAPPED,,,,,,,,0,,,,,kit_bridge_not_promotable,False,False
tiktok,2026-09-25,kokeshi,1731600108840322323,,40013,kit_suspected,title,False,in_scope,,kit_composition_missing,UNMAPPED,,,,,,,,0,,,,,kit_bridge_not_promotable,False,False
tiktok,2026-09-25,kokeshi,1731651044738434323,,40048,kit_suspected,title,True,in_scope,,kit_composition_missing,UNMAPPED,,,,,,,,0,,,,,kit_bridge_not_promotable,False,False
tiktok,2026-09-25,apice,1737357105779082324,,KIT100,kit_suspected,sku_prefix,True,in_scope,,kit_composition_missing,UNMAPPED,,,,,,,,0,,,,,kit_bridge_not_promotable,False,False
tiktok,2026-09-25,apice,1737357194826777684,,KIT099,kit_suspected,sku_prefix,True,in_scope,,kit_composition_missing,UNMAPPED,,,,,,,,0,,,,,kit_bridge_not_promotable,False,False
tiktok,2026-09-25,apice,1736930185263350868,,01346,kit_suspected,title,True,in_scope,,kit_composition_missing,UNMAPPED,,,,,,,,0,,,,,kit_bridge_not_promotable,False,False
tiktok,2026-09-25,apice,1737357194058105940,,KIT098,kit_suspected,sku_prefix,True,in_scope,,kit_composition_missing,UNMAPPED,,,,,,,,0,,,,,kit_bridge_not_promotable,False,False
tiktok,2026-09-25,apice,1732326851550217300,,KIT066,kit_suspected,sku_prefix,True,in_scope,,kit_composition_missing,UNMAPPED,,,,,,,,0,,,,,kit_bridge_not_promotable,False,False
tiktok,2026-09-25,apice,1735795946093773908,,KIT029,kit_suspected,sku_prefix,False,in_scope,,kit_composition_missing,UNMAPPED,,,,,,,,0,,,,,kit_bridge_not_promotable,False,False
tiktok,2026-09-25,apice,1735116396368856148,,VK35230,kit_suspected,title,True,in_scope,,kit_composition_missing,UNMAPPED,,,,,,,,0,,,,,kit_bridge_not_promotable,False,False
tiktok,2026-09-25,apice,1735116396368856148,,VK35232,kit_suspected,title,True,in_scope,,kit_composition_missing,UNMAPPED,,,,,,,,0,,,,,kit_bridge_not_promotable,False,False
tiktok,2026-09-25,apice,1733893417677456468,,KIT075,kit_suspected,sku_prefix,False,in_scope,,kit_composition_missing,UNMAPPED,,,,,,,,0,,,,,kit_bridge_not_promotable,False,False
tiktok,2026-09-25,apice,1737357164930368596,,KIT097,kit_suspected,sku_prefix,True,in_scope,,kit_composition_missing,UNMAPPED,,,,,,,,0,,,,,kit_bridge_not_promotable,False,False
tiktok,2026-09-25,apice,1733030309616059476,,KIT072,kit_suspected,sku_prefix,True,in_scope,,kit_composition_missing,UNMAPPED,,,,,,,,0,,,,,kit_bridge_not_promotable,False,False
tiktok,2026-09-25,apice,1736928647044236372,,01346,kit_suspected,title,False,in_scope,,kit_composition_missing,UNMAPPED,,,,,,,,0,,,,,kit_bridge_not_promotable,False,False
tiktok,2026-09-25,apice,1733030312818082900,,KIT073,kit_suspected,sku_prefix,False,in_scope,,kit_composition_missing,UNMAPPED,,,,,,,,0,,,,,kit_bridge_not_promotable,False,False
tiktok,2026-09-25,apice,1735116033206420564,,VKN35230,kit_suspected,title,True,in_scope,,kit_composition_missing,UNMAPPED,,,,,,,,0,,,,,kit_bridge_not_promotable,False,False
tiktok,2026-09-25,apice,1735116033206420564,,VKN35232,kit_suspected,title,True,in_scope,,kit_composition_missing,UNMAPPED,,,,,,,,0,,,,,kit_bridge_not_promotable,False,False
tiktok,2026-09-25,apice,1733040986555647060,,KIT073,kit_suspected,sku_prefix,False,in_scope,,kit_composition_missing,UNMAPPED,,,,,,,,0,,,,,kit_bridge_not_promotable,False,False
tiktok,2026-09-25,apice,1733040867153970260,,KIT072,kit_suspected,sku_prefix,False,in_scope,,kit_composition_missing,UNMAPPED,,,,,,,,0,,,,,kit_bridge_not_promotable,False,False
tiktok,2026-09-25,apice,1732326902316500052,,KIT067,kit_suspected,sku_prefix,True,in_scope,,kit_composition_missing,UNMAPPED,,,,,,,,0,,,,,kit_bridge_not_promotable,False,False
tiktok,2026-09-25,apice,1732317132785353812,,KIT030,kit_suspected,sku_prefix,True,in_scope,,kit_composition_missing,UNMAPPED,,,,,,,,0,,,,,kit_bridge_not_promotable,False,False
tiktok,2026-09-25,apice,1732317376076547156,,KIT061,kit_suspected,sku_prefix,True,in_scope,,kit_composition_missing,UNMAPPED,,,,,,,,0,,,,,kit_bridge_not_promotable,False,False
tiktok,2026-09-25,apice,1732326641836655700,,KIT049,kit_suspected,sku_prefix,True,in_scope,,kit_composition_missing,UNMAPPED,,,,,,,,0,,,,,kit_bridge_not_promotable,False,False
tiktok,2026-09-25,apice,1732317096268301396,,KIT026,kit_suspected,sku_prefix,True,in_scope,,kit_composition_missing,UNMAPPED,,,,,,,,0,,,,,kit_bridge_not_promotable,False,False
tiktok,2026-09-25,apice,1732317111765271636,,KIT034,kit_suspected,sku_prefix,True,in_scope,,kit_composition_missing,UNMAPPED,,,,,,,,0,,,,,kit_bridge_not_promotable,False,False
tiktok,2026-09-25,apice,1732326858559882324,,KIT068,kit_suspected,sku_prefix,True,in_scope,,kit_composition_missing,UNMAPPED,,,,,,,,0,,,,,kit_bridge_not_promotable,False,False
tiktok,2026-09-25,apice,1732317312790725716,,KIT044,kit_suspected,sku_prefix,True,in_scope,,kit_composition_missing,UNMAPPED,,,,,,,,0,,,,,kit_bridge_not_promotable,False,False
tiktok,2026-09-25,apice,1732308782424556628,,KIT010,kit_suspected,sku_prefix,True,in_scope,,kit_composition_missing,UNMAPPED,,,,,,,,0,,,,,kit_bridge_not_promotable,False,False
tiktok,2026-09-25,apice,1732317360197174356,,KIT060,kit_suspected,sku_prefix,True,in_scope,,kit_composition_missing,UNMAPPED,,,,,,,,0,,,,,kit_bridge_not_promotable,False,False
tiktok,2026-09-25,apice,1732317376430441556,,KIT063,kit_suspected,sku_prefix,True,in_scope,,kit_composition_missing,UNMAPPED,,,,,,,,0,,,,,kit_bridge_not_promotable,False,False
tiktok,2026-09-25,apice,1732317187114239060,,KIT036,kit_suspected,sku_prefix,True,in_scope,,kit_composition_missing,UNMAPPED,,,,,,,,0,,,,,kit_bridge_not_promotable,False,False
tiktok,2026-09-25,apice,1732317213486646356,,KIT032,kit_suspected,sku_prefix,True,in_scope,,kit_composition_missing,UNMAPPED,,,,,,,,0,,,,,kit_bridge_not_promotable,False,False
tiktok,2026-09-25,apice,1732326604608078932,,KIT051,kit_suspected,sku_prefix,True,in_scope,,kit_composition_missing,UNMAPPED,,,,,,,,0,,,,,kit_bridge_not_promotable,False,False
tiktok,2026-09-25,apice,1732308745377449044,,KIT004,kit_suspected,sku_prefix,True,in_scope,,kit_composition_missing,UNMAPPED,,,,,,,,0,,,,,kit_bridge_not_promotable,False,False
tiktok,2026-09-25,apice,1732317166733526100,,KIT042,kit_suspected,sku_prefix,True,in_scope,,kit_composition_missing,UNMAPPED,,,,,,,,0,,,,,kit_bridge_not_promotable,False,False
tiktok,2026-09-25,apice,1732326729170912340,,KIT055,kit_suspected,sku_prefix,True,in_scope,,kit_composition_missing,UNMAPPED,,,,,,,,0,,,,,kit_bridge_not_promotable,False,False
tiktok,2026-09-25,apice,1732317060177232980,,KIT024,kit_suspected,sku_prefix,True,in_scope,,kit_composition_missing,UNMAPPED,,,,,,,,0,,,,,kit_bridge_not_promotable,False,False
tiktok,2026-09-25,apice,1732316840085980244,,KIT012,kit_suspected,sku_prefix,True,in_scope,,kit_composition_missing,UNMAPPED,,,,,,,,0,,,,,kit_bridge_not_promotable,False,False
tiktok,2026-09-25,apice,1732317023777686612,,KIT018,kit_suspected,sku_prefix,True,in_scope,,kit_composition_missing,UNMAPPED,,,,,,,,0,,,,,kit_bridge_not_promotable,False,False
tiktok,2026-09-25,apice,1732317369363498068,,KIT070,kit_suspected,sku_prefix,False,in_scope,,kit_composition_missing,UNMAPPED,,,,,,,,0,,,,,kit_bridge_not_promotable,False,False
tiktok,2026-09-25,apice,1732317306437862484,,KIT043,kit_suspected,sku_prefix,True,in_scope,,kit_composition_missing,UNMAPPED,,,,,,,,0,,,,,kit_bridge_not_promotable,False,False
tiktok,2026-09-25,apice,1732317020218426452,,KIT029,kit_suspected,sku_prefix,False,in_scope,,kit_composition_missing,UNMAPPED,,,,,,,,0,,,,,kit_bridge_not_promotable,False,False
tiktok,2026-09-25,apice,1732316907327882324,,KIT016,kit_suspected,sku_prefix,True,in_scope,,kit_composition_missing,UNMAPPED,,,,,,,,0,,,,,kit_bridge_not_promotable,False,False
tiktok,2026-09-25,apice,1732308738407957588,,KIT002,kit_suspected,sku_prefix,True,in_scope,,kit_composition_missing,UNMAPPED,,,,,,,,0,,,,,kit_bridge_not_promotable,False,False
tiktok,2026-09-25,apice,1732317377084752980,,KIT065,kit_suspected,sku_prefix,True,in_scope,,kit_composition_missing,UNMAPPED,,,,,,,,0,,,,,kit_bridge_not_promotable,False,False
tiktok,2026-09-25,apice,1732326723847619668,,KIT053,kit_suspected,sku_prefix,True,in_scope,,kit_composition_missing,UNMAPPED,,,,,,,,0,,,,,kit_bridge_not_promotable,False,False
tiktok,2026-09-25,apice,1732326735715796052,,KIT059,kit_suspected,sku_prefix,True,in_scope,,kit_composition_missing,UNMAPPED,,,,,,,,0,,,,,kit_bridge_not_promotable,False,False
tiktok,2026-09-25,apice,1732308628966245460,,KIT006,kit_suspected,sku_prefix,True,in_scope,,kit_composition_missing,UNMAPPED,,,,,,,,0,,,,,kit_bridge_not_promotable,False,False
tiktok,2026-09-25,apice,1732317117386556500,,KIT040,kit_suspected,sku_prefix,True,in_scope,,kit_composition_missing,UNMAPPED,,,,,,,,0,,,,,kit_bridge_not_promotable,False,False
tiktok,2026-09-25,apice,1732317091847504980,,KIT020,kit_suspected,sku_prefix,True,in_scope,,kit_composition_missing,UNMAPPED,,,,,,,,0,,,,,kit_bridge_not_promotable,False,False
tiktok,2026-09-25,apice,1732317416519992404,,KIT064,kit_suspected,sku_prefix,True,in_scope,,kit_composition_missing,UNMAPPED,,,,,,,,0,,,,,kit_bridge_not_promotable,False,False
tiktok,2026-09-25,apice,1732317245953246292,,KIT038,kit_suspected,sku_prefix,True,in_scope,,kit_composition_missing,UNMAPPED,,,,,,,,0,,,,,kit_bridge_not_promotable,False,False
tiktok,2026-09-25,apice,1732317146660045908,,KIT022,kit_suspected,sku_prefix,True,in_scope,,kit_composition_missing,UNMAPPED,,,,,,,,0,,,,,kit_bridge_not_promotable,False,False
tiktok,2026-09-25,apice,1732326730998776916,,KIT057,kit_suspected,sku_prefix,True,in_scope,,kit_composition_missing,UNMAPPED,,,,,,,,0,,,,,kit_bridge_not_promotable,False,False
tiktok,2026-09-25,apice,1732308615371785300,,kit002,kit_suspected,sku_prefix,False,in_scope,,kit_composition_missing,UNMAPPED,,,,,,,,0,,,,,kit_bridge_not_promotable,False,False
tiktok,2026-09-25,apice,1732326667716691028,,KIT069,kit_suspected,sku_prefix,False,in_scope,,kit_composition_missing,UNMAPPED,,,,,,,,0,,,,,kit_bridge_not_promotable,False,False
tiktok,2026-09-25,apice,1732308791752426580,,KIT008,kit_suspected,sku_prefix,True,in_scope,,kit_composition_missing,UNMAPPED,,,,,,,,0,,,,,kit_bridge_not_promotable,False,False
tiktok,2026-09-25,apice,1732317223805617236,,KIT039,kit_suspected,sku_prefix,True,in_scope,,kit_composition_missing,UNMAPPED,,,,,,,,0,,,,,kit_bridge_not_promotable,False,False
tiktok,2026-09-25,apice,1732316902936314964,,KIT014,kit_suspected,sku_prefix,True,in_scope,,kit_composition_missing,UNMAPPED,,,,,,,,0,,,,,kit_bridge_not_promotable,False,False
tiktok,2026-09-25,apice,1732317415925515348,,KIT062,kit_suspected,sku_prefix,True,in_scope,,kit_composition_missing,UNMAPPED,,,,,,,,0,,,,,kit_bridge_not_promotable,False,False
tiktok,2026-09-25,apice,1732317022635394132,,kit013,kit_suspected,sku_prefix,False,in_scope,,kit_composition_missing,UNMAPPED,,,,,,,,0,,,,,kit_bridge_not_promotable,False,False
tiktok,2026-09-25,apice,1736693690795263060,,,kit_suspected,title,False,in_scope,,kit_composition_missing,UNMAPPED,,,,,,,,0,,,,,kit_bridge_not_promotable,False,False
tiktok,2026-09-25,apice,1733018642143609940,,KIT062,kit_suspected,sku_prefix,False,in_scope,,kit_composition_missing,UNMAPPED,,,,,,,,0,,,,,kit_bridge_not_promotable,False,False
tiktok,2026-09-25,apice,1733921601432486996,,,kit_suspected,title,False,in_scope,,kit_composition_missing,UNMAPPED,,,,,,,,0,,,,,kit_bridge_not_promotable,False,False
tiktok,2026-09-25,apice,1732326831445410900,,kit0056,kit_suspected,sku_prefix,False,in_scope,,kit_composition_missing,UNMAPPED,,,,,,,,0,,,,,kit_bridge_not_promotable,False,False
tiktok,2026-09-25,barbours,1734252875929847204,,Kit122,kit_suspected,sku_prefix,True,in_scope,,kit_composition_missing,UNMAPPED,,,,,,,,0,,,,,kit_bridge_not_promotable,False,False
tiktok,2026-09-25,barbours,1736912625455105444,,KIT163,kit_suspected,sku_prefix,False,in_scope,,kit_composition_missing,UNMAPPED,,,,,,,,0,,,,,kit_bridge_not_promotable,False,False
tiktok,2026-09-25,barbours,1734826483427804580,,Kit130,kit_suspected,sku_prefix,False,in_scope,,kit_composition_missing,UNMAPPED,,,,,,,,0,,,,,kit_bridge_not_promotable,False,False
tiktok,2026-09-25,barbours,1732661645567493540,,Kit106,kit_suspected,sku_prefix,False,in_scope,,kit_composition_missing,UNMAPPED,,,,,,,,0,,,,,kit_bridge_not_promotable,False,False
tiktok,2026-09-25,barbours,1731981766444418468,,Kit044,kit_suspected,sku_prefix,False,in_scope,,kit_composition_missing,UNMAPPED,,,,,,,,0,,,,,kit_bridge_not_promotable,False,False
tiktok,2026-09-25,barbours,1732006586848216484,,Kit070,kit_suspected,sku_prefix,False,in_scope,,kit_composition_missing,UNMAPPED,,,,,,,,0,,,,,kit_bridge_not_promotable,False,False
tiktok,2026-09-25,barbours,1733287109941429668,,Kit113,kit_suspected,sku_prefix,False,in_scope,,kit_composition_missing,UNMAPPED,,,,,,,,0,,,,,kit_bridge_not_promotable,False,False
tiktok,2026-09-25,barbours,1732006494560159140,,Kit061,kit_suspected,sku_prefix,False,in_scope,,kit_composition_missing,UNMAPPED,,,,,,,,0,,,,,kit_bridge_not_promotable,False,False
tiktok,2026-09-25,barbours,1731981666729624996,,Kit078,kit_suspected,sku_prefix,False,in_scope,,kit_composition_missing,UNMAPPED,,,,,,,,0,,,,,kit_bridge_not_promotable,False,False
tiktok,2026-09-25,barbours,1731981604082189732,,Kit036,kit_suspected,sku_prefix,False,in_scope,,kit_composition_missing,UNMAPPED,,,,,,,,0,,,,,kit_bridge_not_promotable,False,False
tiktok,2026-09-25,barbours,1731981649958176164,,Kit079,kit_suspected,sku_prefix,False,in_scope,,kit_composition_missing,UNMAPPED,,,,,,,,0,,,,,kit_bridge_not_promotable,False,False
tiktok,2026-09-25,barbours,1731981724674524580,,Kit091,kit_suspected,sku_prefix,False,in_scope,,kit_composition_missing,UNMAPPED,,,,,,,,0,,,,,kit_bridge_not_promotable,False,False
tiktok,2026-09-25,barbours,1731981722141361572,,Kit086,kit_suspected,sku_prefix,False,in_scope,,kit_composition_missing,UNMAPPED,,,,,,,,0,,,,,kit_bridge_not_promotable,False,False
tiktok,2026-09-25,barbours,1732006588619261348,,Kit072,kit_suspected,sku_prefix,False,in_scope,,kit_composition_missing,UNMAPPED,,,,,,,,0,,,,,kit_bridge_not_promotable,False,False
tiktok,2026-09-25,barbours,1732635847668368804,,Kit100,kit_suspected,sku_prefix,False,in_scope,,kit_composition_missing,UNMAPPED,,,,,,,,0,,,,,kit_bridge_not_promotable,False,False
tiktok,2026-09-25,barbours,1732006649025824164,,Kit074,kit_suspected,sku_prefix,False,in_scope,,kit_composition_missing,UNMAPPED,,,,,,,,0,,,,,kit_bridge_not_promotable,False,False
tiktok,2026-09-25,barbours,1732006576817866148,,Kit067,kit_suspected,sku_prefix,False,in_scope,,kit_composition_missing,UNMAPPED,,,,,,,,0,,,,,kit_bridge_not_promotable,False,False
tiktok,2026-09-25,barbours,1731981755806287268,,Kit090,kit_suspected,sku_prefix,False,in_scope,,kit_composition_missing,UNMAPPED,,,,,,,,0,,,,,kit_bridge_not_promotable,False,False
tiktok,2026-09-25,barbours,1732006649865209252,,Kit076,kit_suspected,sku_prefix,False,in_scope,,kit_composition_missing,UNMAPPED,,,,,,,,0,,,,,kit_bridge_not_promotable,False,False
tiktok,2026-09-25,barbours,1732006493522789796,,Kit060,kit_suspected,sku_prefix,False,in_scope,,kit_composition_missing,UNMAPPED,,,,,,,,0,,,,,kit_bridge_not_promotable,False,False
tiktok,2026-09-25,barbours,1732635897689507236,,Kit101,kit_suspected,sku_prefix,False,in_scope,,kit_composition_missing,UNMAPPED,,,,,,,,0,,,,,kit_bridge_not_promotable,False,False
tiktok,2026-09-25,barbours,1732006497207354788,,Kit063,kit_suspected,sku_prefix,False,in_scope,,kit_composition_missing,UNMAPPED,,,,,,,,0,,,,,kit_bridge_not_promotable,False,False
tiktok,2026-09-25,barbours,1731981651202180516,,Kit082,kit_suspected,sku_prefix,False,in_scope,,kit_composition_missing,UNMAPPED,,,,,,,,0,,,,,kit_bridge_not_promotable,False,False
tiktok,2026-09-25,barbours,1731981728906184100,,Kit046,kit_suspected,sku_prefix,False,in_scope,,kit_composition_missing,UNMAPPED,,,,,,,,0,,,,,kit_bridge_not_promotable,False,False
tiktok,2026-09-25,barbours,1732006562395096484,,Kit065,kit_suspected,sku_prefix,False,in_scope,,kit_composition_missing,UNMAPPED,,,,,,,,0,,,,,kit_bridge_not_promotable,False,False
tiktok,2026-09-25,barbours,1732006612111033764,,Kit069,kit_suspected,sku_prefix,False,in_scope,,kit_composition_missing,UNMAPPED,,,,,,,,0,,,,,kit_bridge_not_promotable,False,False
tiktok,2026-09-25,barbours,1732006621000598948,,Kit073,kit_suspected,sku_prefix,False,in_scope,,kit_composition_missing,UNMAPPED,,,,,,,,0,,,,,kit_bridge_not_promotable,False,False
tiktok,2026-09-25,barbours,1731981594496173476,,Kit034,kit_suspected,sku_prefix,True,in_scope,,kit_composition_missing,UNMAPPED,,,,,,,,0,,,,,kit_bridge_not_promotable,False,False
tiktok,2026-09-25,barbours,1731981769415361956,,Kit047,kit_suspected,sku_prefix,False,in_scope,,kit_composition_missing,UNMAPPED,,,,,,,,0,,,,,kit_bridge_not_promotable,False,False
tiktok,2026-09-25,barbours,1731981571907487140,,Kit035,kit_suspected,sku_prefix,False,in_scope,,kit_composition_missing,UNMAPPED,,,,,,,,0,,,,,kit_bridge_not_promotable,False,False
tiktok,2026-09-25,barbours,1732267371660215716,,Kit097,kit_suspected,sku_prefix,False,in_scope,,kit_composition_missing,UNMAPPED,,,,,,,,0,,,,,kit_bridge_not_promotable,False,False
tiktok,2026-09-25,barbours,1732006555781662116,,Kit066,kit_suspected,sku_prefix,False,in_scope,,kit_composition_missing,UNMAPPED,,,,,,,,0,,,,,kit_bridge_not_promotable,False,False
tiktok,2026-09-25,barbours,1732006649436341668,,Kit075,kit_suspected,sku_prefix,False,in_scope,,kit_composition_missing,UNMAPPED,,,,,,,,0,,,,,kit_bridge_not_promotable,False,False
tiktok,2026-09-25,barbours,1732661606959449508,,Kit105,kit_suspected,sku_prefix,False,in_scope,,kit_composition_missing,UNMAPPED,,,,,,,,0,,,,,kit_bridge_not_promotable,False,False
tiktok,2026-09-25,barbours,1731981723956446628,,Kit089,kit_suspected,sku_prefix,False,in_scope,,kit_composition_missing,UNMAPPED,,,,,,,,0,,,,,kit_bridge_not_promotable,False,False
tiktok,2026-09-25,barbours,1732006491374978468,,Kit059,kit_suspected,sku_prefix,False,in_scope,,kit_composition_missing,UNMAPPED,,,,,,,,0,,,,,kit_bridge_not_promotable,False,False
tiktok,2026-09-25,barbours,1731981732416226724,,Kit052,kit_suspected,sku_prefix,False,in_scope,,kit_composition_missing,UNMAPPED,,,,,,,,0,,,,,kit_bridge_not_promotable,False,False
tiktok,2026-09-25,barbours,1732267411965576612,,Kit098,kit_suspected,sku_prefix,False,in_scope,,kit_composition_missing,UNMAPPED,,,,,,,,0,,,,,kit_bridge_not_promotable,False,False
tiktok,2026-09-25,barbours,1732267328758056356,,Kit095,kit_suspected,sku_prefix,False,in_scope,,kit_composition_missing,UNMAPPED,,,,,,,,0,,,,,kit_bridge_not_promotable,False,False
tiktok,2026-09-25,denavita,1732104983717840859,,DVTONS03-1,kit_suspected,title,True,out_of_business_scope,,kit_composition_missing,UNMAPPED,,,,,,,,0,,,,,kit_bridge_not_promotable,False,False
tiktok,2026-09-25,barbours,1731981673496020388,,Kit080,kit_suspected,sku_prefix,False,in_scope,,kit_composition_missing,UNMAPPED,,,,,,,,0,,,,,kit_bridge_not_promotable,False,False
tiktok,2026-09-25,barbours,1731981764671210916,,Kit092,kit_suspected,sku_prefix,False,in_scope,,kit_composition_missing,UNMAPPED,,,,,,,,0,,,,,kit_bridge_not_promotable,False,False
tiktok,2026-09-25,barbours,1731981728038552996,,Kit042,kit_suspected,sku_prefix,False,in_scope,,kit_composition_missing,UNMAPPED,,,,,,,,0,,,,,kit_bridge_not_promotable,False,False
tiktok,2026-09-25,barbours,1731981764276815268,,Kit094,kit_suspected,sku_prefix,False,in_scope,,kit_composition_missing,UNMAPPED,,,,,,,,0,,,,,kit_bridge_not_promotable,False,False
tiktok,2026-09-25,barbours,1732006603883840932,,Kit071,kit_suspected,sku_prefix,False,in_scope,,kit_composition_missing,UNMAPPED,,,,,,,,0,,,,,kit_bridge_not_promotable,False,False
tiktok,2026-09-25,barbours,1732944417775977892,,Kit109,kit_suspected,sku_prefix,False,in_scope,,kit_composition_missing,UNMAPPED,,,,,,,,0,,,,,kit_bridge_not_promotable,False,False
tiktok,2026-09-25,barbours,1731981602329757092,,Kit035,kit_suspected,sku_prefix,False,in_scope,,kit_composition_missing,UNMAPPED,,,,,,,,0,,,,,kit_bridge_not_promotable,False,False
tiktok,2026-09-25,barbours,1731981615667512740,,Kit038,kit_suspected,sku_prefix,False,in_scope,,kit_composition_missing,UNMAPPED,,,,,,,,0,,,,,kit_bridge_not_promotable,False,False
tiktok,2026-09-25,barbours,1732622839462266276,,Kit099,kit_suspected,sku_prefix,True,in_scope,,kit_composition_missing,UNMAPPED,,,,,,,,0,,,,,kit_bridge_not_promotable,False,False
tiktok,2026-09-25,barbours,1732267364682204580,,Kit096,kit_suspected,sku_prefix,False,in_scope,,kit_composition_missing,UNMAPPED,,,,,,,,0,,,,,kit_bridge_not_promotable,False,False
tiktok,2026-09-25,barbours,1731981650904778148,,Kit081,kit_suspected,sku_prefix,False,in_scope,,kit_composition_missing,UNMAPPED,,,,,,,,0,,,,,kit_bridge_not_promotable,False,False
tiktok,2026-09-25,barbours,1731981639673284004,,Kit077,kit_suspected,sku_prefix,False,in_scope,,kit_composition_missing,UNMAPPED,,,,,,,,0,,,,,kit_bridge_not_promotable,False,False
tiktok,2026-09-25,barbours,1732006550393161124,,Kit064,kit_suspected,sku_prefix,False,in_scope,,kit_composition_missing,UNMAPPED,,,,,,,,0,,,,,kit_bridge_not_promotable,False,False
tiktok,2026-09-25,barbours,1731981730840872356,,Kit048,kit_suspected,sku_prefix,False,in_scope,,kit_composition_missing,UNMAPPED,,,,,,,,0,,,,,kit_bridge_not_promotable,False,False
tiktok,2026-09-25,apice,1732317372928722004,,KIT047,kit_suspected,sku_prefix,True,in_scope,,kit_composition_missing,UNMAPPED,,,,,,,,0,,,,,kit_bridge_not_promotable,False,False
tiktok,2026-09-25,barbours,1731981728239158692,,Kit043,kit_suspected,sku_prefix,False,in_scope,,kit_composition_missing,UNMAPPED,,,,,,,,0,,,,,kit_bridge_not_promotable,False,False
tiktok,2026-09-25,barbours,1731981668399547812,,Kit083,kit_suspected,sku_prefix,False,in_scope,,kit_composition_missing,UNMAPPED,,,,,,,,0,,,,,kit_bridge_not_promotable,False,False
tiktok,2026-09-25,barbours,1731981723660486052,,Kit087,kit_suspected,sku_prefix,False,in_scope,,kit_composition_missing,UNMAPPED,,,,,,,,0,,,,,kit_bridge_not_promotable,False,False
tiktok,2026-09-25,barbours,1732006436979443108,,Kit057,kit_suspected,sku_prefix,False,in_scope,,kit_composition_missing,UNMAPPED,,,,,,,,0,,,,,kit_bridge_not_promotable,False,False
tiktok,2026-09-25,barbours,1731981727100994980,,Kit093,kit_suspected,sku_prefix,True,in_scope,,kit_composition_missing,UNMAPPED,,,,,,,,0,,,,,kit_bridge_not_promotable,False,False
tiktok,2026-09-25,barbours,1731981722563872164,,Kit085,kit_suspected,sku_prefix,False,in_scope,,kit_composition_missing,UNMAPPED,,,,,,,,0,,,,,kit_bridge_not_promotable,False,False
tiktok,2026-09-25,barbours,1731981616601925028,,Kit039,kit_suspected,sku_prefix,False,in_scope,,kit_composition_missing,UNMAPPED,,,,,,,,0,,,,,kit_bridge_not_promotable,False,False
tiktok,2026-09-25,barbours,1731981631812961700,,Kit041,kit_suspected,sku_prefix,True,in_scope,,kit_composition_missing,UNMAPPED,,,,,,,,0,,,,,kit_bridge_not_promotable,False,False
tiktok,2026-09-25,barbours,1732635964607006116,,Kit104,kit_suspected,sku_prefix,True,in_scope,,kit_composition_missing,UNMAPPED,,,,,,,,0,,,,,kit_bridge_not_promotable,False,False
tiktok,2026-09-25,barbours,1732006584657020324,,Kit068,kit_suspected,sku_prefix,False,in_scope,,kit_composition_missing,UNMAPPED,,,,,,,,0,,,,,kit_bridge_not_promotable,False,False
tiktok,2026-09-25,barbours,1732006495934645668,,Kit062,kit_suspected,sku_prefix,False,in_scope,,kit_composition_missing,UNMAPPED,,,,,,,,0,,,,,kit_bridge_not_promotable,False,False
tiktok,2026-09-25,barbours,1731981721732285860,,Kit084,kit_suspected,sku_prefix,False,in_scope,,kit_composition_missing,UNMAPPED,,,,,,,,0,,,,,kit_bridge_not_promotable,False,False
tiktok,2026-09-25,barbours,1731981755512358308,,Kit088,kit_suspected,sku_prefix,False,in_scope,,kit_composition_missing,UNMAPPED,,,,,,,,0,,,,,kit_bridge_not_promotable,False,False
tiktok,2026-09-25,barbours,1731981580015535524,,Kit033,kit_suspected,sku_prefix,False,in_scope,,kit_composition_missing,UNMAPPED,,,,,,,,0,,,,,kit_bridge_not_promotable,False,False
tiktok,2026-09-25,barbours,1731981767380141476,,Kit045,kit_suspected,sku_prefix,False,in_scope,,kit_composition_missing,UNMAPPED,,,,,,,,0,,,,,kit_bridge_not_promotable,False,False
tiktok,2026-09-25,barbours,1731981607884981668,,Kit037,kit_suspected,sku_prefix,False,in_scope,,kit_composition_missing,UNMAPPED,,,,,,,,0,,,,,kit_bridge_not_promotable,False,False
tiktok,2026-09-25,barbours,1731981570320139684,,Kit032,kit_suspected,sku_prefix,False,in_scope,,kit_composition_missing,UNMAPPED,,,,,,,,0,,,,,kit_bridge_not_promotable,False,False
tiktok,2026-09-25,barbours,1731980379217823140,,Kit007,kit_suspected,sku_prefix,False,in_scope,,kit_composition_missing,UNMAPPED,,,,,,,,0,,,,,kit_bridge_not_promotable,False,False
tiktok,2026-09-25,barbours,1731981413829412260,,Kit027,kit_suspected,sku_prefix,False,in_scope,,kit_composition_missing,UNMAPPED,,,,,,,,0,,,,,kit_bridge_not_promotable,False,False
tiktok,2026-09-25,barbours,1731952940518770084,,Kit001,kit_suspected,sku_prefix,False,in_scope,,kit_composition_missing,UNMAPPED,,,,,,,,0,,,,,kit_bridge_not_promotable,False,False
tiktok,2026-09-25,barbours,1731981440770278820,,Kit028,kit_suspected,sku_prefix,False,in_scope,,kit_composition_missing,UNMAPPED,,,,,,,,0,,,,,kit_bridge_not_promotable,False,False
tiktok,2026-09-25,barbours,1731980332421121444,,Kit001,kit_suspected,sku_prefix,False,in_scope,,kit_composition_missing,UNMAPPED,,,,,,,,0,,,,,kit_bridge_not_promotable,False,False
tiktok,2026-09-25,barbours,1731980475872740772,,Kit013,kit_suspected,sku_prefix,True,in_scope,,kit_composition_missing,UNMAPPED,,,,,,,,0,,,,,kit_bridge_not_promotable,False,False
tiktok,2026-09-25,barbours,1731980371857343908,,Kit008,kit_suspected,sku_prefix,True,in_scope,,kit_composition_missing,UNMAPPED,,,,,,,,0,,,,,kit_bridge_not_promotable,False,False
tiktok,2026-09-25,barbours,1731981434379470244,,Kit024,kit_suspected,sku_prefix,False,in_scope,,kit_composition_missing,UNMAPPED,,,,,,,,0,,,,,kit_bridge_not_promotable,False,False
tiktok,2026-09-25,barbours,1731980626398381476,,Kit020,kit_suspected,sku_prefix,True,in_scope,,kit_composition_missing,UNMAPPED,,,,,,,,0,,,,,kit_bridge_not_promotable,False,False
tiktok,2026-09-25,barbours,1731980419853616548,,Kit002,kit_suspected,sku_prefix,False,in_scope,,kit_composition_missing,UNMAPPED,,,,,,,,0,,,,,kit_bridge_not_promotable,False,False
tiktok,2026-09-25,barbours,1731981573445813668,,Kit030,kit_suspected,sku_prefix,False,in_scope,,kit_composition_missing,UNMAPPED,,,,,,,,0,,,,,kit_bridge_not_promotable,False,False
tiktok,2026-09-25,barbours,1731980506038371748,,Kit016,kit_suspected,sku_prefix,False,in_scope,,kit_composition_missing,UNMAPPED,,,,,,,,0,,,,,kit_bridge_not_promotable,False,False
tiktok,2026-09-25,barbours,1731980434204100004,,Kit017,kit_suspected,sku_prefix,False,in_scope,,kit_composition_missing,UNMAPPED,,,,,,,,0,,,,,kit_bridge_not_promotable,False,False
tiktok,2026-09-25,barbours,1731981387648894372,,Kit023,kit_suspected,sku_prefix,True,in_scope,,kit_composition_missing,UNMAPPED,,,,,,,,0,,,,,kit_bridge_not_promotable,False,False
tiktok,2026-09-25,barbours,1731981569411876260,,Kit031,kit_suspected,sku_prefix,True,in_scope,,kit_composition_missing,UNMAPPED,,,,,,,,0,,,,,kit_bridge_not_promotable,False,False
tiktok,2026-09-25,barbours,1731981111397680548,,Kit021,kit_suspected,sku_prefix,False,in_scope,,kit_composition_missing,UNMAPPED,,,,,,,,0,,,,,kit_bridge_not_promotable,False,False
tiktok,2026-09-25,barbours,1731981448275396004,,Kit029,kit_suspected,sku_prefix,False,in_scope,,kit_composition_missing,UNMAPPED,,,,,,,,0,,,,,kit_bridge_not_promotable,False,False
tiktok,2026-09-25,barbours,1731980387027027364,,Kit011,kit_suspected,sku_prefix,False,in_scope,,kit_composition_missing,UNMAPPED,,,,,,,,0,,,,,kit_bridge_not_promotable,False,False
tiktok,2026-09-25,barbours,1731980607275697572,,Kit018,kit_suspected,sku_prefix,False,in_scope,,kit_composition_missing,UNMAPPED,,,,,,,,0,,,,,kit_bridge_not_promotable,False,False
tiktok,2026-09-25,barbours,1731980499569378724,,Kit014,kit_suspected,sku_prefix,False,in_scope,,kit_composition_missing,UNMAPPED,,,,,,,,0,,,,,kit_bridge_not_promotable,False,False
tiktok,2026-09-25,barbours,1731980504227546532,,Kit015,kit_suspected,sku_prefix,False,in_scope,,kit_composition_missing,UNMAPPED,,,,,,,,0,,,,,kit_bridge_not_promotable,False,False
tiktok,2026-09-25,barbours,1734252874675750308,,Kit121,kit_suspected,sku_prefix,True,in_scope,,kit_composition_missing,UNMAPPED,,,,,,,,0,,,,,kit_bridge_not_promotable,False,False
tiktok,2026-09-25,barbours,1731981432758961572,,Kit022,kit_suspected,sku_prefix,False,in_scope,,kit_composition_missing,UNMAPPED,,,,,,,,0,,,,,kit_bridge_not_promotable,False,False
tiktok,2026-09-25,barbours,1731980373571044772,,Kit009,kit_suspected,sku_prefix,True,in_scope,,kit_composition_missing,UNMAPPED,,,,,,,,0,,,,,kit_bridge_not_promotable,False,False
tiktok,2026-09-25,barbours,1731980293887460772,,Kit003,kit_suspected,sku_prefix,True,in_scope,,kit_composition_missing,UNMAPPED,,,,,,,,0,,,,,kit_bridge_not_promotable,False,False
tiktok,2026-09-25,barbours,1735404226937324964,,Kit139,kit_suspected,sku_prefix,False,in_scope,,kit_composition_missing,UNMAPPED,,,,,,,,0,,,,,kit_bridge_not_promotable,False,False
tiktok,2026-09-25,barbours,1731981133849593252,,Kit021,kit_suspected,sku_prefix,False,in_scope,,kit_composition_missing,UNMAPPED,,,,,,,,0,,,,,kit_bridge_not_promotable,False,False
tiktok,2026-09-25,barbours,1732006896256845220,,Kit021,kit_suspected,sku_prefix,False,in_scope,,kit_composition_missing,UNMAPPED,,,,,,,,0,,,,,kit_bridge_not_promotable,False,False
tiktok,2026-09-25,barbours,1735404159516771748,,Kit135,kit_suspected,sku_prefix,False,in_scope,,kit_composition_missing,UNMAPPED,,,,,,,,0,,,,,kit_bridge_not_promotable,False,False
tiktok,2026-09-25,barbours,1735404326203196836,,Kit140,kit_suspected,sku_prefix,False,in_scope,,kit_composition_missing,UNMAPPED,,,,,,,,0,,,,,kit_bridge_not_promotable,False,False
tiktok,2026-09-25,barbours,1733790539344741796,,kit118,kit_suspected,sku_prefix,True,in_scope,,kit_composition_missing,UNMAPPED,,,,,,,,0,,,,,kit_bridge_not_promotable,False,False
tiktok,2026-09-25,barbours,1736372929625949604,,KIT146,kit_suspected,sku_prefix,False,in_scope,,kit_composition_missing,UNMAPPED,,,,,,,,0,,,,,kit_bridge_not_promotable,False,False
tiktok,2026-09-25,barbours,1733596485544674724,,Kit024,kit_suspected,sku_prefix,True,in_scope,,kit_composition_missing,UNMAPPED,,,,,,,,0,,,,,kit_bridge_not_promotable,False,False
tiktok,2026-09-25,barbours,1736548065764148644,,KIT151,kit_suspected,sku_prefix,False,in_scope,,kit_composition_missing,UNMAPPED,,,,,,,,0,,,,,kit_bridge_not_promotable,False,False
tiktok,2026-09-25,barbours,1735645734586713508,,Kit006,kit_suspected,sku_prefix,False,in_scope,,kit_composition_missing,UNMAPPED,,,,,,,,0,,,,,kit_bridge_not_promotable,False,False
tiktok,2026-09-25,barbours,1734252858259703204,,Kit119,kit_suspected,sku_prefix,True,in_scope,,kit_composition_missing,UNMAPPED,,,,,,,,0,,,,,kit_bridge_not_promotable,False,False
tiktok,2026-09-25,barbours,1735985057087194532,,KIT143,kit_suspected,sku_prefix,False,in_scope,,kit_composition_missing,UNMAPPED,,,,,,,,0,,,,,kit_bridge_not_promotable,False,False
tiktok,2026-09-25,apice,1732316900816487508,,KIT015,kit_suspected,sku_prefix,True,in_scope,,kit_composition_missing,UNMAPPED,,,,,,,,0,,,,,kit_bridge_not_promotable,False,False
tiktok,2026-09-25,barbours,1733480228931601828,,Kit114,kit_suspected,sku_prefix,True,in_scope,,kit_composition_missing,UNMAPPED,,,,,,,,0,,,,,kit_bridge_not_promotable,False,False
tiktok,2026-09-25,barbours,1737562960292382116,,KIT166,kit_suspected,sku_prefix,True,in_scope,,kit_composition_missing,UNMAPPED,,,,,,,,0,,,,,kit_bridge_not_promotable,False,False
tiktok,2026-09-25,barbours,1734252866804942244,,Kit120,kit_suspected,sku_prefix,True,in_scope,,kit_composition_missing,UNMAPPED,,,,,,,,0,,,,,kit_bridge_not_promotable,False,False
tiktok,2026-09-25,apice,1732316907698291796,,KIT017,kit_suspected,sku_prefix,True,in_scope,,kit_composition_missing,UNMAPPED,,,,,,,,0,,,,,kit_bridge_not_promotable,False,False
tiktok,2026-09-25,apice,1732317007005779028,,KIT023,kit_suspected,sku_prefix,True,in_scope,,kit_composition_missing,UNMAPPED,,,,,,,,0,,,,,kit_bridge_not_promotable,False,False
tiktok,2026-09-25,apice,1732317222563316820,,KIT037,kit_suspected,sku_prefix,True,in_scope,,kit_composition_missing,UNMAPPED,,,,,,,,0,,,,,kit_bridge_not_promotable,False,False
tiktok,2026-09-25,apice,1733921783713203284,,KIT079,kit_suspected,sku_prefix,True,in_scope,,kit_composition_missing,UNMAPPED,,,,,,,,0,,,,,kit_bridge_not_promotable,False,False
tiktok,2026-09-25,apice,1736245929705636948,,KIT088,kit_suspected,sku_prefix,True,in_scope,,kit_composition_missing,UNMAPPED,,,,,,,,0,,,,,kit_bridge_not_promotable,False,False
tiktok,2026-09-25,apice,1733921864641119316,,KIT080,kit_suspected,sku_prefix,True,in_scope,,kit_composition_missing,UNMAPPED,,,,,,,,0,,,,,kit_bridge_not_promotable,False,False
tiktok,2026-09-25,apice,1733921939059213396,,KIT081,kit_suspected,sku_prefix,True,in_scope,,kit_composition_missing,UNMAPPED,,,,,,,,0,,,,,kit_bridge_not_promotable,False,False
tiktok,2026-09-25,apice,1732317112288904276,,KIT035,kit_suspected,sku_prefix,True,in_scope,,kit_composition_missing,UNMAPPED,,,,,,,,0,,,,,kit_bridge_not_promotable,False,False
tiktok,2026-09-25,apice,1732316874473178196,,KIT013,kit_suspected,sku_prefix,True,in_scope,,kit_composition_missing,UNMAPPED,,,,,,,,0,,,,,kit_bridge_not_promotable,False,False
tiktok,2026-09-25,apice,1736775862240248916,,KIT096,kit_suspected,sku_prefix,True,in_scope,,kit_composition_missing,UNMAPPED,,,,,,,,0,,,,,kit_bridge_not_promotable,False,False
tiktok,2026-09-25,apice,1732317109716550740,,KIT033,kit_suspected,sku_prefix,True,in_scope,,kit_composition_missing,UNMAPPED,,,,,,,,0,,,,,kit_bridge_not_promotable,False,False
tiktok,2026-09-25,apice,1732317178555958356,,KIT031,kit_suspected,sku_prefix,True,in_scope,,kit_composition_missing,UNMAPPED,,,,,,,,0,,,,,kit_bridge_not_promotable,False,False
tiktok,2026-09-25,apice,1732317269891974228,,KIT041,kit_suspected,sku_prefix,True,in_scope,,kit_composition_missing,UNMAPPED,,,,,,,,0,,,,,kit_bridge_not_promotable,False,False
tiktok,2026-09-25,kokeshi,1737432881462543635,,40100,kit_suspected,title,True,in_scope,,kit_composition_missing,UNMAPPED,,,,,,,,0,,,,,kit_bridge_not_promotable,False,False
tiktok,2026-09-25,kokeshi,1735042067763463443,,40095,kit_suspected,title,True,in_scope,,kit_composition_missing,UNMAPPED,,,,,,,,0,,,,,kit_bridge_not_promotable,False,False
tiktok,2026-09-25,kokeshi,1736676905814689043,,40125,kit_suspected,title,True,in_scope,,kit_composition_missing,AMBIGUOUS,,40125|KAP99020,,,,,,0,,,,,kit_bridge_not_promotable,False,True
tiktok,2026-09-25,kokeshi,1735351920839656723,,40101,kit_suspected,title,True,in_scope,,kit_composition_missing,UNMAPPED,,,,,,,,0,,,,,kit_bridge_not_promotable,False,False
tiktok,2026-09-25,kokeshi,1736676935466321171,,40124,kit_suspected,title,True,in_scope,,kit_composition_missing,UNMAPPED,,,,,,,,0,,,,,kit_bridge_not_promotable,False,False
tiktok,2026-09-25,kokeshi,1735042020004496659,,40094,kit_suspected,title,True,in_scope,,kit_composition_missing,UNMAPPED,,,,,,,,0,,,,,kit_bridge_not_promotable,False,False
tiktok,2026-09-25,barbours,1731980348044969380,,Kit006,kit_suspected,sku_prefix,True,in_scope,,kit_composition_missing,UNMAPPED,,,,,,,,0,,,,,kit_bridge_not_promotable,False,False
tiktok,2026-09-25,barbours,1734699385002231204,,Kit128,kit_suspected,sku_prefix,True,in_scope,,kit_composition_missing,UNMAPPED,,,,,,,,0,,,,,kit_bridge_not_promotable,False,False
tiktok,2026-09-25,lescent,1735071393864648223,,KIT009,kit_suspected,sku_prefix,True,in_scope,,kit_composition_missing,UNMAPPED,,,,,,,,0,,,,,kit_bridge_not_promotable,False,False
tiktok,2026-09-25,lescent,1735072379233469983,,KIT016,kit_suspected,sku_prefix,True,in_scope,,kit_composition_missing,UNMAPPED,,,,,,,,0,,,,,kit_bridge_not_promotable,False,False
tiktok,2026-09-25,lescent,1735072134890292767,,KIT015,kit_suspected,sku_prefix,True,in_scope,,kit_composition_missing,UNMAPPED,,,,,,,,0,,,,,kit_bridge_not_promotable,False,False
tiktok,2026-09-25,lescent,1736581211517584927,,KIT017,kit_suspected,sku_prefix,True,in_scope,,kit_composition_missing,UNMAPPED,,,,,,,,0,,,,,kit_bridge_not_promotable,False,False
tiktok,2026-09-25,lescent,1735072034477475359,,KIT012,kit_suspected,sku_prefix,True,in_scope,,kit_composition_missing,UNMAPPED,,,,,,,,0,,,,,kit_bridge_not_promotable,False,False
tiktok,2026-09-25,lescent,1735071144442431007,,KIT006,kit_suspected,sku_prefix,True,in_scope,,kit_composition_missing,UNMAPPED,,,,,,,,0,,,,,kit_bridge_not_promotable,False,False
tiktok,2026-09-25,lescent,1735072231702955551,,KIT013,kit_suspected,sku_prefix,True,in_scope,,kit_composition_missing,UNMAPPED,,,,,,,,0,,,,,kit_bridge_not_promotable,False,False
tiktok,2026-09-25,lescent,1735072340991510047,,KIT014,kit_suspected,sku_prefix,True,in_scope,,kit_composition_missing,UNMAPPED,,,,,,,,0,,,,,kit_bridge_not_promotable,False,False
tiktok,2026-09-25,lescent,1735070925580699167,,KIT005,kit_suspected,sku_prefix,True,in_scope,,kit_composition_missing,UNMAPPED,,,,,,,,0,,,,,kit_bridge_not_promotable,False,False
tiktok,2026-09-25,lescent,1733440718160692767,,KIT004,kit_suspected,sku_prefix,True,in_scope,,kit_composition_missing,UNMAPPED,,,,,,,,0,,,,,kit_bridge_not_promotable,False,False
tiktok,2026-09-25,lescent,1735071455165187615,,KIT010,kit_suspected,sku_prefix,True,in_scope,,kit_composition_missing,UNMAPPED,,,,,,,,0,,,,,kit_bridge_not_promotable,False,False
tiktok,2026-09-25,lescent,1735071251681674783,,KIT007,kit_suspected,sku_prefix,True,in_scope,,kit_composition_missing,UNMAPPED,,,,,,,,0,,,,,kit_bridge_not_promotable,False,False
tiktok,2026-09-25,lescent,1733030335739954719,,KIT002,kit_suspected,sku_prefix,True,in_scope,,kit_composition_missing,UNMAPPED,,,,,,,,0,,,,,kit_bridge_not_promotable,False,False
tiktok,2026-09-25,kokeshi,1732459754740352275,,40066,kit_suspected,title,True,in_scope,,kit_composition_missing,UNMAPPED,,,,,,,,0,,,,,kit_bridge_not_promotable,False,False
tiktok,2026-09-25,kokeshi,1733018249179268371,,40090,kit_suspected,title,True,in_scope,,kit_composition_missing,UNMAPPED,,,,,,,,0,,,,,kit_bridge_not_promotable,False,False
tiktok,2026-09-25,kokeshi,1734953448383087891,,40086,kit_suspected,title,True,in_scope,,kit_composition_missing,UNMAPPED,,,,,,,,0,,,,,kit_bridge_not_promotable,False,False
tiktok,2026-09-25,kokeshi,1737668784550282515,,40132,kit_suspected,title,True,in_scope,,kit_composition_missing,AMBIGUOUS,,40132|KAP99025,,,,,,0,,,,,kit_bridge_not_promotable,False,True
tiktok,2026-09-25,kokeshi,1733017808684352787,,40075,kit_suspected,title,True,in_scope,,kit_composition_missing,UNMAPPED,,,,,,,,0,,,,,kit_bridge_not_promotable,False,False
tiktok,2026-09-25,kokeshi,1733018041042109715,,40084,kit_suspected,title,True,in_scope,,kit_composition_missing,UNMAPPED,,,,,,,,0,,,,,kit_bridge_not_promotable,False,False
tiktok,2026-09-25,kokeshi,1733018142055302419,,40085,kit_suspected,title,True,in_scope,,kit_composition_missing,UNMAPPED,,,,,,,,0,,,,,kit_bridge_not_promotable,False,False
tiktok,2026-09-25,kokeshi,1733017913250907411,,40081,kit_suspected,title,True,in_scope,,kit_composition_missing,UNMAPPED,,,,,,,,0,,,,,kit_bridge_not_promotable,False,False
tiktok,2026-09-25,kokeshi,1737683546268009747,,40134,kit_suspected,title,True,in_scope,,kit_composition_missing,AMBIGUOUS,,40134|KAP99034,,,,,,0,,,,,kit_bridge_not_promotable,False,True
tiktok,2026-09-25,kokeshi,1733017879112287507,,40080,kit_suspected,title,True,in_scope,,kit_composition_missing,UNMAPPED,,,,,,,,0,,,,,kit_bridge_not_promotable,False,False
tiktok,2026-09-25,kokeshi,1733017764258612499,,40073,kit_suspected,title,True,in_scope,,kit_composition_missing,UNMAPPED,,,,,,,,0,,,,,kit_bridge_not_promotable,False,False
tiktok,2026-09-25,kokeshi,1733017822256137491,,40077,kit_suspected,title,True,in_scope,,kit_composition_missing,UNMAPPED,,,,,,,,0,,,,,kit_bridge_not_promotable,False,False
tiktok,2026-09-25,kokeshi,1733017768268236051,,40074,kit_suspected,title,True,in_scope,,kit_composition_missing,UNMAPPED,,,,,,,,0,,,,,kit_bridge_not_promotable,False,False
tiktok,2026-09-25,kokeshi,1733018155852989715,,40087,kit_suspected,title,True,in_scope,,kit_composition_missing,UNMAPPED,,,,,,,,0,,,,,kit_bridge_not_promotable,False,False
tiktok,2026-09-25,kokeshi,1732276446225073427,,40065,kit_suspected,title,True,in_scope,,kit_composition_missing,UNMAPPED,,,,,,,,0,,,,,kit_bridge_not_promotable,False,False
tiktok,2026-09-25,kokeshi,1734830764226479379,,40091,kit_suspected,title,True,in_scope,,kit_composition_missing,UNMAPPED,,,,,,,,0,,,,,kit_bridge_not_promotable,False,False
tiktok,2026-09-25,kokeshi,1733018243005842707,,40088,kit_suspected,title,True,in_scope,,kit_composition_missing,UNMAPPED,,,,,,,,0,,,,,kit_bridge_not_promotable,False,False
tiktok,2026-09-25,kokeshi,1733017970635932947,,40082,kit_suspected,title,True,in_scope,,kit_composition_missing,UNMAPPED,,,,,,,,0,,,,,kit_bridge_not_promotable,False,False
tiktok,2026-09-25,kokeshi,1731599477079704851,,40006,kit_suspected,internal_catalog,True,in_scope,,kit_composition_missing,EXACT_DIRECT,brand_code_exact,KKS00006,kokeshi,5,5.0,KS02007|KS03015|KS03016|KS03042|KS03046,1.0|1.0|1.0|1.0|1.0,5,component_brand_gtin_exact|component_brand_gtin_exact|component_brand_sku_exact_unique|component_brand_sku_exact_unique|component_brand_gtin_exact,167.50,0.15,142.38,,True,False
tiktok,2026-09-25,kokeshi,1736896866425668883,,40111,kit_suspected,title,True,in_scope,,kit_composition_missing,UNMAPPED,,,,,,,,0,,,,,kit_bridge_not_promotable,False,False
tiktok,2026-09-25,denavita,1732078404680714203,,DVLM03,kit_suspected,title,True,out_of_business_scope,,kit_composition_missing,UNMAPPED,,,,,,,,0,,,,,kit_bridge_not_promotable,False,False
tiktok,2026-09-25,kokeshi,1733939809724368147,,40070,kit_suspected,title,True,in_scope,,kit_composition_missing,UNMAPPED,,,,,,,,0,,,,,kit_bridge_not_promotable,False,False
tiktok,2026-09-25,kokeshi,1733017844865139987,,40079,kit_suspected,title,True,in_scope,,kit_composition_missing,UNMAPPED,,,,,,,,0,,,,,kit_bridge_not_promotable,False,False
tiktok,2026-09-25,kokeshi,1737289940749813011,,40130,kit_suspected,title,True,in_scope,,kit_composition_missing,AMBIGUOUS,,40130|KAP99022,,,,,,0,,,,,kit_bridge_not_promotable,False,True
tiktok,2026-09-25,kokeshi,1733017840616703251,,40078,kit_suspected,title,True,in_scope,,kit_composition_missing,UNMAPPED,,,,,,,,0,,,,,kit_bridge_not_promotable,False,False
tiktok,2026-09-25,apice,1736258127790769236,,KIT070,kit_suspected,sku_prefix,True,in_scope,,kit_composition_missing,UNMAPPED,,,,,,,,0,,,,,kit_bridge_not_promotable,False,False
tiktok,2026-09-25,apice,1732316960625755220,,KIT025,kit_suspected,sku_prefix,True,in_scope,,kit_composition_missing,UNMAPPED,,,,,,,,0,,,,,kit_bridge_not_promotable,False,False
tiktok,2026-09-25,apice,1733893476543202388,,KIT077,kit_suspected,sku_prefix,True,in_scope,,kit_composition_missing,UNMAPPED,,,,,,,,0,,,,,kit_bridge_not_promotable,False,False
tiktok,2026-09-25,apice,1732316957517710420,,KIT019,kit_suspected,sku_prefix,True,in_scope,,kit_composition_missing,UNMAPPED,,,,,,,,0,,,,,kit_bridge_not_promotable,False,False
tiktok,2026-09-25,apice,1733893332889994324,,KIT074,kit_suspected,sku_prefix,True,in_scope,,kit_composition_missing,UNMAPPED,,,,,,,,0,,,,,kit_bridge_not_promotable,False,False
tiktok,2026-09-25,rituaria,1735536432506045496,,MLMAGCOMB,kit_suspected,title,True,in_scope,,kit_composition_missing,UNMAPPED,,,,,,,,0,,,,,kit_bridge_not_promotable,False,False
tiktok,2026-09-25,rituaria,1735535845617861688,,MLMAGNAC,kit_suspected,title,True,in_scope,,kit_composition_missing,UNMAPPED,,,,,,,,0,,,,,kit_bridge_not_promotable,False,False
tiktok,2026-09-25,rituaria,1735536227458122808,,MLMAGPIC,kit_suspected,title,True,in_scope,,kit_composition_missing,UNMAPPED,,,,,,,,0,,,,,kit_bridge_not_promotable,False,False
tiktok,2026-09-25,rituaria,1735872043552965688,,ML3COMPLEXOB,kit_suspected,title,True,in_scope,,kit_composition_missing,UNMAPPED,,,,,,,,0,,,,,kit_bridge_not_promotable,False,False
tiktok,2026-09-25,rituaria,1735537222430655544,,MLMAGNACOMB,kit_suspected,title,True,in_scope,,kit_composition_missing,UNMAPPED,,,,,,,,0,,,,,kit_bridge_not_promotable,False,False
tiktok,2026-09-25,rituaria,1735537520119219256,,MLMAGPICOMB,kit_suspected,title,True,in_scope,,kit_composition_missing,UNMAPPED,,,,,,,,0,,,,,kit_bridge_not_promotable,False,False
tiktok,2026-09-25,apice,1732308741101225044,,KIT003,kit_suspected,sku_prefix,True,in_scope,,kit_composition_missing,UNMAPPED,,,,,,,,0,,,,,kit_bridge_not_promotable,False,False
tiktok,2026-09-25,rituaria,1732425562192249912,,ML3PREBIOTICA,kit_suspected,title,True,in_scope,,kit_composition_missing,UNMAPPED,,,,,,,,0,,,,,kit_bridge_not_promotable,False,False
tiktok,2026-09-25,apice,1732308783286355028,,KIT011,kit_suspected,sku_prefix,True,in_scope,,kit_composition_missing,UNMAPPED,,,,,,,,0,,,,,kit_bridge_not_promotable,False,False
tiktok,2026-09-25,barbours,1731981731417523620,,Kit051,kit_suspected,sku_prefix,True,in_scope,,kit_composition_missing,UNMAPPED,,,,,,,,0,,,,,kit_bridge_not_promotable,False,False
tiktok,2026-09-25,apice,1732316833848919124,,KIT071,kit_suspected,sku_prefix,True,in_scope,,kit_composition_missing,UNMAPPED,,,,,,,,0,,,,,kit_bridge_not_promotable,False,False
tiktok,2026-09-25,barbours,1735799291385906596,,Kit142,kit_suspected,sku_prefix,True,in_scope,,kit_composition_missing,UNMAPPED,,,,,,,,0,,,,,kit_bridge_not_promotable,False,False
tiktok,2026-09-25,barbours,1731981413827052964,,Kit026,kit_suspected,sku_prefix,True,in_scope,,kit_composition_missing,UNMAPPED,,,,,,,,0,,,,,kit_bridge_not_promotable,False,False
tiktok,2026-09-25,barbours,1734699292973368740,,Kit127,kit_suspected,sku_prefix,True,in_scope,,kit_composition_missing,UNMAPPED,,,,,,,,0,,,,,kit_bridge_not_promotable,False,False
tiktok,2026-09-25,lescent,1735071271292536351,,KIT008,kit_suspected,sku_prefix,True,in_scope,,kit_composition_missing,UNMAPPED,,,,,,,,0,,,,,kit_bridge_not_promotable,False,False
tiktok,2026-09-25,lescent,1733030303952242207,,KIT001,kit_suspected,sku_prefix,True,in_scope,,kit_composition_missing,UNMAPPED,,,,,,,,0,,,,,kit_bridge_not_promotable,False,False
tiktok,2026-09-25,lescent,1737562906576586271,,KIT018,kit_suspected,sku_prefix,True,in_scope,,kit_composition_missing,UNMAPPED,,,,,,,,0,,,,,kit_bridge_not_promotable,False,False
tiktok,2026-09-25,apice,1736369473278739540,,KIT075,kit_suspected,sku_prefix,True,in_scope,,kit_composition_missing,UNMAPPED,,,,,,,,0,,,,,kit_bridge_not_promotable,False,False
tiktok,2026-09-25,apice,1736775558256559188,,KIT094,kit_suspected,sku_prefix,True,in_scope,,kit_composition_missing,UNMAPPED,,,,,,,,0,,,,,kit_bridge_not_promotable,False,False
tiktok,2026-09-25,apice,1736157686259811412,,KIT085,kit_suspected,sku_prefix,True,in_scope,,kit_composition_missing,UNMAPPED,,,,,,,,0,,,,,kit_bridge_not_promotable,False,False
tiktok,2026-09-25,apice,1736544815068644436,,KIT029,kit_suspected,sku_prefix,True,in_scope,,kit_composition_missing,UNMAPPED,,,,,,,,0,,,,,kit_bridge_not_promotable,False,False
tiktok,2026-09-25,rituaria,1735941436392703032,,ML2PREBIOTICA,kit_suspected,title,True,in_scope,,kit_composition_missing,UNMAPPED,,,,,,,,0,,,,,kit_bridge_not_promotable,False,False
tiktok,2026-09-25,rituaria,1735537591108338744,,MLMAPINACOMB,kit_suspected,title,True,in_scope,,kit_composition_missing,UNMAPPED,,,,,,,,0,,,,,kit_bridge_not_promotable,False,False
tiktok,2026-09-25,kokeshi,1737580216768300307,,40131,kit_suspected,title,True,in_scope,,kit_composition_missing,AMBIGUOUS,,40131|KAP99023,,,,,,0,,,,,kit_bridge_not_promotable,False,True
tiktok,2026-09-25,kokeshi,1731600206886307091,,40016,kit_suspected,title,True,in_scope,,kit_composition_missing,UNMAPPED,,,,,,,,0,,,,,kit_bridge_not_promotable,False,False
tiktok,2026-09-25,kokeshi,1731599986279220499,,40010,kit_suspected,internal_catalog,True,in_scope,,kit_composition_missing,EXACT_DIRECT,brand_code_exact,KKS00008,kokeshi,2,2.0,KS03016|KS03019,1.0|1.0,2,component_brand_sku_exact_unique|component_brand_sku_exact_unique,68.80,0.05,65.36,,True,False
tiktok,2026-09-25,kokeshi,1731591689501967635,,40047,kit_suspected,title,True,in_scope,,kit_composition_missing,UNMAPPED,,,,,,,,0,,,,,kit_bridge_not_promotable,False,False
tiktok,2026-09-25,kokeshi,1732017307681785107,,40058,kit_suspected,title,True,in_scope,,kit_composition_missing,UNMAPPED,,,,,,,,0,,,,,kit_bridge_not_promotable,False,False
tiktok,2026-09-25,kokeshi,1732017319123911955,,40057,kit_suspected,title,True,in_scope,,kit_composition_missing,UNMAPPED,,,,,,,,0,,,,,kit_bridge_not_promotable,False,False
tiktok,2026-09-25,kokeshi,1737683620114892051,,40135,kit_suspected,title,True,in_scope,,kit_composition_missing,UNMAPPED,,,,,,,,0,,,,,kit_bridge_not_promotable,False,False
tiktok,2026-09-25,kokeshi,1732017321609233683,,40060,kit_suspected,title,True,in_scope,,kit_composition_missing,UNMAPPED,,,,,,,,0,,,,,kit_bridge_not_promotable,False,False
tiktok,2026-09-25,kokeshi,1733017954831664403,,40083,kit_suspected,title,True,in_scope,,kit_composition_missing,UNMAPPED,,,,,,,,0,,,,,kit_bridge_not_promotable,False,False
tiktok,2026-09-25,kokeshi,1731599629364593939,,40009,kit_suspected,internal_catalog,True,in_scope,,kit_composition_missing,EXACT_DIRECT,brand_code_exact,KKS00032,kokeshi,3,3.0,KS03042|KS03043|KS03044,1.0|1.0|1.0,3,component_brand_sku_exact_unique|component_brand_gtin_exact|component_brand_gtin_exact,103.70,0.10,93.33,,True,False
tiktok,2026-09-25,kokeshi,1732931308756894995,,40072,kit_suspected,title,True,in_scope,,kit_composition_missing,UNMAPPED,,,,,,,,0,,,,,kit_bridge_not_promotable,False,False
tiktok,2026-09-25,kokeshi,1731591710382982419,,40046,kit_suspected,title,True,in_scope,,kit_composition_missing,UNMAPPED,,,,,,,,0,,,,,kit_bridge_not_promotable,False,False
tiktok,2026-09-25,kokeshi,1737668851881575699,,40133,kit_suspected,title,True,in_scope,,kit_composition_missing,AMBIGUOUS,,40133|KAP99027,,,,,,0,,,,,kit_bridge_not_promotable,False,True
tiktok,2026-09-25,kokeshi,1732017307011482899,,40056,kit_suspected,title,True,in_scope,,kit_composition_missing,UNMAPPED,,,,,,,,0,,,,,kit_bridge_not_promotable,False,False
tiktok,2026-09-25,kokeshi,1732017234176869651,,40055,kit_suspected,title,True,in_scope,,kit_composition_missing,UNMAPPED,,,,,,,,0,,,,,kit_bridge_not_promotable,False,False
tiktok,2026-09-25,kokeshi,1732931289017845011,,40071,kit_suspected,title,True,in_scope,,kit_composition_missing,UNMAPPED,,,,,,,,0,,,,,kit_bridge_not_promotable,False,False
tiktok,2026-09-25,kokeshi,1731600023527916819,,40011,kit_suspected,title,True,in_scope,,kit_composition_missing,UNMAPPED,,,,,,,,0,,,,,kit_bridge_not_promotable,False,False
tiktok,2026-09-25,kokeshi,1736038748304409875,,40108,kit_suspected,title,True,in_scope,,kit_composition_missing,UNMAPPED,,,,,,,,0,,,,,kit_bridge_not_promotable,False,False
tiktok,2026-09-25,barbours,1736050487034676644,,Kit011,kit_suspected,sku_prefix,True,in_scope,,kit_composition_missing,UNMAPPED,,,,,,,,0,,,,,kit_bridge_not_promotable,False,False
tiktok,2026-09-25,barbours,1735813242211894692,,Kit001,kit_suspected,sku_prefix,True,in_scope,,kit_composition_missing,UNMAPPED,,,,,,,,0,,,,,kit_bridge_not_promotable,False,False
tiktok,2026-09-25,barbours,1733480286688216484,,Kit115,kit_suspected,sku_prefix,True,in_scope,,kit_composition_missing,UNMAPPED,,,,,,,,0,,,,,kit_bridge_not_promotable,False,False
tiktok,2026-09-25,kokeshi,1731600256354977043,,40017,kit_suspected,title,True,in_scope,,kit_composition_missing,UNMAPPED,,,,,,,,0,,,,,kit_bridge_not_promotable,False,False
tiktok,2026-09-25,kokeshi,1735442514914870547,,40107,kit_suspected,title,True,in_scope,,kit_composition_missing,UNMAPPED,,,,,,,,0,,,,,kit_bridge_not_promotable,False,False
tiktok,2026-09-25,kokeshi,1735042077142910227,,40096,kit_suspected,title,True,in_scope,,kit_composition_missing,UNMAPPED,,,,,,,,0,,,,,kit_bridge_not_promotable,False,False
tiktok,2026-09-25,kokeshi,1736353163769971987,,40112,kit_suspected,title,True,in_scope,,kit_composition_missing,UNMAPPED,,,,,,,,0,,,,,kit_bridge_not_promotable,False,False
tiktok,2026-09-25,kokeshi,1735042094409418003,,40097,kit_suspected,title,True,in_scope,,kit_composition_missing,UNMAPPED,,,,,,,,0,,,,,kit_bridge_not_promotable,False,False
tiktok,2026-09-25,kokeshi,1735058102712894739,,40098,kit_suspected,title,True,in_scope,,kit_composition_missing,UNMAPPED,,,,,,,,0,,,,,kit_bridge_not_promotable,False,False
tiktok,2026-09-25,kokeshi,1735058036541064467,,40099,kit_suspected,title,True,in_scope,,kit_composition_missing,UNMAPPED,,,,,,,,0,,,,,kit_bridge_not_promotable,False,False
tiktok,2026-09-25,kokeshi,1734907320185095443,,40093,kit_suspected,title,True,in_scope,,kit_composition_missing,UNMAPPED,,,,,,,,0,,,,,kit_bridge_not_promotable,False,False
tiktok,2026-09-25,kokeshi,1731600337016751379,,40022,kit_suspected,title,True,in_scope,,kit_composition_missing,UNMAPPED,,,,,,,,0,,,,,kit_bridge_not_promotable,False,False
tiktok,2026-09-25,kokeshi,1731589216128173331,,40019,kit_suspected,internal_catalog,True,in_scope,,kit_composition_missing,EXACT_DIRECT,brand_code_exact,KKS00015,kokeshi,2,2.0,KS03015|KS03016,1.0|1.0,2,component_brand_gtin_exact|component_brand_sku_exact_unique,55.80,0.05,53.01,,True,False
tiktok,2026-09-25,kokeshi,1736896768734496019,,40092,kit_suspected,title,True,in_scope,,kit_composition_missing,UNMAPPED,,,,,,,,0,,,,,kit_bridge_not_promotable,False,False
tiktok,2026-09-25,kokeshi,1735868212848592147,,40053,kit_suspected,title,True,in_scope,,kit_composition_missing,UNMAPPED,,,,,,,,0,,,,,kit_bridge_not_promotable,False,False
tiktok,2026-09-25,kokeshi,1736050674609849619,,40106,kit_suspected,title,True,in_scope,,kit_composition_missing,UNMAPPED,,,,,,,,0,,,,,kit_bridge_not_promotable,False,False
tiktok,2026-09-25,kokeshi,1736333102599603475,,40109,kit_suspected,title,True,in_scope,,kit_composition_missing,UNMAPPED,,,,,,,,0,,,,,kit_bridge_not_promotable,False,False
tiktok,2026-09-25,kokeshi,1736368492313806099,,40115,kit_suspected,title,True,in_scope,,kit_composition_missing,UNMAPPED,,,,,,,,0,,,,,kit_bridge_not_promotable,False,False
tiktok,2026-09-25,kokeshi,1736368320839714067,,40113,kit_suspected,title,True,in_scope,,kit_composition_missing,UNMAPPED,,,,,,,,0,,,,,kit_bridge_not_promotable,False,False
tiktok,2026-09-25,kokeshi,1736353033729312019,,40114,kit_suspected,title,True,in_scope,,kit_composition_missing,UNMAPPED,,,,,,,,0,,,,,kit_bridge_not_promotable,False,False
tiktok,2026-09-25,kokeshi,1731600318982685971,,40021,kit_suspected,title,True,in_scope,,kit_composition_missing,UNMAPPED,,,,,,,,0,,,,,kit_bridge_not_promotable,False,False
tiktok,2026-09-25,kokeshi,1735442439856096531,,40105,kit_suspected,title,True,in_scope,,kit_composition_missing,UNMAPPED,,,,,,,,0,,,,,kit_bridge_not_promotable,False,False
tiktok,2026-09-25,kokeshi,1731600119669425427,,40012,kit_suspected,internal_catalog,True,in_scope,,kit_composition_missing,EXACT_DIRECT,brand_code_exact,KKS00010,kokeshi,2,2.0,KS03015|KS03020,1.0|1.0,2,component_brand_gtin_exact|component_brand_sku_exact_unique,79.80,0.05,75.81,,True,False
tiktok,2026-09-25,kokeshi,1735442418798986515,,40104,kit_suspected,title,True,in_scope,,kit_composition_missing,UNMAPPED,,,,,,,,0,,,,,kit_bridge_not_promotable,False,False
tiktok,2026-09-25,kokeshi,1731781700585620755,,40054,kit_suspected,title,True,in_scope,,kit_composition_missing,UNMAPPED,,,,,,,,0,,,,,kit_bridge_not_promotable,False,False
tiktok,2026-09-25,kokeshi,1731600161094731027,,40014,kit_suspected,title,True,in_scope,,kit_composition_missing,UNMAPPED,,,,,,,,0,,,,,kit_bridge_not_promotable,False,False
tiktok,2026-09-25,kokeshi,1731600293202199827,,40018,kit_suspected,internal_catalog,True,in_scope,,kit_composition_missing,EXACT_DIRECT,brand_code_exact,KKS00017,kokeshi,2,2.0,KS03019|KS03020,1.0|1.0,2,component_brand_sku_exact_unique|component_brand_sku_exact_unique,92.80,0.05,88.16,,True,False
tiktok,2026-09-25,kokeshi,1735351739770701075,,40103,kit_suspected,title,True,in_scope,,kit_composition_missing,UNMAPPED,,,,,,,,0,,,,,kit_bridge_not_promotable,False,False
tiktok,2026-09-25,rituaria,1736656607986222136,,MLBRAINPREB,kit_suspected,title,True,in_scope,,kit_composition_missing,UNMAPPED,,,,,,,,0,,,,,kit_bridge_not_promotable,False,False
tiktok,2026-09-25,rituaria,1736656198515328056,,MLBRAINPREB4MAG,kit_suspected,title,True,in_scope,,kit_composition_missing,UNMAPPED,,,,,,,,0,,,,,kit_bridge_not_promotable,False,False
tiktok,2026-09-25,apice,1736195046583862356,,KIT073,kit_suspected,sku_prefix,True,in_scope,,kit_composition_missing,UNMAPPED,,,,,,,,0,,,,,kit_bridge_not_promotable,False,False
tiktok,2026-09-25,apice,1735116033206420564,,VKN35231,kit_suspected,title,True,in_scope,,kit_composition_missing,UNMAPPED,,,,,,,,0,,,,,kit_bridge_not_promotable,False,False
tiktok,2026-09-25,barbours,1735404431968798116,,Kit141,kit_suspected,sku_prefix,True,in_scope,,kit_composition_missing,UNMAPPED,,,,,,,,0,,,,,kit_bridge_not_promotable,False,False
tiktok,2026-09-25,apice,1736862899267798100,,KIT069,kit_suspected,sku_prefix,True,in_scope,,kit_composition_missing,UNMAPPED,,,,,,,,0,,,,,kit_bridge_not_promotable,False,False
tiktok,2026-09-25,barbours,1732635960340219300,,Kit102,kit_suspected,sku_prefix,True,in_scope,,kit_composition_missing,UNMAPPED,,,,,,,,0,,,,,kit_bridge_not_promotable,False,False
tiktok,2026-09-25,barbours,1731980385874249124,,Kit010,kit_suspected,sku_prefix,True,in_scope,,kit_composition_missing,UNMAPPED,,,,,,,,0,,,,,kit_bridge_not_promotable,False,False
tiktok,2026-09-25,barbours,1735404297264727460,,Kit139,kit_suspected,sku_prefix,True,in_scope,,kit_composition_missing,UNMAPPED,,,,,,,,0,,,,,kit_bridge_not_promotable,False,False
tiktok,2026-09-25,barbours,1731981776741631396,,Kit049,kit_suspected,sku_prefix,True,in_scope,,kit_composition_missing,UNMAPPED,,,,,,,,0,,,,,kit_bridge_not_promotable,False,False
tiktok,2026-09-25,barbours,1736530891817780644,,KIT148,kit_suspected,sku_prefix,True,in_scope,,kit_composition_missing,UNMAPPED,,,,,,,,0,,,,,kit_bridge_not_promotable,False,False
tiktok,2026-09-25,barbours,1732006500138517924,,Kit058,kit_suspected,sku_prefix,True,in_scope,,kit_composition_missing,UNMAPPED,,,,,,,,0,,,,,kit_bridge_not_promotable,False,False
tiktok,2026-09-25,barbours,1733512508575679908,,Kit116,kit_suspected,sku_prefix,True,in_scope,,kit_composition_missing,UNMAPPED,,,,,,,,0,,,,,kit_bridge_not_promotable,False,False
tiktok,2026-09-25,barbours,1731981731389670820,,Kit050,kit_suspected,sku_prefix,True,in_scope,,kit_composition_missing,UNMAPPED,,,,,,,,0,,,,,kit_bridge_not_promotable,False,False
tiktok,2026-09-25,barbours,1731980347510326692,,Kit005,kit_suspected,sku_prefix,True,in_scope,,kit_composition_missing,UNMAPPED,,,,,,,,0,,,,,kit_bridge_not_promotable,False,False
tiktok,2026-09-25,barbours,1736900034247361956,,KIT156,kit_suspected,sku_prefix,True,in_scope,,kit_composition_missing,UNMAPPED,,,,,,,,0,,,,,kit_bridge_not_promotable,False,False
tiktok,2026-09-25,barbours,1732944628799145380,,Kit112,kit_suspected,sku_prefix,True,in_scope,,kit_composition_missing,UNMAPPED,,,,,,,,0,,,,,kit_bridge_not_promotable,False,False
tiktok,2026-09-25,barbours,1731981631267505572,,Kit040,kit_suspected,sku_prefix,True,in_scope,,kit_composition_missing,UNMAPPED,,,,,,,,0,,,,,kit_bridge_not_promotable,False,False
tiktok,2026-09-25,barbours,1731952942949696932,,Kit002,kit_suspected,sku_prefix,True,in_scope,,kit_composition_missing,UNMAPPED,,,,,,,,0,,,,,kit_bridge_not_promotable,False,False
tiktok,2026-09-25,barbours,1736899622603883940,,KIT154,kit_suspected,sku_prefix,True,in_scope,,kit_composition_missing,UNMAPPED,,,,,,,,0,,,,,kit_bridge_not_promotable,False,False
tiktok,2026-09-25,barbours,1736530908286387620,,KIT149,kit_suspected,sku_prefix,True,in_scope,,kit_composition_missing,UNMAPPED,,,,,,,,0,,,,,kit_bridge_not_promotable,False,False
tiktok,2026-09-25,barbours,1734923937018906020,,Kit133,kit_suspected,sku_prefix,True,in_scope,,kit_composition_missing,UNMAPPED,,,,,,,,0,,,,,kit_bridge_not_promotable,False,False
tiktok,2026-09-25,barbours,1736879637691205028,,KIT153,kit_suspected,sku_prefix,True,in_scope,,kit_composition_missing,UNMAPPED,,,,,,,,0,,,,,kit_bridge_not_promotable,False,False
tiktok,2026-09-25,barbours,1737023992738973092,,Kit140,kit_suspected,sku_prefix,True,in_scope,,kit_composition_missing,UNMAPPED,,,,,,,,0,,,,,kit_bridge_not_promotable,False,False
tiktok,2026-09-25,barbours,1736376374936241572,,BB02090,kit_suspected,title,True,in_scope,,kit_composition_missing,UNMAPPED,,,,,,,,0,,,,,kit_bridge_not_promotable,False,False
tiktok,2026-09-25,barbours,1732944049058186660,,Kit108,kit_suspected,sku_prefix,True,in_scope,,kit_composition_missing,UNMAPPED,,,,,,,,0,,,,,kit_bridge_not_promotable,False,False
tiktok,2026-09-25,barbours,1736911443230360996,,KIT158,kit_suspected,sku_prefix,True,in_scope,,kit_composition_missing,UNMAPPED,,,,,,,,0,,,,,kit_bridge_not_promotable,False,False
tiktok,2026-09-25,barbours,1736912140400362916,,KIT161,kit_suspected,sku_prefix,True,in_scope,,kit_composition_missing,UNMAPPED,,,,,,,,0,,,,,kit_bridge_not_promotable,False,False
tiktok,2026-09-25,barbours,1736911456725206436,,KIT159,kit_suspected,sku_prefix,True,in_scope,,kit_composition_missing,UNMAPPED,,,,,,,,0,,,,,kit_bridge_not_promotable,False,False
tiktok,2026-09-25,barbours,1737523522059404708,,Kit135,kit_suspected,sku_prefix,True,in_scope,,kit_composition_missing,UNMAPPED,,,,,,,,0,,,,,kit_bridge_not_promotable,False,False
tiktok,2026-09-25,barbours,1736548110314603940,,KIT152,kit_suspected,sku_prefix,True,in_scope,,kit_composition_missing,UNMAPPED,,,,,,,,0,,,,,kit_bridge_not_promotable,False,False
tiktok,2026-09-25,barbours,1737327204970104228,,KIT165,kit_suspected,sku_prefix,True,in_scope,,kit_composition_missing,UNMAPPED,,,,,,,,0,,,,,kit_bridge_not_promotable,False,False
tiktok,2026-09-25,barbours,1734829496461985188,,Kit131,kit_suspected,sku_prefix,True,in_scope,,kit_composition_missing,UNMAPPED,,,,,,,,0,,,,,kit_bridge_not_promotable,False,False
tiktok,2026-09-25,barbours,1736373614878950820,,KIT147,kit_suspected,sku_prefix,True,in_scope,,kit_composition_missing,UNMAPPED,,,,,,,,0,,,,,kit_bridge_not_promotable,False,False
tiktok,2026-09-25,barbours,1736912262370788772,,KIT163,kit_suspected,sku_prefix,True,in_scope,,kit_composition_missing,UNMAPPED,,,,,,,,0,,,,,kit_bridge_not_promotable,False,False
tiktok,2026-09-25,barbours,1737558509450266020,,KIT143,kit_suspected,sku_prefix,True,in_scope,,kit_composition_missing,UNMAPPED,,,,,,,,0,,,,,kit_bridge_not_promotable,False,False
tiktok,2026-09-25,barbours,1737252059530757540,,KIT151,kit_suspected,sku_prefix,True,in_scope,,kit_composition_missing,UNMAPPED,,,,,,,,0,,,,,kit_bridge_not_promotable,False,False
tiktok,2026-09-25,barbours,1736880261198874020,,KIT155,kit_suspected,sku_prefix,True,in_scope,,kit_composition_missing,UNMAPPED,,,,,,,,0,,,,,kit_bridge_not_promotable,False,False
tiktok,2026-09-25,barbours,1736912170329015716,,KIT162,kit_suspected,sku_prefix,True,in_scope,,kit_composition_missing,UNMAPPED,,,,,,,,0,,,,,kit_bridge_not_promotable,False,False
tiktok,2026-09-25,barbours,1734449136740828580,,Kit109,kit_suspected,sku_prefix,True,in_scope,,kit_composition_missing,UNMAPPED,,,,,,,,0,,,,,kit_bridge_not_promotable,False,False
tiktok,2026-09-25,barbours,1736912132722492836,,KIT160,kit_suspected,sku_prefix,True,in_scope,,kit_composition_missing,UNMAPPED,,,,,,,,0,,,,,kit_bridge_not_promotable,False,False
tiktok,2026-09-25,barbours,1734923911425394084,,Kit132,kit_suspected,sku_prefix,True,in_scope,,kit_composition_missing,UNMAPPED,,,,,,,,0,,,,,kit_bridge_not_promotable,False,False
tiktok,2026-09-25,apice,1736212351594300500,,KIT087,kit_suspected,sku_prefix,True,in_scope,,kit_composition_missing,UNMAPPED,,,,,,,,0,,,,,kit_bridge_not_promotable,False,False
tiktok,2026-09-25,barbours,1734812666654983588,,Kit129,kit_suspected,sku_prefix,True,in_scope,,kit_composition_missing,UNMAPPED,,,,,,,,0,,,,,kit_bridge_not_promotable,False,False
tiktok,2026-09-25,barbours,1734637538241119652,,Kit126,kit_suspected,sku_prefix,True,in_scope,,kit_composition_missing,UNMAPPED,,,,,,,,0,,,,,kit_bridge_not_promotable,False,False
tiktok,2026-09-25,barbours,1735404156148155812,,Kit134,kit_suspected,sku_prefix,True,in_scope,,kit_composition_missing,UNMAPPED,,,,,,,,0,,,,,kit_bridge_not_promotable,False,False
tiktok,2026-09-25,barbours,1734443594262414756,,Kit123,kit_suspected,sku_prefix,True,in_scope,,kit_composition_missing,UNMAPPED,,,,,,,,0,,,,,kit_bridge_not_promotable,False,False
tiktok,2026-09-25,barbours,1733788128229688740,,Kit117,kit_suspected,sku_prefix,True,in_scope,,kit_composition_missing,UNMAPPED,,,,,,,,0,,,,,kit_bridge_not_promotable,False,False
tiktok,2026-09-25,barbours,1732944459789600164,,Kit110,kit_suspected,sku_prefix,True,in_scope,,kit_composition_missing,UNMAPPED,,,,,,,,0,,,,,kit_bridge_not_promotable,False,False
tiktok,2026-09-25,barbours,1734542535752189348,,Kit124,kit_suspected,sku_prefix,True,in_scope,,kit_composition_missing,UNMAPPED,,,,,,,,0,,,,,kit_bridge_not_promotable,False,False
tiktok,2026-09-25,barbours,1736911353965741476,,KIT157,kit_suspected,sku_prefix,True,in_scope,,kit_composition_missing,UNMAPPED,,,,,,,,0,,,,,kit_bridge_not_promotable,False,False
tiktok,2026-09-25,barbours,1737135520401425828,,Kit130,kit_suspected,sku_prefix,True,in_scope,,kit_composition_missing,UNMAPPED,,,,,,,,0,,,,,kit_bridge_not_promotable,False,False
tiktok,2026-09-25,barbours,1732635901810476452,,Kit103,kit_suspected,sku_prefix,True,in_scope,,kit_composition_missing,UNMAPPED,,,,,,,,0,,,,,kit_bridge_not_promotable,False,False
tiktok,2026-09-25,barbours,1734542805680686500,,Kit125,kit_suspected,sku_prefix,True,in_scope,,kit_composition_missing,UNMAPPED,,,,,,,,0,,,,,kit_bridge_not_promotable,False,False
tiktok,2026-09-25,barbours,1735404282746078628,,Kit138,kit_suspected,sku_prefix,True,in_scope,,kit_composition_missing,UNMAPPED,,,,,,,,0,,,,,kit_bridge_not_promotable,False,False
tiktok,2026-09-25,barbours,1731981411172582820,,Kit025,kit_suspected,sku_prefix,True,in_scope,,kit_composition_missing,UNMAPPED,,,,,,,,0,,,,,kit_bridge_not_promotable,False,False
tiktok,2026-09-25,barbours,1737432475493041572,,Kit113,kit_suspected,sku_prefix,True,in_scope,,kit_composition_missing,UNMAPPED,,,,,,,,0,,,,,kit_bridge_not_promotable,False,False
tiktok,2026-09-25,barbours,1737224202505782692,,KIT146,kit_suspected,sku_prefix,True,in_scope,,kit_composition_missing,UNMAPPED,,,,,,,,0,,,,,kit_bridge_not_promotable,False,False
tiktok,2026-09-25,barbours,1731981777798071716,,Kit056,kit_suspected,sku_prefix,True,in_scope,,kit_composition_missing,UNMAPPED,,,,,,,,0,,,,,kit_bridge_not_promotable,False,False
tiktok,2026-09-25,barbours,1736548030610376100,,KIT150,kit_suspected,sku_prefix,True,in_scope,,kit_composition_missing,UNMAPPED,,,,,,,,0,,,,,kit_bridge_not_promotable,False,False
tiktok,2026-09-25,barbours,1736912347906409892,,KIT164,kit_suspected,sku_prefix,True,in_scope,,kit_composition_missing,UNMAPPED,,,,,,,,0,,,,,kit_bridge_not_promotable,False,False
tiktok,2026-09-25,barbours,1732944608433767844,,Kit107,kit_suspected,sku_prefix,True,in_scope,,kit_composition_missing,UNMAPPED,,,,,,,,0,,,,,kit_bridge_not_promotable,False,False
tiktok,2026-09-25,rituaria,1731961851357529144,,MLANTIOXNFABU,kit_suspected,title,True,in_scope,,kit_composition_missing,UNMAPPED,,,,,,,,0,,,,,kit_bridge_not_promotable,False,False
tiktok,2026-09-25,rituaria,1733481784351360056,,MLIPECIRCU,kit_suspected,title,True,in_scope,,kit_composition_missing,UNMAPPED,,,,,,,,0,,,,,kit_bridge_not_promotable,False,False
tiktok,2026-09-25,apice,1732308740498949204,,KIT001,kit_suspected,sku_prefix,True,in_scope,,kit_composition_missing,UNMAPPED,,,,,,,,0,,,,,kit_bridge_not_promotable,False,False
tiktok,2026-09-25,apice,1732308781665846356,,KIT009,kit_suspected,sku_prefix,True,in_scope,,kit_composition_missing,UNMAPPED,,,,,,,,0,,,,,kit_bridge_not_promotable,False,False
tiktok,2026-09-25,apice,1732308627614434388,,KIT005,kit_suspected,sku_prefix,True,in_scope,,kit_composition_missing,UNMAPPED,,,,,,,,0,,,,,kit_bridge_not_promotable,False,False
tiktok,2026-09-25,apice,1732308779873174612,,KIT007,kit_suspected,sku_prefix,True,in_scope,,kit_composition_missing,UNMAPPED,,,,,,,,0,,,,,kit_bridge_not_promotable,False,False
